$MeshFormat
4.1 0 8
$EndMeshFormat
$PhysicalNames
20
0 1001 "e1"
0 1002 "e2"
0 1003 "e3"
0 1004 "e4"
0 1005 "e5"
0 1006 "e6"
0 1007 "e7"
0 1008 "e8"
0 1009 "e9"
0 1010 "e10"
0 1011 "e11"
0 1012 "e12"
0 1013 "e13"
0 1014 "e14"
0 1015 "e15"
0 1016 "e16"
2 201 "Skin"
2 202 "Fat"
2 203 "Muscle"
2 204 "Bone"
$EndPhysicalNames
$Entities
65 64 4 0
1 0.06624136559806978 0.02743807202083507 0 1 1001 
2 0.05069894630324025 0.05069894630324024 0 1 1002 
3 0.02743807202083508 0.06624136559806978 0 1 1003 
4 4.390305959604897e-18 0.07169913746006765 0 1 1004 
5 -0.02743807202083507 0.06624136559806978 0 1 1005 
6 -0.05069894630324024 0.05069894630324025 0 1 1006 
7 -0.06624136559806978 0.02743807202083508 0 1 1007 
8 -0.07169913746006765 8.780611919209793e-18 0 1 1008 
9 -0.0662413655980698 -0.02743807202083506 0 1 1009 
10 -0.05069894630324026 -0.05069894630324024 0 1 1010 
11 -0.02743807202083511 -0.06624136559806977 0 1 1011 
12 -1.317091787881469e-17 -0.07169913746006765 0 1 1012 
13 0.02743807202083509 -0.06624136559806977 0 1 1013 
14 0.05069894630324023 -0.05069894630324026 0 1 1014 
15 0.06624136559806977 -0.02743807202083512 0 1 1015 
16 0.07169913746006765 -1.756122383841959e-17 0 1 1016 
17 0.0637566045455112 0.02640885029360886 0 0 
18 0.04879719252683982 0.04879719252683982 0 0 
19 0.02640885029360886 0.0637566045455112 0 0 
20 4.22562243959063e-18 0.06900965147718792 0 0 
21 -0.02640885029360886 0.0637566045455112 0 0 
22 -0.04879719252683982 0.04879719252683982 0 0 
23 -0.0637566045455112 0.02640885029360887 0 0 
24 -0.06900965147718792 8.451244879181261e-18 0 0 
25 -0.06375660454551121 -0.02640885029360885 0 0 
26 -0.04879719252683983 -0.04879719252683982 0 0 
27 -0.0264088502936089 -0.06375660454551119 0 0 
28 -1.267686731877189e-17 -0.06900965147718792 0 0 
29 0.02640885029360888 -0.0637566045455112 0 0 
30 0.04879719252683981 -0.04879719252683983 0 0 
31 0.06375660454551119 -0.0264088502936089 0 0 
32 0.06900965147718792 -1.690248975836252e-17 0 0 
33 0.05779221132036878 0.02393831772842867 0 0 
34 0.04423224358409465 0.04423224358409464 0 0 
35 0.02393831772842867 0.05779221132036878 0 0 
36 3.83031792125303e-18 0.06255383877081697 0 0 
37 -0.02393831772842866 0.05779221132036878 0 0 
38 -0.04423224358409464 0.04423224358409465 0 0 
39 -0.05779221132036878 0.02393831772842867 0 0 
40 -0.06255383877081697 7.66063584250606e-18 0 0 
41 -0.05779221132036879 -0.02393831772842866 0 0 
42 -0.04423224358409465 -0.04423224358409464 0 0 
43 -0.0239383177284287 -0.05779221132036877 0 0 
44 -1.149095376375909e-17 -0.06255383877081697 0 0 
45 0.02393831772842868 -0.05779221132036878 0 0 
46 0.04423224358409463 -0.04423224358409465 0 0 
47 0.05779221132036877 -0.0239383177284287 0 0 
48 0.06255383877081697 -1.532127168501212e-17 0 0 
49 0.007970169250653126 0.003301352198029533 0 0 
50 0.006100103450741268 0.006100103450741267 0 0 
51 0.003301352198029533 0.007970169250653126 0 0 
52 5.282421526832432e-19 0.008626849031917218 0 0 
53 -0.003301352198029532 0.007970169250653126 0 0 
54 -0.006100103450741267 0.006100103450741268 0 0 
55 -0.007970169250653126 0.003301352198029534 0 0 
56 -0.008626849031917218 1.056484305366486e-18 0 0 
57 -0.007970169250653126 -0.003301352198029532 0 0 
58 -0.006100103450741269 -0.006100103450741267 0 0 
59 -0.003301352198029538 -0.007970169250653124 0 0 
60 -1.584726458049729e-18 -0.008626849031917218 0 0 
61 0.003301352198029535 -0.007970169250653124 0 0 
62 0.006100103450741266 -0.006100103450741269 0 0 
63 0.007970169250653124 -0.003301352198029538 0 0 
64 0.008626849031917218 -2.112968610732973e-18 0 0 
1000 0 0 0 0 
1 0.05069894630324025 0.02743807202083507 0 0.06624136559806978 0.05069894630324025 0 0 2 1 -2 
2 0.02743807202083508 0.05069894630324025 0 0.05069894630324026 0.06624136559806978 0 0 2 2 -3 
3 3.469446951953614e-18 0.06624136559806978 0 0.02743807202083508 0.07169913746006765 0 0 2 3 -4 
4 -0.02743807202083507 0.06624136559806978 0 5.204170427930421e-18 0.07169913746006765 0 0 2 4 -5 
5 -0.05069894630324025 0.05069894630324025 0 -0.02743807202083506 0.06624136559806978 0 0 2 5 -6 
6 -0.06624136559806978 0.02743807202083508 0 -0.05069894630324025 0.05069894630324026 0 0 2 6 -7 
7 -0.07169913746006765 6.938893903907228e-18 0 -0.06624136559806978 0.02743807202083508 0 0 2 7 -8 
8 -0.07169913746006765 -0.02743807202083506 0 -0.06624136559806978 8.673617379884035e-18 0 0 2 8 -9 
9 -0.06624136559806978 -0.05069894630324025 0 -0.05069894630324025 -0.02743807202083504 0 0 2 9 -10 
10 -0.05069894630324025 -0.06624136559806977 0 -0.02743807202083511 -0.05069894630324024 0 0 2 10 -11 
11 -0.02743807202083511 -0.07169913746006765 0 -1.040834085586084e-17 -0.06624136559806977 0 0 2 11 -12 
12 -1.387778780781446e-17 -0.07169913746006765 0 0.02743807202083509 -0.06624136559806977 0 0 2 12 -13 
13 0.02743807202083509 -0.06624136559806978 0 0.05069894630324023 -0.05069894630324026 0 0 2 13 -14 
14 0.05069894630324023 -0.05069894630324026 0 0.06624136559806976 -0.02743807202083511 0 0 2 14 -15 
15 0.06624136559806977 -0.02743807202083512 0 0.07169913746006765 -1.387778780781446e-17 0 0 2 15 -16 
16 0.06624136559806977 -1.734723475976807e-17 0 0.07169913746006765 0.02743807202083507 0 0 2 16 -1 
17 0.04879719252683984 0.02640885029360884 0 0.06375660454551119 0.04879719252683978 0 0 2 17 -18 
18 0.02640885029360884 0.0487971925268398 0 0.04879719252683981 0.06375660454551119 0 0 2 18 -19 
19 -3.469446951953614e-18 0.06375660454551119 0 0.02640885029360886 0.06900965147718789 0 0 2 19 -20 
20 -0.02640885029360886 0.0637566045455112 0 3.469446951953614e-18 0.06900965147718792 0 0 2 20 -21 
21 -0.04879719252683982 0.04879719252683984 0 -0.02640885029360886 0.06375660454551121 0 0 2 21 -22 
22 -0.06375660454551119 0.02640885029360885 0 -0.0487971925268398 0.04879719252683981 0 0 2 22 -23 
23 -0.06900965147718789 0 0 -0.06375660454551119 0.02640885029360886 0 0 2 23 -24 
24 -0.06900965147718792 -0.02640885029360885 0 -0.0637566045455112 8.673617379884035e-18 0 0 2 24 -25 
25 -0.06375660454551123 -0.04879719252683983 0 -0.04879719252683984 -0.02640885029360886 0 0 2 25 -26 
26 -0.04879719252683982 -0.06375660454551117 0 -0.02640885029360889 -0.0487971925268398 0 0 2 26 -27 
27 -0.02640885029360889 -0.06900965147718789 0 3.469446951953614e-18 -0.06375660454551117 0 0 2 27 -28 
28 -1.214306433183765e-17 -0.06900965147718792 0 0.02640885029360887 -0.0637566045455112 0 0 2 28 -29 
29 0.02640885029360886 -0.0637566045455112 0 0.04879719252683981 -0.04879719252683985 0 0 2 29 -30 
30 0.04879719252683984 -0.04879719252683985 0 0.0637566045455112 -0.02640885029360891 0 0 2 30 -31 
31 0.06375660454551117 -0.0264088502936089 0 0.06900965147718789 -3.469446951953614e-18 0 0 2 31 -32 
32 0.0637566045455112 -1.734723475976807e-17 0 0.06900965147718792 0.02640885029360886 0 0 2 32 -17 
33 0.04423224358409464 0.02393831772842867 0 0.05779221132036878 0.04423224358409465 0 0 2 33 -34 
34 0.02393831772842867 0.04423224358409465 0 0.04423224358409465 0.05779221132036878 0 0 2 34 -35 
35 3.469446951953614e-18 0.05779221132036878 0 0.02393831772842867 0.06255383877081697 0 0 2 35 -36 
36 -0.02393831772842866 0.05779221132036878 0 3.469446951953614e-18 0.06255383877081697 0 0 2 36 -37 
37 -0.04423224358409464 0.04423224358409465 0 -0.02393831772842866 0.05779221132036878 0 0 2 37 -38 
38 -0.05779221132036878 0.02393831772842869 0 -0.04423224358409465 0.04423224358409465 0 0 2 38 -39 
39 -0.06255383877081697 6.938893903907228e-18 0 -0.05779221132036878 0.02393831772842867 0 0 2 39 -40 
40 -0.06255383877081697 -0.02393831772842866 0 -0.05779221132036878 6.938893903907228e-18 0 0 2 40 -41 
41 -0.05779221132036879 -0.04423224358409464 0 -0.04423224358409465 -0.02393831772842866 0 0 2 41 -42 
42 -0.04423224358409465 -0.05779221132036878 0 -0.02393831772842871 -0.04423224358409464 0 0 2 42 -43 
43 -0.0239383177284287 -0.06255383877081697 0 -1.387778780781446e-17 -0.05779221132036877 0 0 2 43 -44 
44 -1.214306433183765e-17 -0.06255383877081697 0 0.02393831772842868 -0.05779221132036878 0 0 2 44 -45 
45 0.02393831772842868 -0.05779221132036878 0 0.04423224358409464 -0.04423224358409465 0 0 2 45 -46 
46 0.04423224358409463 -0.04423224358409465 0 0.05779221132036877 -0.02393831772842871 0 0 2 46 -47 
47 0.05779221132036877 -0.0239383177284287 0 0.06255383877081697 -1.734723475976807e-17 0 0 2 47 -48 
48 0.05779221132036878 -1.561251128379126e-17 0 0.06255383877081697 0.02393831772842867 0 0 2 48 -33 
49 0.006100103450741267 0.003301352198029531 0 0.007970169250653126 0.00610010345074127 0 0 2 49 -50 
50 0.003301352198029534 0.006100103450741267 0 0.006100103450741268 0.007970169250653126 0 0 2 50 -51 
51 8.673617379884035e-19 0.007970169250653126 0 0.003301352198029533 0.008626849031917218 0 0 2 51 -52 
52 -0.003301352198029532 0.007970169250653126 0 4.336808689942018e-19 0.008626849031917218 0 0 2 52 -53 
53 -0.006100103450741268 0.006100103450741267 0 -0.00330135219802953 0.007970169250653126 0 0 2 53 -54 
54 -0.007970169250653126 0.003301352198029534 0 -0.006100103450741267 0.006100103450741268 0 0 2 54 -55 
55 -0.00862684903191722 1.301042606982605e-18 0 -0.007970169250653128 0.003301352198029534 0 0 2 55 -56 
56 -0.008626849031917218 -0.003301352198029532 0 -0.007970169250653126 1.084202172485504e-18 0 0 2 56 -57 
57 -0.007970169250653126 -0.006100103450741266 0 -0.006100103450741268 -0.003301352198029532 0 0 2 57 -58 
58 -0.006100103450741269 -0.007970169250653124 0 -0.003301352198029538 -0.006100103450741267 0 0 2 58 -59 
59 -0.003301352198029541 -0.008626849031917221 0 -3.469446951953614e-18 -0.007970169250653126 0 0 2 59 -60 
60 -1.517883041479706e-18 -0.008626849031917218 0 0.003301352198029535 -0.007970169250653124 0 0 2 60 -61 
61 0.003301352198029535 -0.007970169250653124 0 0.006100103450741266 -0.006100103450741268 0 0 2 61 -62 
62 0.006100103450741265 -0.006100103450741271 0 0.007970169250653124 -0.00330135219802954 0 0 2 62 -63 
63 0.007970169250653126 -0.003301352198029541 0 0.008626849031917221 -3.903127820947816e-18 0 0 2 63 -64 
64 0.007970169250653124 -2.168404344971009e-18 0 0.008626849031917218 0.003301352198029532 0 0 2 64 -49 
6 -0.07169913746006765 -0.07169913746006765 0 0.07169913746006765 0.07169913746006765 0 1 201 32 1 2 3 4 5 6 7 8 9 10 11 12 13 14 15 16 -32 -31 -30 -29 -28 -27 -26 -25 -24 -23 -22 -21 -20 -19 -18 -17 
7 -0.06900965147718792 -0.06900965147718792 0 0.06900965147718792 0.06900965147718792 0 1 202 32 17 18 19 20 21 22 23 24 25 26 27 28 29 30 31 32 -48 -47 -46 -45 -44 -43 -42 -41 -40 -39 -38 -37 -36 -35 -34 -33 
8 -0.06255383877081697 -0.06255383877081697 0 0.06255383877081697 0.06255383877081697 0 1 203 32 33 34 35 36 37 38 39 40 41 42 43 44 45 46 47 48 -64 -63 -62 -61 -60 -59 -58 -57 -56 -55 -54 -53 -52 -51 -50 -49 
9 -0.008626849031917221 -0.008626849031917221 0 0.008626849031917221 0.008626849031917218 0 1 204 16 49 50 51 52 53 54 55 56 57 58 59 60 61 62 63 64 
$EndEntities
$Nodes
116 1222 1 1223
0 1 0 1
1
0.06624136559806978 0.02743807202083507 0
0 2 0 1
2
0.05069894630324025 0.05069894630324024 0
0 3 0 1
3
0.02743807202083508 0.06624136559806978 0
0 4 0 1
4
4.390305959604897e-18 0.07169913746006765 0
0 5 0 1
5
-0.02743807202083507 0.06624136559806978 0
0 6 0 1
6
-0.05069894630324024 0.05069894630324025 0
0 7 0 1
7
-0.06624136559806978 0.02743807202083508 0
0 8 0 1
8
-0.07169913746006765 8.780611919209793e-18 0
0 9 0 1
9
-0.0662413655980698 -0.02743807202083506 0
0 10 0 1
10
-0.05069894630324026 -0.05069894630324024 0
0 11 0 1
11
-0.02743807202083511 -0.06624136559806977 0
0 12 0 1
12
-1.317091787881469e-17 -0.07169913746006765 0
0 13 0 1
13
0.02743807202083509 -0.06624136559806977 0
0 14 0 1
14
0.05069894630324023 -0.05069894630324026 0
0 15 0 1
15
0.06624136559806977 -0.02743807202083512 0
0 16 0 1
16
0.07169913746006765 -1.756122383841959e-17 0
0 17 0 1
17
0.0637566045455112 0.02640885029360886 0
0 18 0 1
18
0.04879719252683982 0.04879719252683982 0
0 19 0 1
19
0.02640885029360886 0.0637566045455112 0
0 20 0 1
20
4.22562243959063e-18 0.06900965147718792 0
0 21 0 1
21
-0.02640885029360886 0.0637566045455112 0
0 22 0 1
22
-0.04879719252683982 0.04879719252683982 0
0 23 0 1
23
-0.0637566045455112 0.02640885029360887 0
0 24 0 1
24
-0.06900965147718792 8.451244879181261e-18 0
0 25 0 1
25
-0.06375660454551121 -0.02640885029360885 0
0 26 0 1
26
-0.04879719252683983 -0.04879719252683982 0
0 27 0 1
27
-0.0264088502936089 -0.06375660454551119 0
0 28 0 1
28
-1.267686731877189e-17 -0.06900965147718792 0
0 29 0 1
29
0.02640885029360888 -0.0637566045455112 0
0 30 0 1
30
0.04879719252683981 -0.04879719252683983 0
0 31 0 1
31
0.06375660454551119 -0.0264088502936089 0
0 32 0 1
32
0.06900965147718792 -1.690248975836252e-17 0
0 33 0 1
33
0.05779221132036878 0.02393831772842867 0
0 34 0 1
34
0.04423224358409465 0.04423224358409464 0
0 35 0 1
35
0.02393831772842867 0.05779221132036878 0
0 36 0 1
36
3.83031792125303e-18 0.06255383877081697 0
0 37 0 1
37
-0.02393831772842866 0.05779221132036878 0
0 38 0 1
38
-0.04423224358409464 0.04423224358409465 0
0 39 0 1
39
-0.05779221132036878 0.02393831772842867 0
0 40 0 1
40
-0.06255383877081697 7.66063584250606e-18 0
0 41 0 1
41
-0.05779221132036879 -0.02393831772842866 0
0 42 0 1
42
-0.04423224358409465 -0.04423224358409464 0
0 43 0 1
43
-0.0239383177284287 -0.05779221132036877 0
0 44 0 1
44
-1.149095376375909e-17 -0.06255383877081697 0
0 45 0 1
45
0.02393831772842868 -0.05779221132036878 0
0 46 0 1
46
0.04423224358409463 -0.04423224358409465 0
0 47 0 1
47
0.05779221132036877 -0.0239383177284287 0
0 48 0 1
48
0.06255383877081697 -1.532127168501212e-17 0
0 49 0 1
49
0.007970169250653126 0.003301352198029533 0
0 50 0 1
50
0.006100103450741268 0.006100103450741267 0
0 51 0 1
51
0.003301352198029533 0.007970169250653126 0
0 52 0 1
52
5.282421526832432e-19 0.008626849031917218 0
0 53 0 1
53
-0.003301352198029532 0.007970169250653126 0
0 54 0 1
54
-0.006100103450741267 0.006100103450741268 0
0 55 0 1
55
-0.007970169250653126 0.003301352198029534 0
0 56 0 1
56
-0.008626849031917218 1.056484305366486e-18 0
0 57 0 1
57
-0.007970169250653126 -0.003301352198029532 0
0 58 0 1
58
-0.006100103450741269 -0.006100103450741267 0
0 59 0 1
59
-0.003301352198029538 -0.007970169250653124 0
0 60 0 1
60
-1.584726458049729e-18 -0.008626849031917218 0
0 61 0 1
61
0.003301352198029535 -0.007970169250653124 0
0 62 0 1
62
0.006100103450741266 -0.006100103450741269 0
0 63 0 1
63
0.007970169250653124 -0.003301352198029538 0
0 64 0 1
64
0.008626849031917218 -2.112968610732973e-18 0
1 1 0 5
66
67
68
69
70
0.0643050019703999 0.03171171761517406 0
0.06209327445756806 0.03584956875130858 0
0.05961565400374713 0.03983390653982088 0
0.05688275018214606 0.04364766940207962 0
0.05390626569820734 0.04727452623762559 0
1 2 0 5
71
72
73
74
75
0.0472745262165355 0.05390626571670286 0
0.0436476693505438 0.0568827502216909 0
0.03983390647566107 0.05961565404661736 0
0.03584956870490064 0.06209327448436171 0
0.03171171758096417 0.06430500198727038 0
1 3 0 5
76
77
78
79
80
0.02304693239322092 0.06789407352471923 0
0.01855710226771527 0.06925604860186028 0
0.01398780778444013 0.0703214586445932 0
0.009358615380681931 0.07108574140201494 0
0.004689347941498886 0.07154562410379292 0
1 4 0 5
81
82
83
84
85
-0.004689347966508614 0.0715456241021537 0
-0.009358615427198945 0.07108574139589084 0
-0.01398780785331934 0.07032145863089227 0
-0.01855710231600263 0.06925604858892172 0
-0.02304693241883934 0.06789407351602295 0
1 5 0 5
86
87
88
89
90
-0.03171171761354027 0.06430500197120559 0
-0.03584956874602771 0.06209327446061698 0
-0.03983390653092131 0.05961565400969363 0
-0.04364766939565061 0.05688275018707921 0
-0.04727452623472754 0.05390626570074886 0
1 6 0 5
91
92
93
94
95
-0.05390626571670286 0.0472745262165355 0
-0.0568827502216909 0.0436476693505438 0
-0.05961565404661736 0.03983390647566107 0
-0.06209327448436171 0.03584956870490064 0
-0.06430500198727038 0.03171171758096417 0
1 7 0 5
96
97
98
99
100
-0.06789407352527611 0.02304693239158037 0
-0.06925604860186585 0.01855710226769445 0
-0.07032145864474497 0.01398780778367715 0
-0.07108574140202313 0.009358615380619658 0
-0.07154562410386779 0.004689347940356976 0
1 8 0 5
101
102
103
104
105
-0.07154562410223844 -0.004689347965215638 0
-0.07108574139640049 -0.009358615423327887 0
-0.07032145863142364 -0.01398780785064794 0
-0.06925604858977652 -0.01855710231281244 0
-0.06789407351500432 -0.0230469324218401 0
1 9 0 5
106
107
108
109
110
-0.06430500197291177 -0.03171171761008047 0
-0.06209327446090612 -0.03584956874552689 0
-0.05961565401012761 -0.0398339065302718 0
-0.0568827501835991 -0.043647669400186 0
-0.05390626569688359 -0.04727452623913503 0
1 10 0 5
111
112
113
114
115
-0.04727452622343557 -0.05390626571065164 0
-0.0436476693549343 -0.05688275021832195 0
-0.03983390648003896 -0.05961565404369213 0
-0.03584956870894832 -0.06209327448202477 0
-0.03171171759161324 -0.0643050019820188 0
1 11 0 5
116
117
118
119
120
-0.02304693240100093 -0.06789407352207825 0
-0.01855710227079322 -0.06925604860103554 0
-0.01398780776536197 -0.07032145864838807 0
-0.009358615364515436 -0.07108574140414328 0
-0.004689347939813942 -0.07154562410390336 0
1 12 0 5
121
122
123
124
125
0.004689347965933 -0.07154562410219144 0
0.00935861542491591 -0.07108574139619141 0
0.01398780785456934 -0.07032145863064362 0
0.01855710231883361 -0.06925604858816316 0
0.02304693241770447 -0.06789407351640818 0
1 13 0 5
126
127
128
129
130
0.03171171761543267 -0.06430500197027238 0
0.03584956874824954 -0.06209327445933421 0
0.03983390654126072 -0.05961565400278506 0
0.04364766940129926 -0.05688275018274487 0
0.04727452624042193 -0.05390626569575502 0
1 14 0 5
131
132
133
134
135
0.05390626571248432 -0.04727452622134581 0
0.05688275021780561 -0.0436476693556072 0
0.05961565404288695 -0.039833906481244 0
0.06209327447906614 -0.03584956871407281 0
0.06430500198409593 -0.03171171758740124 0
1 15 0 5
136
137
138
139
140
0.06789407352374043 -0.02304693239610435 0
0.06925604860302698 -0.01855710226336107 0
0.07032145864804398 -0.01398780776709188 0
0.07108574140395937 -0.009358615365912308 0
0.0715456241037343 -0.004689347942393351 0
1 16 0 5
141
142
143
144
145
0.07154562410216185 0.004689347966384333 0
0.07108574139629627 0.009358615424119428 0
0.07032145863122896 0.01398780785162667 0
0.06925604858777347 0.01855710232028793 0
0.06789407351499091 0.02304693242187959 0
1 17 0 5
146
147
148
149
150
0.06189287530749785 0.03052218837458193 0
0.05976411127056844 0.03450482576455149 0
0.05737942813825443 0.03833970818263796 0
0.05474903749706128 0.04201041406780371 0
0.05188420308160548 0.04550122490207998 0
1 18 0 5
151
152
153
154
155
0.04550122489115566 0.05188420309118583 0
0.04201041403367697 0.05474903752324763 0
0.0383397081261076 0.05737942817602681 0
0.03450482571245276 0.05976411130064765 0
0.03052218835457102 0.06189287531736613 0
1 19 0 5
156
157
158
159
160
0.022182425459017 0.06534731821397186 0
0.0178610120771932 0.06665820463064769 0
0.0134631150996914 0.06768365038039395 0
0.009007567011757905 0.06841926434515086 0
0.004513447141670537 0.0688618965168858 0
1 20 0 5
161
162
163
164
165
-0.004513447165367452 0.06886189651533264 0
-0.009007567057233785 0.06841926433916387 0
-0.01346311516566727 0.06768365036727056 0
-0.01786101212469815 0.0666582046179188 0
-0.02218242548211775 0.06534731820613021 0
1 21 0 5
166
167
168
169
170
-0.03052218837805587 0.06189287530578474 0
-0.03450482576316435 0.05976411127136935 0
-0.038339708189336 0.057379428133779 0
-0.0420104140741515 0.05474903749219048 0
-0.04550122491353186 0.05188420307156247 0
1 22 0 5
171
172
173
174
175
-0.05188420309082225 0.04550122489157025 0
-0.054749037527724 0.04201041402784327 0
-0.05737942818818104 0.03833970810791752 0
-0.05976411130186007 0.03450482571035279 0
-0.06189287532106763 0.03052218834706514 0
1 23 0 5
176
177
178
179
180
-0.06534731821250389 0.02218242546334143 0
-0.06665820463090144 0.0178610120762462 0
-0.06768365038037576 0.01346311509978292 0
-0.06841926434494244 0.009007567013341045 0
-0.06886189651678717 0.004513447143175177 0
1 24 0 5
181
182
183
184
185
-0.06886189651533067 -0.004513447165397348 0
-0.06841926433935877 -0.009007567055753439 0
-0.06768365036727718 -0.01346311516563396 0
-0.06665820461922614 -0.01786101211981905 0
-0.06534731820460007 -0.02218242548662538 0
1 25 0 5
186
187
188
189
190
-0.06189287530985361 -0.03052218836980498 0
-0.05976411127483219 -0.03450482575716653 0
-0.05737942814330828 -0.03833970817507443 0
-0.05474903749918403 -0.04201041406503736 0
-0.05188420307264021 -0.04550122491230296 0
1 26 0 5
191
192
193
194
195
-0.04550122489408727 -0.05188420308861488 0
-0.04201041403182536 -0.05474903752466845 0
-0.03833970811967424 -0.05737942818032546 0
-0.03450482571205128 -0.05976411130087946 0
-0.03052218835358177 -0.06189287531785399 0
1 27 0 5
196
197
198
199
200
-0.0221824254605085 -0.06534731821346555 0
-0.0178610120762985 -0.06665820463088742 0
-0.01346311509606274 -0.06768365038111573 0
-0.009007567005387566 -0.06841926434598954 0
-0.004513447136649095 -0.06886189651721492 0
1 28 0 5
201
202
203
204
205
0.004513447167522723 -0.06886189651519137 0
0.00900756705921912 -0.0684192643389025 0
0.01346311516623829 -0.06768365036715698 0
0.01786101212822849 -0.06665820461697285 0
0.02218242548010363 -0.06534731820681391 0
1 29 0 5
206
207
208
209
210
0.03052218837269125 -0.06189287530843025 0
0.03450482574631333 -0.05976411128109826 0
0.03833970816778467 -0.05737942814817912 0
0.04201041406099825 -0.05474903750228332 0
0.04550122490398412 -0.0518842030799356 0
1 30 0 5
211
212
213
214
215
0.05188420309219398 -0.04550122489000618 0
0.05474903752751037 -0.04201041402812178 0
0.05737942818326137 -0.0383397081152804 0
0.05976411130077586 -0.0345048257122308 0
0.0618928753166831 -0.03052218835595618 0
1 31 0 5
216
217
218
219
220
0.06534731821331846 -0.02218242546094184 0
0.06665820463011958 -0.01786101207916412 0
0.06768365038040904 -0.01346311509961558 0
0.06841926434579257 -0.009007567006883634 0
0.06886189651698654 -0.004513447140133447 0
1 32 0 5
221
222
223
224
225
0.06886189651532265 0.004513447165519902 0
0.06841926433951881 0.009007567054537773 0
0.06768365036846524 0.01346311515966121 0
0.0666582046181691 0.01786101212376396 0
0.06534731820615067 0.02218242548205747 0
1 33 0 4
226
227
228
229
0.05573587845019323 0.02839884853916879 0
0.05333591535706061 0.03268429099720278 0
0.05060711861570501 0.03676822392204072 0
0.0475663121689841 0.04062546850939838 0
1 34 0 4
230
231
232
233
0.04062546849284601 0.04756631218312118 0
0.03676822387449274 0.05060711865025065 0
0.03268429094911762 0.05333591538652724 0
0.02839884851454169 0.05573587846274138 0
1 35 0 4
234
235
236
237
0.01933019922776789 0.05949223598739726 0
0.01460290362380435 0.06082547123302249 0
0.009785576279275131 0.06178369721737161 0
0.00490791761765649 0.06236100616269482 0
1 36 0 4
238
239
240
241
-0.00490791763830691 0.0623610061610696 0
-0.009785576333230133 0.06178369720882597 0
-0.01460290367724889 0.06082547122019159 0
-0.01933019924844934 0.05949223598067745 0
1 37 0 4
242
243
244
245
-0.02839884854632985 0.05573587844654448 0
-0.03268429100888259 0.0533359153499032 0
-0.03676822392928695 0.05060711861044031 0
-0.04062546851461026 0.04756631216453273 0
1 38 0 4
246
247
248
249
-0.04756631218532113 0.04062546849027018 0
-0.050607118647491 0.03676822387829107 0
-0.05333591538438836 0.03268429095260795 0
-0.055735878462121 0.02839884851575923 0
1 39 0 4
250
251
252
253
-0.05949223598649604 0.01933019923054156 0
-0.06082547123237854 0.01460290362648658 0
-0.06178369721717283 0.009785576280530141 0
-0.06236100616268247 0.004907917617813441 0
1 40 0 4
254
255
256
257
-0.0623610061610696 -0.004907917638306906 0
-0.06178369720882597 -0.00978557633323013 0
-0.06082547122019159 -0.01460290367724889 0
-0.05949223598067745 -0.01933019924844933 0
1 41 0 4
258
259
260
261
-0.05573587844832641 -0.02839884854283265 0
-0.05333591534887386 -0.03268429101056234 0
-0.05060711861432955 -0.03676822392393388 0
-0.04756631216913306 -0.04062546850922397 0
1 42 0 4
262
263
264
265
-0.04062546850047639 -0.04756631217660419 0
-0.03676822388937245 -0.0506071186394399 0
-0.03268429096269498 -0.05333591537820702 0
-0.0283988485198382 -0.05573587846004267 0
1 43 0 4
266
267
268
269
-0.01933019923531457 -0.05949223598494519 0
-0.01460290363181778 -0.06082547123109863 0
-0.009785576286943203 -0.0617836972161571 0
-0.004907917615492252 -0.06236100616286515 0
1 44 0 4
270
271
272
273
0.004907917633596091 -0.06236100616144034 0
0.009785576327700114 -0.06178369720970184 0
0.0146029036742915 -0.06082547122090159 0
0.01933019925200132 -0.05949223597952334 0
1 45 0 4
274
275
276
277
0.02839884853312016 -0.05573587845327516 0
0.03268429098552141 -0.05333591536421896 0
0.03676822391605584 -0.05060711862005328 0
0.04062546850723631 -0.04756631217083068 0
1 46 0 4
278
279
280
281
0.04756631217495644 -0.04062546850240566 0
0.050607118639276 -0.03676822388959803 0
0.05333591537604312 -0.03268429096622611 0
0.05573587845896651 -0.02839884852195025 0
1 47 0 4
282
283
284
285
0.05949223598446952 -0.01933019923677855 0
0.06082547123190834 -0.01460290362844509 0
0.06178369721667457 -0.009785576283676033 0
0.06236100616296133 -0.004907917614270157 0
1 48 0 4
286
287
288
289
0.06236100616132173 0.004907917635103226 0
0.06178369720985188 0.00978557632675282 0
0.06082547122173518 0.01460290367081934 0
0.05949223598111314 0.01933019924710842 0
2 6 0 96
290
291
292
293
294
295
296
297
298
299
300
301
302
303
304
305
306
307
308
309
310
311
312
313
314
315
316
317
318
319
320
321
322
323
324
325
326
327
328
329
330
331
332
333
334
335
336
337
338
339
340
341
342
343
344
345
346
347
348
349
350
351
352
353
354
355
356
357
358
359
360
361
362
363
364
365
366
367
368
369
370
371
372
373
374
375
376
377
378
379
380
381
382
383
384
385
0.04806797248444281 0.05132165190949219 0
-0.02902020707651002 0.06404896185514282 0
-0.05132165190940129 0.04806797248454645 0
-0.0159672593021291 -0.06847984056535668 0
0.02476907004167046 0.06580984047056801 0
-0.04460845862607063 -0.05435556413556423 0
0.002300698783363924 -0.0702790773886596 0
-0.06937752868361502 -0.01145427637384081 0
0.006892244404397688 -0.06997813158811918 0
0.01145427637623566 -0.06937752868322362 0
0.06404896185536968 0.02902020707604998 0
0.07027907738868501 0.00230069878297605 0
0.05132165190868959 -0.04806797248535802 0
-0.002300698782969014 0.07027907738868547 0
-0.07027907738870616 -0.002300698782653242 0
0.05435556413749856 -0.04460845862377023 0
0.06580984047015996 -0.02476907004287256 0
-0.006892244404077198 0.06997813158813526 0
-0.06997813158833209 -0.006892244402423578 0
0.02902020707564197 -0.06404896185557089 0
0.06201381575150856 0.03314707512640401 0
-0.02041186805215029 -0.06728891124186669 0
0.05971311696753452 0.03713200230957973 0
-0.06580984047034025 0.02476907004234144 0
-0.01145427637585484 0.06937752868330438 0
-0.04806797248690073 -0.05132165190733664 0
-0.05435556413923499 0.0446084586216232 0
0.06728891124255136 -0.02041186804989284 0
0.06997813158832489 0.006892244402640359 0
-0.05715671749605333 0.04095792449049141 0
-0.04095792449661821 -0.057156717491752 0
-0.06201381575462592 -0.03314707512064471 0
0.0204118680492866 0.06728891124279976 0
-0.05971311697229355 -0.03713200230200991 0
-0.02476907004398836 -0.06580984046978119 0
-0.06404896185658659 -0.02902020707358234 0
0.06937752868387731 0.01145427637248627 0
-0.06728891124263682 0.02041186804971561 0
0.01596725930726 0.06847984056437377 0
-0.06847984056447201 0.01596725930685018 0
0.05715671749286608 -0.04095792449506334 0
0.06847984056539988 -0.01596725930230816 0
-0.03314707512519705 0.06201381575224416 0
0.04460845862297799 0.0543555641382068 0
-0.03713200230736234 0.05971311696886474 0
0.03713200230090207 -0.05971311697284917 0
0.04095792449649736 0.05715671749189568 0
0.03713200225478051 0.05971311700191339 0
-0.05715671745905475 -0.0409579245426424 0
-0.06728891123215176 -0.02041186808527424 0
-0.06997813159190512 0.006892244369373214 0
0.06847984055140918 0.01596725936383495 0
0.05132165190247322 0.0480679724924464 0
0.03314707512067169 -0.06201381575478378 0
0.02476907005306301 -0.06580984046670077 0
0.06404896186108999 -0.02902020706445036 0
0.006892244368902315 0.06997813159196113 0
-0.02476907005385025 0.06580984046643354 0
0.01596725936696743 -0.06847984055073415 0
-0.02902020706490975 -0.06404896186086344 0
0.002300698770792358 0.07027907738948358 0
-0.07027907738947764 0.002300698770883043 0
-0.05132165189990097 -0.04806797249537952 0
0.04806797249362152 -0.05132165190144268 0
-0.06937752869302158 0.01145427631935519 0
0.01145427631914284 0.06937752869303823 0
0.07027907738949411 -0.002300698770631709 0
-0.04806797249458486 0.05132165190059785 0
-0.05435556411307672 -0.04460845865416534 0
-0.01596725936492185 0.06847984055125084 0
0.06580984046618064 0.02476907005459525 0
-0.0371320022551782 -0.05971311700173045 0
0.05715671745530222 0.04095792454808554 0
-0.06201381577363994 0.03314707508582068 0
-0.06580984046579635 -0.02476907005572735 0
-0.02041186808541447 0.06728891123224841 0
-0.00689224436159151 -0.06997813159281277 0
-0.06847984055192587 -0.01596725936222835 0
0.03314707508822214 0.06201381577241147 0
-0.002300698769115766 -0.07027907738959346 0
0.06728891123177103 0.02041186808699724 0
0.02902020706249478 0.06404896186205437 0
0.0699781315926182 -0.006892244363830685 0
-0.06404896186297974 0.02902020706061831 0
0.06201381577015527 -0.03314707509241526 0
0.06937752869455124 -0.01145427630987585 0
-0.01145427630783193 -0.06937752869490915 0
0.02041186808621755 -0.06728891123208952 0
-0.05971311700525505 0.037132002249708 0
-0.04095792454751486 0.05715671745568558 0
-0.03314707509154866 -0.06201381577069424 0
0.04095792454283572 -0.05715671745899809 0
0.05971311700149758 -0.037132002255707 0
0.04460845865167589 -0.0543555641151797 0
-0.04460845865451538 0.05435556411289525 0
0.05435556411475503 0.04460845865239722 0
2 7 0 96
386
387
388
389
390
391
392
393
394
395
396
397
398
399
400
401
402
403
404
405
406
407
408
409
410
411
412
413
414
415
416
417
418
419
420
421
422
423
424
425
426
427
428
429
430
431
432
433
434
435
436
437
438
439
440
441
442
443
444
445
446
447
448
449
450
451
452
453
454
455
456
457
458
459
460
461
462
463
464
465
466
467
468
469
470
471
472
473
474
475
476
477
478
479
480
481
0.02303204435533496 -0.06158858822552135 0
-0.04484776671026999 0.04808645430805097 0
0.04808645431135904 0.04484776670588479 0
0.02726359362881087 0.05983582312668398 0
-0.04806241813015137 0.04485593370484262 0
-0.05983582312779652 0.0272635936275168 0
-0.0615695070647763 0.02304878792650489 0
0.002290097980162136 -0.06571441788534704 0
0.0272382617168762 -0.0598341702012909 0
-0.002267326860921656 -0.0657031966801792 0
0.02304878792523137 0.06156950706496165 0
0.06571441788547866 0.002290097979275422 0
0.06570319667996799 -0.002267326861826385 0
-0.02726359362964814 -0.05983582312653944 0
0.05983582312601536 -0.02726359363061511 0
-0.02303204435547817 0.06158858822570582 0
-0.06158858822599612 -0.02303204435560982 0
-0.0598341702010192 -0.02723826171902841 0
0.06158858822597812 0.02303204435489795 0
-0.04484776669835928 -0.04808645431860798 0
0.002290097965050464 0.06571441788638674 0
-0.04806241811848247 -0.0448559337176514 0
-0.002267326878481885 0.06570319667929754 0
-0.02723826172201492 0.05983417019923311 0
-0.06571441788555768 -0.002290097979646753 0
-0.0657031966798972 0.002267326863627733 0
-0.0230487879268726 -0.06156950706425079 0
0.04484776670575467 -0.0480864543118515 0
0.04485593370602654 0.04806241812859136 0
0.05983417020018506 0.02723826171994724 0
0.06156950706391356 -0.02304878792759105 0
0.04806241812749996 -0.04485593370673124 0
0.05111002769492372 0.04138033574864539 0
0.03138393957164338 0.05778940607625216 0
-0.06305507740908924 -0.01867148442331956 0
-0.05778940607750186 0.03138393956876406 0
-0.04138033575544985 0.05111002768950376 0
0.01867148442448279 -0.06305507740906127 0
-0.018671484423793 0.06305507740914824 0
0.0413803357448541 -0.05111002769803069 0
-0.05110602166207288 -0.04138169691802452 0
0.006879931151788475 0.0654005631856302 0
0.06305507740987551 0.01867148442172544 0
0.05778940607417622 -0.03138393957528889 0
-0.06539869298440418 0.006876135969095233 0
-0.03138393957414917 -0.05778940607487136 0
0.06539869298488599 -0.006876135966659253 0
-0.00687613596602282 -0.06539869298496047 0
0.03137971761037718 -0.05778913057516447 0
0.05110602168267179 -0.04138169689212823 0
-0.041380335725672 -0.0511100277133215 0
0.06305189722394325 -0.01867427498916647 0
0.05778913056960742 0.03137971761976824 0
-0.01867427498829019 -0.06305189722416307 0
-0.06305189722447001 0.01867427498729292 0
0.006879931186458509 -0.06540056318165589 0
0.04138169689040063 0.05110602168434947 0
0.06540056318194816 0.006879931184388038 0
0.01867427498569237 0.06305189722500866 0
-0.05110602168672935 0.04138169688772623 0
-0.06540056318179854 -0.006879931186850365 0
-0.05778913057012969 -0.03137971761936185 0
-0.006876136003677019 0.06539869298065507 0
-0.03137971762424577 0.0577891305675567 0
0.05400348895561678 0.038685714448857 0
-0.05640718029815955 0.03508833613463646 0
-0.03768547721402232 0.05389222668472034 0
-0.06421153296754312 -0.0141931787780032 0
0.03536831742966999 0.05544050335323412 0
-0.01419317877901323 0.06421153296726598 0
0.01507469926875838 -0.064697100118689 0
-0.05393078362211221 0.03771211166483707 0
0.01145990246124294 0.06475521543027002 0
-0.05389155901760691 -0.03768570406823479 0
-0.06475490372983959 0.01145926993164546 0
0.06469710011968804 0.01507469926422181 0
0.05640718029377011 -0.03508833614098654 0
0.03768547719715916 -0.05389222669590644 0
-0.0350883361416962 -0.05640718029325539 0
0.05393078361708879 -0.03771211167205685 0
0.06554079022953845 -0.01083054319178253 0
-0.01083054319066911 -0.06554079022971075 0
-0.06549974161296071 -0.01066587370389422 0
-0.05643202887095018 -0.03491884932607998 0
-0.03491880395993021 0.05643216240146572 0
-0.03771188481182253 -0.05393145128820294 0
0.05547986548446879 0.03539374682250969 0
-0.01066511466776429 0.06549936757263629 0
0.03491880394143115 -0.05643216241291345 0
-0.06459482543959308 0.01521211514429082 0
0.0387736720708696 0.05385642187742173 0
0.01521224164952485 0.06459488777986856 0
0.06480162440686787 0.01146896544339683 0
-0.01420290421168025 -0.06425728515218879 0
0.01146896544711098 -0.06480162440616796 0
0.06425728515209884 -0.01420290421197497 0
2 8 0 717
482
483
484
485
486
487
488
489
490
491
492
493
494
495
496
497
498
499
500
501
502
503
504
505
506
507
508
509
510
511
512
513
514
515
516
517
518
519
520
521
522
523
524
525
526
527
528
529
530
531
532
533
534
535
536
537
538
539
540
541
542
543
544
545
546
547
548
549
550
551
552
553
554
555
556
557
558
559
560
561
562
563
564
565
566
567
568
569
570
571
572
573
574
575
576
577
578
579
580
581
582
583
584
585
586
587
588
589
590
591
592
593
594
595
596
597
598
599
600
601
602
603
604
605
606
607
608
609
610
611
612
613
614
615
616
617
618
619
620
621
622
623
624
625
626
627
628
629
630
631
632
633
634
635
636
637
638
639
640
641
642
643
644
645
646
647
648
649
650
651
652
653
654
655
656
657
658
659
660
661
662
663
664
665
666
667
668
669
670
671
672
673
674
675
676
677
678
679
680
681
682
683
684
685
686
687
688
689
690
691
692
693
694
695
696
697
698
699
700
701
702
703
704
705
706
707
708
709
710
711
712
713
714
715
716
717
718
719
720
721
722
723
724
725
726
727
728
729
730
731
732
733
734
735
736
737
738
739
740
741
742
743
744
745
746
747
748
749
750
751
752
753
754
755
756
757
758
759
760
761
762
763
764
765
766
767
768
769
770
771
772
773
774
775
776
777
778
779
780
781
782
783
784
785
786
787
788
789
790
791
792
793
794
795
796
797
798
799
800
801
802
803
804
805
806
807
808
809
810
811
812
813
814
815
816
817
818
819
820
821
822
823
824
825
826
827
828
829
830
831
832
833
834
835
836
837
838
839
840
841
842
843
844
845
846
847
848
849
850
851
852
853
854
855
856
857
858
859
860
861
862
863
864
865
866
867
868
869
870
871
872
873
874
875
876
877
878
879
880
881
882
883
884
885
886
887
888
889
890
891
892
893
894
895
896
897
898
899
900
901
902
903
904
905
906
907
908
909
910
911
912
913
914
915
916
917
918
919
920
921
922
923
924
925
926
927
928
929
930
931
932
933
934
935
936
937
938
939
940
941
942
943
944
945
946
947
948
949
950
951
952
953
954
955
956
957
958
959
960
961
962
963
964
965
966
967
968
969
970
971
972
973
974
975
976
977
978
979
980
981
982
983
984
985
986
987
988
989
990
991
992
993
994
995
996
997
998
999
1000
1001
1002
1003
1004
1005
1006
1007
1008
1009
1010
1011
1012
1013
1014
1015
1016
1017
1018
1019
1020
1021
1022
1023
1024
1025
1026
1027
1028
1029
1030
1031
1032
1033
1034
1035
1036
1037
1038
1039
1040
1041
1042
1043
1044
1045
1046
1047
1048
1049
1050
1051
1052
1053
1054
1055
1056
1057
1058
1059
1060
1061
1062
1063
1064
1065
1066
1067
1068
1069
1070
1071
1072
1073
1074
1075
1076
1077
1078
1079
1080
1081
1082
1083
1084
1085
1086
1087
1088
1089
1090
1091
1092
1093
1094
1095
1096
1097
1098
1099
1100
1101
1102
1103
1104
1105
1106
1107
1108
1109
1110
1111
1112
1113
1114
1115
1116
1117
1118
1119
1120
1121
1122
1123
1124
1125
1126
1127
1128
1129
1130
1131
1132
1133
1134
1135
1136
1137
1138
1139
1140
1141
1142
1143
1144
1145
1146
1147
1148
1149
1150
1151
1152
1153
1154
1155
1156
1157
1158
1159
1160
1161
1162
1163
1164
1165
1166
1167
1168
1169
1170
1171
1172
1173
1174
1175
1176
1177
1178
1179
1180
1181
1182
1183
1184
1185
1186
1187
1188
1189
1190
1191
1192
1193
1194
1195
1196
1197
1198
-0.009550929873329209 -0.006315270205323999 0
-0.006416716577120926 0.009629691068821465 0
0.009458926034419075 -0.006320252313857539 0
0.006324033867888525 0.009496186942756286 0
0.01115756401161834 0.002219377471741077 0
-0.002219377471741083 -0.01115756401161834 0
-0.01122301363654239 0.002285596572853741 0
0.002008667604863889 0.05832438301978383 0
0.02016199394903869 -0.05465147598764021 0
-0.05667623430936723 -0.01199474714081902 0
-0.04823537759055571 0.03305058126948737 0
0.04856023441472798 0.03268307581478747 0
0.05752551635437392 -0.01113188316576139 0
-0.03210667101717037 -0.04839852547268669 0
-0.01649954728425508 0.05629677730568697 0
0.03588738872725155 -0.04572641283342813 0
0.002286960878708328 -0.05820704112360415 0
0.0197945509309627 0.05502443008818758 0
-0.04559327668142178 -0.03548918958553442 0
-0.03606343059180118 0.04574624358798655 0
-0.05764513443743553 0.007095358422598124 0
0.05631362184825982 0.01622239155743234 0
0.05082459489430585 -0.02846314074613171 0
-0.01594027111202284 -0.05600025473464269 0
0.03606343054289236 0.04574624359841089 0
-0.05404314778739473 0.02048851054744638 0
0.05819283701983401 0.002232939869157494 0
-0.05319932978047887 -0.02402891501239529 0
0.05301431236592274 0.02403464792223451 0
-0.03956044721488172 -0.04250213769664797 0
-0.04293514460585574 0.03997188750626705 0
-0.02858618519321102 0.05054899358253304 0
-0.05848698061352677 -0.002296278534410318 0
0.0462851179379297 -0.0362083129276184 0
0.05481164208406589 -0.01993182052652094 0
0.02900936749049767 0.05092534152653251 0
-0.007131449672562094 -0.05746882693673938 0
-0.007145775227404964 0.05780550776954008 0
0.02846314075605315 -0.05082459487851129 0
0.04257688142515737 0.03925999554453757 0
-0.02459572778454031 -0.05326730607042152 0
0.01131363964512255 -0.05759395570356657 0
0.01158249480879964 0.05644190447809905 0
-0.01116775208896422 -0.003461993727535152 0
-0.01289794954248946 -0.006594905403257927 0
-0.01465554463707943 -0.003036543794340063 0
-0.01642462568968498 -0.006774399943818535 0
-0.01847485393432733 -0.003844209125274233 0
-0.0200896672630718 -0.007161936503916748 0
-0.01801310529507193 -0.01022161104984455 0
-0.02218540204038122 -0.004078489039402883 0
-0.0217676788621234 -0.01053275181669669 0
-0.0195900810550253 -0.01370599501540332 0
-0.02346616774390192 -0.01398027690596669 0
-0.02122876328951479 -0.01724415737710359 0
-0.0251923997656229 -0.01751425382619766 0
-0.02744400332621565 -0.0141946600450841 0
-0.02289919247138607 -0.02079695959023371 0
-0.01892808562899789 -0.02050842560276474 0
-0.02061913589759036 -0.02412199881960853 0
-0.01660834256423796 -0.02379388954977718 0
-0.01833200593204568 -0.02748067492200265 0
-0.01422038238265364 -0.02712914192506522 0
-0.02918567641568523 -0.01787328762772412 0
-0.031522083293437 -0.01441402912735876 0
-0.01599087400836835 -0.03087367841773073 0
-0.01181087995219922 -0.03051164003655711 0
-0.02220162268966917 -0.02800714423571998 0
-0.01360815164522603 -0.0343309397716678 0
-0.009415004610321626 -0.03394207553641755 0
-0.007632774996059292 -0.03013363676446838 0
-0.005237504378274989 -0.03348629968472942 0
-0.003490925813842664 -0.02973972231010544 0
-0.001092045107939573 -0.03305742298297079 0
0.0006299946402301282 -0.02935798698519828 0
0.003038098009335295 -0.03269177874761447 0
0.004753921736446622 -0.02897510692552283 0
0.007168693704338924 -0.03234252097016351 0
0.008904097103300751 -0.02866120226449116 0
0.0113053706303566 -0.03197274003009912 0
0.01306657413183665 -0.02824784698777045 0
0.01546701022083536 -0.03160704500496975 0
0.01723419476250025 -0.02775660568567143 0
0.01967684520712306 -0.03121291883601086 0
0.02141625670100658 -0.02734945073464313 0
0.01898508201827021 -0.02391220522610523 0
0.02312302407530798 -0.0235067610517621 0
0.020695108721372 -0.02014358724170475 0
0.02480277152603352 -0.01971198202165454 0
0.02240283349208416 -0.01639011664798005 0
0.02648553888938901 -0.0159649915494356 0
0.02410109605783341 -0.01266370477831593 0
0.02815891635451611 -0.01223637872743653 0
0.0257808922137216 -0.008949012237552909 0
0.02982524718575413 -0.008521564282536212 0
0.02742331670986484 -0.005239445112363957 0
0.03150189949311133 -0.004803961263862058 0
0.02908389637172524 -0.001502981077750352 0
0.03320948691304207 -0.001064721216018994 0
0.03078834275175717 0.002297821940239923 0
0.03494418242933631 0.002726982509784358 0
0.03248003119893929 0.006109096265978508 0
0.03058141328774919 -0.01555163862372891 0
0.03563524393917906 -0.004429224942945408 0
0.02835624586797455 0.005674490910606024 0
0.03002033728594042 0.009463347121655287 0
0.02592315507387923 0.009021020182329937 0
0.02757607100914491 0.01280223228586122 0
0.0317087825680309 0.01326961586662348 0
0.0292120492383388 0.01661971810409723 0
0.02505959348806575 0.01612355198680165 0
0.02670841105317676 0.01995212616162571 0
0.02258415458374658 0.01947003258618424 0
0.02420381126816688 0.0232649002304358 0
0.02009193039016648 0.0227889546828212 0
0.02170087322231201 0.02657689978286159 0
0.01754736582787059 0.02610235558263205 0
0.01919159774750699 0.02993777083174595 0
0.01499043786936264 0.02945144400949613 0
0.005256853329998038 -0.03617166325054941 0
0.01669841894770116 0.03326011839659057 0
0.01247275251426731 0.03273106974261168 0
0.01078829582563152 0.02892406588349701 0
0.008276500881242889 0.03218102791220077 0
0.006651054448692135 0.02840688946672489 0
0.004136003537967255 0.03167314903308305 0
0.002543448213163419 0.02791176688372299 0
4.904443540594727e-05 0.03111227762197588 0
-0.001531900580877057 0.02741011585498863 0
-0.004018349122777768 0.03063340244480181 0
-0.005598710309622342 0.02699550527475413 0
-0.00807537708153336 0.03014421853471667 0
-0.009674516844239364 0.02648119588929588 0
-0.01215343788028123 0.02967880057124508 0
-0.01374490453029296 0.02583343418908735 0
-0.01627737579216423 0.02917304019350414 0
-0.01790425942876737 0.02527186850975643 0
-0.02047567493422651 0.02863226271518072 0
-0.02208842256063656 0.02471217937301981 0
-0.006373045188923078 0.03399011415452764 0
-0.01963874060068553 0.02087643645115025 0
-0.02367341512726383 0.02080800886954005 0
-0.02627573237111433 0.02413572942112127 0
-0.02787605988276833 0.02020312820260294 0
-0.02535105584930904 0.01691140589621673 0
-0.02945617330279676 0.016245110665207 0
0.005692846675758556 0.03571234682557908 0
0.02565447115432861 -0.02688933092414543 0
-0.02066163688103884 -0.0008283306292516016 0
-0.02426417385685224 -0.0009366546220511936 0
0.02830005582251263 0.02388818628321385 0
-0.01881823424965592 0.03258332863223212 0
0.01693981450543995 -0.02075965560919937 0
-0.03331785905316453 -0.01823105474554333 0
-0.03570857531881069 -0.01470072681504438 0
-0.03211625106327344 0.0196083499699982 0
-0.03370572644915634 0.01555997297922828 0
0.006498789588180702 -0.02523652999040795 0
-0.007092827397298985 -0.03726548298143367 0
0.01432108306381722 0.03698459215408897 0
0.03669521302572543 0.006539700015380227 0
0.01789283523649061 -0.0350958336577035 0
0.03340672033575755 0.01713089217946807 0
-0.02310392291338319 0.03203898145840381 0
-0.01257402984178188 -0.02351052161395717 0
0.02095316814785493 0.03386518069397869 0
0.01597310270960045 0.022278372325765 0
0.02103123858176828 0.01564565954690168 0
0.03915998016007341 0.003027067637008016 0
-0.01783899853031451 -0.03468022997630767 0
0.0009119229668739998 0.0237412800746529 0
-0.03382464915620675 -0.01088979029558254 0
-0.03807760158060464 -0.01115871871264192 0
-0.03615391029208971 -0.007319250021361599 0
-0.03640854439920709 0.018987848854239 0
-0.03800408865511976 0.014914369054292 0
-0.03527858583870707 0.01148701014511679 0
-0.03959389303879166 0.01082554971954384 0
-0.03479531401151478 0.02306688288596745 0
-0.04047725597872068 -0.007555847068900208 0
0.02219272019883954 -0.03471040684300063 0
-0.01540752984115179 -0.03822767447241678 0
-0.001752263313288312 -0.02621508730249583 0
0.02339054617655447 -0.005728872622058218 0
0.04099860289886006 0.007000058173888481 0
-0.01115044427264051 -0.00981585420408407 0
-0.0214149902169856 0.03605144262869294 0
-0.01136102171010495 0.02279750834874955 0
-0.03757967098403388 -0.01852372566558282 0
-0.03513360060443431 -0.02212404370227496 0
-0.02274758055228846 0.002392696445621035 0
-0.04241639480671009 -0.01146484168081098 0
-0.0197565671245676 -0.03857723640356246 0
0.02036651674098335 -0.0386749836109485 0
-0.03684720505865489 0.007438591064537354 0
-0.04119231650500529 0.006710062420070778 0
0.02429667546648117 0.005298058439767052 0
0.02030101957157598 -0.01310168355684052 0
0.04352073625645718 0.003367483518289029 0
-0.04397947906078765 0.01016907499703779 0
-0.02578430962551889 0.03551211969793187 0
-0.04487293331951164 -0.007785095226955475 0
-0.03950366727374133 -0.02244644022058457 0
-0.03702462595765146 -0.02607219257189262 0
-0.03918123823273115 0.02245065396785158 0
-0.04560203436817589 0.005976037075373119 0
-0.01707095369183684 0.03657822730349842 0
-0.01969900541404171 0.04011424662810115 0
-0.01527007588126421 0.04062912283361932 0
-0.03751552007715302 0.02660007987662554 0
0.01600012056070558 -0.03903919360440557 0
-0.01725060646503259 -0.04220870902550579 0
0.02476223517367132 -0.03828263501975442 0
0.04540723236964223 0.007387059020292503 0
0.04290156972271459 0.01073582998940418 0
-0.02641449497786859 0.002330890099160659 0
-0.02468465990348861 0.005788895127337755 0
-0.02036721682077303 0.005585195756665799 0
-0.01794991253417049 0.04423634908730681 0
-0.01347165044007057 0.04474701800857954 0
0.01850780923321984 -0.04269765856823666 0
0.01404324930619781 -0.04306112188133497 0
-0.02168873146731794 -0.04258482778410703 0
-0.02420709892826995 -0.03909483932809366 0
-0.02591767026115913 -0.004057376500621231 0
-0.03841481017594285 0.003410625439362624 0
-0.04147816511583632 -0.02641815380140706 0
-0.04685341920488556 -0.01178585649580106 0
-0.03261859697455238 -0.02572384905883049 0
-0.03449557582877701 -0.0296912249050016 0
-0.04844354726748912 0.009502439374051055 0
-0.04701176392747174 0.01368965663912122 0
0.04800622012109201 0.003824450158634728 0
0.0461003271880118 -0.0002315256622561555 0
0.009468156499314227 0.02523663898630528 0
0.02195024824329798 0.008552378601513949 0
0.0203372791876794 0.0048357734930142 0
0.01807941433983906 0.008030683460585443 0
0.05018499276106105 0.007917076017511817 0
-0.003406713922577682 0.01127808980095003 0
0.0002257773180989484 0.01252881994679418 0
-0.002785771462909072 0.01466168332460665 0
0.0006310460030995031 0.01612138138275865 0
0.01110142911977435 -0.002881196261905556 0
0.01307986636613208 -0.005417858042879604 0
0.01191765497541578 -0.008781626609808314 0
0.01473250894681298 -0.002247715016666653 0
0.008768306141834194 0.008146033998571296 0
0.009263781630278287 0.01115524113068111 0
0.001841300981035656 -0.01129924459479682 0
-0.0002435429405788801 -0.01440785718653106 0
-0.003848650346541079 -0.01423609312700504 0
0.003486031858699398 -0.01455907125452792 0
0.00134306420347417 -0.01758975141332969 0
0.005080807543926571 -0.0178008287453327 0
0.007293230999874796 -0.01481080442541065 0
0.008805655668279237 -0.01810822511149712 0
-0.01027793064795819 0.005448653900359934 0
-0.0493371102695821 -0.008024694807768247 0
-0.04707460929564616 -0.004276537740182288 0
-0.04396452697534191 -0.02273429572195299 0
-0.0224228870471278 0.04369605448566025 0
-0.02066031571276056 0.04791457876588677 0
-0.01597593645581961 -0.01319144504587846 0
-0.03317111105918459 0.0270851681826749 0
-0.03590975048111489 0.03065452908391898 0
-0.01080890119343707 0.04118253477114089 0
-0.009002400577642195 0.04525391711630142 0
-0.006336281198015774 0.04169671459790739 0
-0.004541849544811689 0.04575269937453191 0
-0.001873286513516358 0.04214960705857695 0
-8.439224095293417e-05 0.04623561477175116 0
0.02658393888929315 -0.03422556934089942 0
0.02921474943089913 -0.03786155099167585 0
0.03107687806539965 -0.03377093394904383 0
0.03373247038920941 -0.03742573840818306 0
0.03559592555779843 -0.03327385365755565 0
0.03293566115674777 -0.02962989112741544 0
0.03743772883455922 -0.02911747878865857 0
0.03478645863693792 -0.0254647997367395 0
0.03926127271462686 -0.02498038252591931 0
0.03665535944617639 -0.02136160068230683 0
0.04108373664155686 -0.02087320092399625 0
0.03848666554203692 -0.0172673078217932 0
0.04290248661137978 -0.01677963478620624 0
0.04027171343108717 -0.01317628379056542 0
0.04471727365858622 -0.01268952969821975 0
0.04212218723098542 -0.009099094339048187 0
0.04661680279635538 -0.008503062767789404 0
-0.01283338563988995 -0.04180052335280095 0
-0.01470200037078656 -0.0458769369262452 0
-0.01044288419502167 -0.04564024026113148 0
-0.02923844927169637 0.005829492868999158 0
-0.02992665030188484 0.002119560335893885 0
0.04555844513561761 -0.02040374250288868 0
-0.04199498107649267 0.02596608802222011 0
0.01128958466143587 -0.01496351208622871 0
-0.02320827765778052 0.009966684052875966 0
-0.0189653651015497 0.009622509852351545 0
-0.00274802866423191 0.04987737839420901 0
-0.04360546625017001 0.02178731870334381 0
-0.006315735680638865 0.01323932886164817 0
-0.006031480599141751 0.01696069132808505 0
-0.009328797425720906 0.01539123477321954 0
-0.05002240460526429 0.005223791371503677 0
0.04191207625033173 -0.0285673700997191 0
-0.01378463039873477 0.004459929019703534 0
-0.03015843469574166 -0.0293759700574318 0
-0.03207030318381884 -0.03321501336507947 0
-0.036422463563775 -0.03375360829302716 0
0.02265234412517599 0.001345547984141818 0
-0.03410395199002292 -0.03698937888814921 0
0.027341318570851 -0.04196759654249736 0
0.002568303981334971 0.04272312398609107 0
0.004380951637202916 0.04675936272857611 0
0.007043345082173679 0.04322818204020758 0
0.008868657404771449 0.04727378859733146 0
-0.01304707457857048 0.007648082954726993 0
0.0154909642924237 -0.008050797027887482 0
0.01660763421698021 -0.04676055336801918 0
0.012083768246596 -0.04714832812132762 0
0.009523854752536458 -0.04347862901543265 0
0.007558993860967818 -0.04751077268935467 0
0.004994357052559639 -0.04384308977467664 0
0.002881603772341486 -0.04802336712046554 0
0.0004481032450108434 -0.0441605569591715 0
-0.002848566371671636 -0.04822767215305553 0
0.00651310582297504 0.01293704489415246 0
0.009593190044373225 0.01456473664461088 0
0.01266464450734388 0.01259679285263774 0
0.006663431991406962 0.01637143529476049 0
0.0100908051543944 0.01843155505763833 0
0.02111475482777591 -0.04638379780889122 0
-0.01166629440848305 0.04882196244326142 0
0.05062447280786692 0.0001618755000651229 0
-0.05178927108234703 0.0130643730806575 0
0.006201456182869046 0.05072191800900039 0
0.01154311797285553 0.04375283958137391 0
0.01338414936712543 0.04779628129937411 0
0.01607788786647451 0.04424748367438917 0
0.04912803882505917 -0.01216141931774356 0
-0.02618222557329985 -0.04297591489001738 0
0.05094760898600011 -0.008052502064647337 0
-0.04681953660833589 0.02532179184599747 0
-0.04609463466518987 -0.02705466872970514 0
-0.0120230065335214 -0.04954359008950929 0
0.03591273950264522 0.01372248377459326 0
0.03767671009200095 0.01763729895532945 0
0.03508842071636394 0.02112704663352014 0
0.03949207036602428 0.02163434091451812 0
0.03684152033385591 0.02521641050174533 0
0.04144681164158037 0.02587829529030762 0
0.03876668158097828 0.02952224091907676 0
0.04397383677433961 0.02211239068307162 0
0.03407007088902875 0.02881964631243577 0
0.03587406970183091 0.03302856513093889 0
0.03134155635631235 0.0324522202111729 0
0.03310771361812253 0.03663916730246875 0
0.02866041931461345 0.03613584925891996 0
0.0303383874648632 0.04026943034581995 0
0.02591855067473795 0.03969690336433922 0
0.03813735392647419 -0.0369106874500974 0
-0.02850274967412472 -0.02526795226638418 0
0.03200881035004398 -0.02214650025068167 0
0.005367749886413607 -0.05147470746936628 0
0.01649285417525568 0.004596210190951338 0
-0.00240208691716068 0.01817547244882543 0
-0.005554914510135353 -0.01051248842000463 0
-0.007287770001006354 -0.01387547677133723 0
-0.005993888617308313 -0.0170995754706253 0
-0.009521551191746518 -0.01673429042276382 0
-0.03822274031302619 -0.003675160646598257 0
-0.03418991942087511 -0.003486590320000328 0
-0.004918560964345987 0.02055478624611632 0
-0.02809473497473308 -0.03265576369346097 0
-0.04434036819615366 -0.0154674651264138 0
-0.04885721184083747 -0.01579374895850907 0
0.002773833410971185 -0.02062419706493249 0
-0.001178490062754936 -0.0203170102025317 0
0.007651120907520481 -0.008955937454646059 0
-0.02738949180208852 0.03148271700404726 0
-0.03019360488116683 0.03493471578800151 0
-0.02849661855149242 0.03908875632815569 0
-0.03302788594298536 0.03866061201437487 0
0.02717457868817384 0.03166865320790731 0
-0.02048943955432919 0.01258543033929405 0
-0.01712521135393703 0.01298416470547009 0
0.01523561044796791 -0.0514779491588491 0
-0.007554032027415154 -0.02002615704244076 0
0.006469522556513269 0.02020031411545695 0
0.01796026953367406 0.04809643552779623 0
0.01987203714467629 0.04489861043480581 0
0.01433720302351428 -0.01156055219903873 0
0.02801199887660298 0.04362958837662723 0
-0.01662113329388801 -0.05084968868637661 0
0.01507673279686045 0.007456091453573188 0
0.04566656623311892 0.0259762174952846 0
0.01843992258172531 0.04074801536825826 0
-0.004217608216663667 -0.04341726767542696 0
0.0007680328009553831 0.03853990583916448 0
-0.05168755592166328 -0.003582037107104594 0
-0.001579618148052303 -0.04021200279678426 0
0.04060145945528918 0.03415204345992481 0
-0.04833898653693527 0.02106538022780872 0
-0.007766560813104437 -0.04927949588039748 0
-0.01445017446103971 0.001015575725068541 0
-0.0270555968150514 0.01252884330061768 0
0.0358395185957168 -0.01363876636406414 0
-0.009966874266876605 0.01180548459288318 0
0.02240843192484347 0.04859226956742128 0
-0.02359461104859099 -0.04641747562830335 0
0.01559457013683249 0.05234027649075441 0
-0.04349840316437145 -0.03069885130062036 0
-0.03167270954084456 0.04337603655984507 0
-0.04719278967453848 0.001824165230757312 0
-0.0192445026237264 0.01629861309208872 0
-0.01532797960677074 0.01627219129700743 0
0.001075643173093702 0.01970358263864742 0
-0.05158780254685734 0.02467378926289761 0
0.00972096859057143 0.03947462712764262 0
-0.01699419429730183 0.003167977133760349 0
0.04405537063297802 -0.004787535082337289 0
0.0123830078490156 -0.01827451344512357 0
0.01020183948824731 -0.0215458536909397 0
-0.02828319707397641 -0.03966101756621278 0
-0.03030397037996451 -0.04382057996133025 0
-0.05158636584763691 0.001010281153306868 0
-0.04843438926996829 -0.03184945024361664 0
-0.03259680091039093 0.008208100135413787 0
-0.009419495476705942 -0.05332498917364838 0
-0.004845874095655347 -0.05295672441315654 0
0.0001222076489516589 -0.05288949610528641 0
0.01956405874758762 0.01178795539554002 0
-0.01056194639043113 -0.01341606293664001 0
-0.01330613134750829 -0.01603356966802315 0
0.01818855579740978 -0.01670574938110558 0
0.03480665897733484 0.04120187507648818 0
0.005418437156702933 0.0243084264367015 0
0.01506594297649911 -0.02455806542219816 0
0.0134582756255299 0.02562158000632917 0
-0.03829691189222313 -0.03800849618862359 0
0.02189729557112523 -0.009440023387720946 0
0.01912077911767768 -0.006349364214405228 0
0.02109017441799406 -0.002560430046615649 0
0.02505700362175248 -0.001973585951224555 0
0.01832613810577576 0.0005658342088602514 0
0.002368065920516167 -0.02597751291876586 0
0.01852723174342636 0.0189828037167265 0
0.01639463616713814 0.01488114758776455 0
0.01439662408406145 0.01856300343480381 0
-0.003310657340286401 0.02393494232760993 0
-0.005854570132431729 -0.02654445449640159 0
-0.004134207148237303 -0.02283472744746047 0
-0.01004491883802731 -0.02692368088524879 0
0.0301724978426613 -0.02624056616601152 0
-0.01535984652787709 0.02194548346393622 0
0.02670575136747776 0.001856558707629985 0
0.03763153682624804 -0.009628563628231935 0
0.002899723772246954 -0.04011992599607639 0
-0.004069564831005637 0.03808133607907602 0
0.01202980617213267 0.02189542179976722 0
0.02986782143803994 0.02807223267964327 0
-0.01503120553212426 -0.02006562616211873 0
-0.03189679339879813 -0.007224514793968611 0
-0.0296462445446956 -0.01085476933255637 0
-0.03130654667181116 0.01222668528360225 0
-0.02998730280788303 -0.003603787763424862 0
-0.01274445929694158 0.03711609831144512 0
0.01163651998853428 -0.03945245862739295 0
0.04861582030367046 -0.004237588899298449 0
0.05378566657666186 -0.004226392611107847 0
0.04164176457626063 -0.0008070562208300728 0
0.02355946057388901 0.01231801908257074 0
0.01469054232990905 -0.01529115544475338 0
-0.03093898657375346 -0.02171577457156043 0
-0.01734336721816502 -0.01679153647854866 0
-0.03354271549161486 0.003788710692085577 0
-0.02524439188755875 0.04734765997749234 0
-0.02373309540897368 0.05246587418919909 0
-0.01866061201633479 0.0521484752739883 0
0.04854531416325031 0.02257755116449578 0
0.04676456806458784 0.01841206066386258 0
0.05166906094949883 0.01851167754970669 0
0.04887575282745299 0.01498186364683141 0
-0.0220150490343824 -0.03525820348997583 0
-0.04280198243875195 0.00268817697248841 0
0.04219602920080615 0.01807622244547115 0
-0.03051354929199008 0.02355864117216779 0
-0.04033233008883568 0.03015820547793114 0
-0.03867858193027397 0.03433428783912814 0
-0.04327379923650129 0.03336201513751527 0
0.03993607485181369 -0.03264412804051832 0
-0.02561097243392469 -0.01077343319643496 0
-0.01461040029220757 0.03309173799147815 0
0.01015669941877537 -0.05099109725590058 0
0.0283868820739766 -0.03026001535549691 0
-0.02468588583870213 0.02807978773326009 0
0.03421192418360856 0.009910187191199817 0
0.02389784533542916 -0.03080380062546586 0
-0.02410837210952009 0.03961099873651338 0
-0.007189516308311448 0.04938604030082498 0
-0.00981675008244628 0.05310258044298936 0
-0.03998471633258755 -0.01503021232092913 0
0.03770108864853693 0.03754121586914214 0
0.04539877633459825 0.03557152189127571 0
0.04411793476884251 0.0305420191188435 0
-0.04252445370750852 -0.004019000577818993 0
-0.002361750569737932 -0.05730360561748853 0
-0.04233366594863082 0.01423441713041437 0
0.04374608371435713 -0.0245078482276485 0
0.04829050371628053 -0.02433652280844399 0
0.04736828906541263 -0.0163255329313737 0
0.05190206131052894 -0.01594025082432558 0
0.02887990314118965 -0.0192748893849984 0
-0.0529949631577547 0.008665237385226381 0
-0.05692456323288196 0.01161383309875502 0
0.05352355310762989 0.004158190606025633 0
0.05448384548971378 0.00846349834929217 0
0.001717660976476115 0.05030842547061355 0
-0.0006459917186746458 0.05411583336654865 0
0.01067939163077323 0.05139066129414092 0
-0.01913885450938575 -0.04634132987892379 0
0.03088120570494488 0.02055233080491507 0
0.02292654529902742 -0.04231829243127023 0
-0.03895842109320342 -0.03013647791434154 0
-0.04072242277612919 0.01834963985797783 0
-0.01617169967821102 0.04835642049223897 0
-0.01118686569008253 -0.03779533023746808 0
0.02722130817734413 -0.02304656957944296 0
-0.008357973342905421 -0.04166054192585352 0
0.01370894097135221 -0.03537515793518858 0
0.03408388961163419 -0.01791028973943156 0
-0.05150187141315011 -0.01200911443241273 0
-0.05339888147432085 -0.01603147726809359 0
-0.05085515143078694 -0.01973679702681236 0
0.03208970504423504 -0.04164395824183319 0
0.02998629136937813 -0.04574079011172633 0
0.03670972198239355 -0.04109752680265356 0
0.04104238053518668 -0.04079022540271807 0
0.03730972970260658 -0.0006564349550067475 0
-0.01049372872439332 0.03345507071936467 0
0.03250818248412433 0.0246126422025789 0
-0.01463918984858259 -0.009802594805736822 0
-0.0199902692525341 -0.03133002517273029 0
-0.0237942436142612 -0.007422807969170463 0
0.006260133397690165 -0.02112474250997871 0
-0.04477944222321684 0.02953418983940681 0
0.03220195146835809 -0.01181660209487964 0
0.03335917578253013 -0.00783998324249105 0
0.04999317887614776 0.02807356735383559 0
0.00352033476439349 0.01133135685018782 0
0.01479020371044277 0.001463891758060269 0
0.009342382216977311 -0.03589554217214316 0
-0.008383080348006585 0.03765508320371225 0
0.01000048796646114 -0.0116590688899011 0
-0.05382777923004592 -0.008121011162108603 0
-0.01644984619806095 0.006764952837168395 0
-0.01332300968388136 0.01330346577877226 0
0.03970444351743686 -0.005561392780677291 0
0.0384591703686309 0.01035466595263804 0
-0.02789224536711394 -0.04704974856694238 0
-0.03524262465879118 -0.04470505627446143 0
0.01581346681587455 0.01089878569733101 0
-0.02685730652672599 0.04326767692486197 0
-0.005164203381572259 0.05366155175512913 0
-0.01185688304331657 0.05711020549559673 0
-0.02893446857846749 0.0275656045907326 0
-0.05821318933043906 -0.006879512992846832 0
0.05019337158009576 -0.02024615125772759 0
-0.02687543672055962 -0.02107446002860551 0
-0.03609907176237011 -0.000162790822777093 0
-0.02670929909932833 0.009091104698685798 0
-0.01169457273046217 -0.05710174705534604 0
0.02558379563338052 -0.04624389273499332 0
0.02323294512190065 -0.05040333645236034 0
0.03256381687920131 0.04873519603461504 0
-0.03963178365421493 0.04301098527823995 0
-0.05845799820796211 0.002391096941275665 0
-0.04278322384932358 -0.03934888238397402 0
0.05294136700901388 -0.02421913359820053 0
0.03933429527847702 0.04259131430929909 0
-0.02023361559414881 -0.05458533966995992 0
0.02424501597857349 0.05240483199529184 0
0.006637620866232161 -0.05818910028600783 0
-0.04086560674510321 -0.03432614407167567 0
0.01553760813804627 -0.05630564304298797 0
0.006712615132774346 0.0579976630275427 0
-0.002642536726849148 0.05813702014048137 0
-0.03253896261726794 0.04859487088250167 0
0.04868680675920534 -0.03242075277909568 0
0.007190557897420699 -0.03989312120987954 0
0.02574908980869241 0.02700867459556442 0
0.005500422225303957 -0.01175764859323499 0
0.05628182341767583 -0.01540297807023364 0
0.04637145699428975 -0.0281903315885426 0
-0.04190358678041235 -0.0188895879615291 0
0.05812904459813559 -0.006753528611865662 0
0.05830145577649612 -0.002292128748063711 0
0.01927058771273268 -0.04993542255515201 0
-0.04550971130914706 0.01777576383058938 0
-0.05104596241554531 0.0175281704248703 0
-0.002215645113466406 0.03440359094556573 0
0.01618094374563342 0.05682486365549216 0
0.04039670598607507 0.01416133466701983 0
-0.02453680405075623 -0.02475280665538346 0
0.03193753539055305 0.04433442994092962 0
-0.03804964296450471 0.03852868795073487 0
-0.01345131871762629 0.01931692826027825 0
0.0009475504251737245 -0.03647413786918877 0
-0.02161227219446438 -0.05017939555379823 0
0.02320793334688103 0.03066632718143434 0
0.01080832216290374 -0.02518785222291856 0
0.001686056467324147 0.03428825405307364 0
-0.05435183673316819 0.004104610034558994 0
0.05754168683340412 0.01164989360085445 0
-0.009456292317458448 0.008623617372559402 0
-0.03157104110772534 0.0310515840311243 0
-0.04633713714021466 -0.01924956453899792 0
-0.02617623523424157 -0.02862330948383755 0
-0.05527609848448896 -0.02001743386504536 0
-0.02848439464457856 -0.05135966126826597 0
-0.003239615120359134 -0.03680129925022717 0
0.02459854232521417 0.03548644742647937 0
0.005158699426158805 0.03993563716373696 0
-0.009233505298852239 0.01926104036946189 0
0.01810621125432993 -0.01022196342632436 0
0.04473579624019459 0.01456284176596999 0
-0.02780887117678696 -0.007322781592696081 0
-0.002409878227398847 -0.01724939002619804 0
-0.007258029857680246 0.02370039750051884 0
-0.03457175121796184 0.03469406945121377 0
-0.01127811681644301 -0.01979865337245919 0
0.004013100599891671 0.05431296317140835 0
0.05828072217538596 0.006673300030641333 0
-0.01422439274038561 0.05239168066334239 0
-0.01740584797662371 -0.0004185270960308572 0
-0.05074037397656778 0.02896578718046512 0
0.04419268656775799 -0.03234930439486326 0
0.05565628849303266 0.02040744680098212 0
0.01325643781729035 0.004972644567271626 0
-0.04865462785627257 -0.02353428632353457 0
0.03275786715085201 -0.0492469663615876 0
-0.008321349755236081 -0.02355246525685258 0
0.0548572383356604 -2.303748921649549e-05 0
-0.05090912922818498 -0.02792507664377444 0
0.01009683034513148 0.03541673275242462 0
0.05264855290001088 0.01263798724207624 0
-0.04031071515022351 -0.000336091928446728 0
0.01783959643978877 -0.003304835035086062 0
0.04737139202931756 0.01119377171577343 0
-0.04564259582247929 0.03671842621475054 0
0.003512491109424666 0.01448902673468096 0
-0.01525538181054989 0.01016260401331631 0
0.0140205960150888 0.04104151158115058 0
0.003634530298131459 0.01796048505226467 0
-0.03556840421250389 0.04175134525409203 0
-0.02897991115312165 0.04662704758544681 0
-0.05568677528950727 0.01610466500145956 0
0.05334011065819628 -0.01171562306255188 0
0.01262937250954675 0.0158244387308653 0
-0.02790252520271556 -0.000859550989978812 0
0.01848954403083429 0.03669332388573863 0
0.003644954799330497 0.0214711266133087 0
0.007837811671021586 0.05417302199603829 0
-0.008235836245886028 -0.00886243541750281 0
-0.0119868617432489 -0.0006171832335873917 0
0.01216487173620844 0.008598021467246529 0
0.01001942979451089 0.0053860569670458 0
-0.03582237438012074 -0.04074143338574287 0
0.02206783947236726 0.03824181104073639 0
0.02624198398476553 0.04760775228718706 0
0.008147446865192599 -0.05451759304443722 0
-0.02046811265191469 0.05566324341795212 0
-0.02418868012313422 -0.0320379448014434 0
0.02488150050076838 -0.05397214683802036 0
-0.01328774020272117 -0.0532072430397901 0
0.02348788061902675 0.04323527937297172 0
0.01702039753730087 -0.01326462896181176 0
-0.01674004008796676 0.01901469136142107 0
0.0001771695140391842 -0.02336700048245271 0
0.04231038834377047 -0.03636660804185772 0
-0.03219012693981072 -0.0008402874019896927 0
-0.02236231104712742 0.01778992886053594 0
-0.01217646662393466 0.01653661896246726 0
-0.04471996569612956 -0.0008068353261722998 0
0.01350179717146709 -0.02139740917490524 0
-0.0573013435019922 -0.01616065026561482 0
0.004512397229099671 -0.05505558760574038 0
-0.05500079182347418 -0.0004932134855769456 0
0.05474558943467355 -0.008375985903186823 0
-0.02613141839640951 -0.03579493331635192 0
-0.00425409921662291 -0.01950537203785126 0
0.01208171096411313 -0.0002891284097541732 0
-0.001601360459484275 0.0212149382659255 0
-0.008633784237895282 -0.01137417705204128 0
0.03945504102794677 -0.04403462059104306 0
0.01600032773354387 -0.005134054011222725 0
-0.02322385738458208 0.01426349256267505 0
-0.005206235302822889 -0.04015168742958303 0
-0.05543401361688789 -0.00458695340108829 0
-0.0197279972711672 0.002019571164368701 0
0.01239795603010541 -0.05393288589028278 0
-0.01251452202106275 0.01056295476915197 0
0.008969173256341669 0.02211928897482532 0
0.004047782766435898 -0.02338939483632948 0
0.01995165662036339 0.05120539698985428 0
-0.03007058764488327 -0.0363152231410467 0
0.0442687162434606 -0.0392969900353309 0
-0.04881754904510439 -0.001127021231077391 0
-0.02523585020785763 -0.04965471741754629 0
0.02962822667086126 0.04690801881586334 0
-0.02974639671476445 0.00933107447602995 0
-0.01319711485522289 -0.0123848904336339 0
-0.006875458729716817 -0.04583303594426306 0
0.01530688221488432 -0.01802868898240616 0
-0.03201262706813868 -0.04023250413869277 0
-0.04136228389436233 0.03654557340645544 0
2 9 0 25
1199
1200
1201
1202
1203
1204
1205
1206
1207
1208
1209
1210
1211
1212
1213
1214
1215
1216
1217
1218
1219
1220
1221
1222
1223
-0.003081203334913264 0.004611346666975314 0
0.003232173159672789 -0.004582459614718534 0
-0.004899418015734527 -0.003252142403735101 0
0.004538129926041162 0.002497813949334886 0
0.001081974726288455 0.005439454270952002 0
0.005711485779707728 -0.0009014712634790744 0
-0.00593591060660942 0.001170301324013134 0
-0.001207820916214171 -0.005606599086151322 0
0.001276276209750283 -0.006416273792138293 0
0.00054814245295896 -0.002811695358248487 0
-0.002482633281388599 -0.002956043161696471 0
-0.001571247519919426 3.293256317833058e-05 0
0.001463269781577224 0.0009922543738433529 0
-0.000660865306242752 0.003164471940665171 0
0.003012535689921661 -0.001259228910796622 0
0.005205293466139314 -0.003228923087553008 0
-0.006316209269499371 -0.001245880740392169 0
-0.003634527145789023 -0.005439454270952001 0
0.006711658497079808 0.001224423720971335 0
0.00349894612017 0.005168855385392083 0
-0.001276276209750283 0.006416273792138295 0
-0.005439454270952002 0.003634527145789023 0
-0.003214146896691169 0.002147624295503648 0
0.001984291049566818 0.003452569984037499 0
-0.004069927598307085 -0.0006838680205214379 0
$EndNodes
$Elements
20 2362 1 2699
0 1 15 1
1 1 
0 2 15 1
2 2 
0 3 15 1
3 3 
0 4 15 1
4 4 
0 5 15 1
5 5 
0 6 15 1
6 6 
0 7 15 1
7 7 
0 8 15 1
8 8 
0 9 15 1
9 9 
0 10 15 1
10 10 
0 11 15 1
11 11 
0 12 15 1
12 12 
0 13 15 1
13 13 
0 14 15 1
14 14 
0 15 15 1
15 15 
0 16 15 1
16 16 
2 6 2 384
354 207 127 335 
355 217 137 331 
356 88 168 334 
357 197 117 293 
358 29 13 309 
359 17 1 300 
360 171 91 316 
361 151 71 333 
362 22 6 292 
363 18 2 290 
364 216 136 317 
365 21 5 291 
366 191 111 295 
367 93 173 319 
368 131 211 302 
369 23 7 313 
370 161 81 307 
371 152 72 336 
372 71 151 290 
373 117 197 311 
374 176 96 327 
375 86 166 291 
376 91 171 292 
377 133 213 330 
378 19 3 294 
379 222 142 326 
380 25 9 325 
381 132 212 305 
382 68 148 312 
383 121 201 296 
384 221 141 318 
385 162 82 314 
386 118 198 293 
387 76 156 294 
388 122 202 298 
389 20 4 303 
390 32 16 301 
391 181 101 308 
392 202 122 299 
393 103 183 297 
394 112 192 295 
395 28 12 296 
396 182 102 297 
397 201 121 298 
398 123 203 299 
399 66 146 300 
400 31 15 306 
401 141 221 301 
402 30 14 302 
403 81 161 303 
404 111 191 315 
405 24 8 304 
406 101 181 304 
407 146 66 310 
408 116 196 324 
409 211 131 305 
410 206 126 343 
411 136 216 306 
412 156 76 322 
413 108 188 323 
414 82 162 307 
415 186 106 321 
416 102 182 308 
417 87 167 332 
418 126 206 309 
419 67 147 310 
420 196 116 311 
421 147 67 312 
422 96 176 313 
423 83 163 314 
424 26 10 315 
425 113 193 320 
426 92 172 316 
427 157 77 328 
428 177 97 329 
429 137 217 317 
430 142 222 318 
431 172 92 319 
432 192 112 320 
433 208 128 381 
434 107 187 321 
435 77 157 322 
436 187 107 323 
437 27 11 324 
438 106 186 325 
439 143 223 326 
440 97 177 327 
441 78 158 328 
442 98 178 329 
443 89 169 379 
444 212 132 330 
445 138 218 331 
446 134 214 382 
447 166 86 332 
448 72 152 333 
449 218 138 375 
450 167 87 334 
451 150 70 342 
452 114 194 361 
453 128 208 335 
454 198 118 376 
455 210 130 353 
456 94 174 378 
457 188 108 338 
458 209 129 383 
459 153 73 337 
460 73 153 336 
461 223 143 341 
462 80 160 346 
463 105 185 339 
464 6 22 357 
465 74 154 337 
466 11 27 349 
467 90 170 384 
468 100 180 340 
469 109 189 338 
470 124 204 348 
471 135 215 374 
472 184 104 339 
473 179 99 340 
474 79 159 355 
475 95 175 363 
476 148 68 362 
477 144 224 341 
478 205 125 344 
479 2 18 342 
480 215 135 345 
481 84 164 359 
482 189 109 358 
483 127 207 343 
484 13 29 344 
485 16 32 356 
486 15 31 345 
487 180 100 351 
488 99 179 354 
489 159 79 346 
490 10 26 352 
491 155 75 371 
492 4 20 350 
493 225 145 360 
494 165 85 347 
495 5 21 347 
496 115 195 380 
497 203 123 348 
498 195 115 349 
499 160 80 350 
500 224 144 370 
501 104 184 367 
502 8 24 351 
503 190 110 352 
504 12 28 369 
505 85 165 365 
506 154 74 368 
507 14 30 353 
508 178 98 354 
509 158 78 355 
510 220 140 356 
511 170 90 357 
512 110 190 358 
513 163 83 359 
514 9 25 364 
515 1 17 360 
516 193 113 361 
517 149 69 385 
518 69 149 362 
519 174 94 363 
520 185 105 364 
521 120 200 366 
522 164 84 365 
523 199 119 366 
524 183 103 367 
525 75 155 368 
526 200 120 369 
527 145 225 370 
528 219 139 372 
529 7 23 373 
530 3 19 371 
531 125 205 377 
532 140 220 372 
533 175 95 373 
534 214 134 374 
535 139 219 375 
536 119 199 376 
537 204 124 377 
538 173 93 378 
539 168 88 379 
540 194 114 380 
541 129 209 381 
542 213 133 382 
543 130 210 383 
544 169 89 384 
545 70 150 385 
546 1 66 300 
547 145 1 360 
548 70 2 342 
549 2 71 290 
550 75 3 371 
551 3 76 294 
552 80 4 350 
553 4 81 303 
554 85 5 347 
555 5 86 291 
556 90 6 357 
557 6 91 292 
558 95 7 373 
559 7 96 313 
560 100 8 351 
561 8 101 304 
562 105 9 364 
563 9 106 325 
564 110 10 352 
565 10 111 315 
566 115 11 349 
567 11 116 324 
568 120 12 369 
569 12 121 296 
570 125 13 344 
571 13 126 309 
572 130 14 353 
573 14 131 302 
574 135 15 345 
575 15 136 306 
576 140 16 356 
577 16 141 301 
578 146 17 300 
579 17 225 360 
580 18 150 342 
581 151 18 290 
582 19 155 371 
583 156 19 294 
584 20 160 350 
585 161 20 303 
586 21 165 347 
587 166 21 291 
588 22 170 357 
589 171 22 292 
590 23 175 373 
591 176 23 313 
592 24 180 351 
593 181 24 304 
594 25 185 364 
595 186 25 325 
596 26 190 352 
597 191 26 315 
598 27 195 349 
599 196 27 324 
600 28 200 369 
601 201 28 296 
602 29 205 344 
603 206 29 309 
604 30 210 353 
605 211 30 302 
606 31 215 345 
607 216 31 306 
608 32 220 356 
609 221 32 301 
610 66 67 310 
611 67 68 312 
612 68 69 362 
613 69 70 385 
614 71 72 333 
615 72 73 336 
616 73 74 337 
617 74 75 368 
618 76 77 322 
619 77 78 328 
620 78 79 355 
621 79 80 346 
622 81 82 307 
623 82 83 314 
624 83 84 359 
625 84 85 365 
626 86 87 332 
627 87 88 334 
628 88 89 379 
629 89 90 384 
630 91 92 316 
631 92 93 319 
632 93 94 378 
633 94 95 363 
634 96 97 327 
635 97 98 329 
636 98 99 354 
637 99 100 340 
638 101 102 308 
639 102 103 297 
640 103 104 367 
641 104 105 339 
642 106 107 321 
643 107 108 323 
644 108 109 338 
645 109 110 358 
646 111 112 295 
647 112 113 320 
648 113 114 361 
649 114 115 380 
650 116 117 311 
651 117 118 293 
652 118 119 376 
653 119 120 366 
654 121 122 298 
655 122 123 299 
656 123 124 348 
657 124 125 377 
658 126 127 343 
659 127 128 335 
660 128 129 381 
661 129 130 383 
662 131 132 305 
663 132 133 330 
664 133 134 382 
665 134 135 374 
666 136 137 317 
667 137 138 331 
668 138 139 375 
669 139 140 372 
670 141 142 318 
671 142 143 326 
672 143 144 341 
673 144 145 370 
674 147 146 310 
675 148 147 312 
676 149 148 362 
677 150 149 385 
678 152 151 333 
679 153 152 336 
680 154 153 337 
681 155 154 368 
682 157 156 322 
683 158 157 328 
684 159 158 355 
685 160 159 346 
686 162 161 307 
687 163 162 314 
688 164 163 359 
689 165 164 365 
690 167 166 332 
691 168 167 334 
692 169 168 379 
693 170 169 384 
694 172 171 316 
695 173 172 319 
696 174 173 378 
697 175 174 363 
698 177 176 327 
699 178 177 329 
700 179 178 354 
701 180 179 340 
702 182 181 308 
703 183 182 297 
704 184 183 367 
705 185 184 339 
706 187 186 321 
707 188 187 323 
708 189 188 338 
709 190 189 358 
710 192 191 295 
711 193 192 320 
712 194 193 361 
713 195 194 380 
714 197 196 311 
715 198 197 293 
716 199 198 376 
717 200 199 366 
718 202 201 298 
719 203 202 299 
720 204 203 348 
721 205 204 377 
722 207 206 343 
723 208 207 335 
724 209 208 381 
725 210 209 383 
726 212 211 305 
727 213 212 330 
728 214 213 382 
729 215 214 374 
730 217 216 317 
731 218 217 331 
732 219 218 375 
733 220 219 372 
734 222 221 318 
735 223 222 326 
736 224 223 341 
737 225 224 370 
2 7 2 368
738 451 248 457 
739 450 228 472 
740 461 288 478 
741 466 284 481 
742 455 239 473 
743 456 272 480 
744 453 255 468 
745 463 275 474 
746 452 243 470 
747 460 251 475 
748 458 235 477 
749 467 268 479 
750 454 231 476 
751 464 264 471 
752 459 259 469 
753 462 280 465 
754 240 239 455 
755 256 255 453 
756 244 243 452 
757 276 275 463 
758 252 251 460 
759 236 235 458 
760 232 231 454 
761 248 247 457 
762 284 283 481 
763 288 287 478 
764 228 227 472 
765 260 259 459 
766 272 271 480 
767 268 267 479 
768 264 263 471 
769 280 279 465 
770 259 258 447 
771 249 248 421 
772 257 256 420 
773 281 280 429 
774 241 240 424 
775 265 264 431 
776 289 288 428 
777 231 230 442 
778 245 244 422 
779 273 272 423 
780 233 232 419 
781 261 260 426 
782 269 268 433 
783 237 236 427 
784 283 282 437 
785 243 242 449 
786 229 228 418 
787 253 252 430 
788 285 284 432 
789 277 276 425 
790 235 234 444 
791 255 254 446 
792 247 246 445 
793 251 250 440 
794 239 238 448 
795 279 278 435 
796 227 226 438 
797 267 266 439 
798 287 286 443 
799 263 262 436 
800 271 270 441 
801 275 274 434 
802 259 447 469 
803 243 449 470 
804 421 248 451 
805 420 256 453 
806 429 280 462 
807 231 442 476 
808 247 445 457 
809 424 240 455 
810 431 264 464 
811 428 288 461 
812 433 268 467 
813 426 260 459 
814 423 272 456 
815 422 244 452 
816 419 232 454 
817 255 446 468 
818 427 236 458 
819 235 444 477 
820 239 448 473 
821 251 440 475 
822 430 252 460 
823 432 284 466 
824 418 228 450 
825 227 438 472 
826 283 437 481 
827 425 276 463 
828 287 443 478 
829 267 439 479 
830 263 436 471 
831 279 435 465 
832 275 434 474 
833 271 441 480 
834 246 38 390 
835 242 37 409 
836 234 35 396 
837 274 45 394 
838 258 41 403 
839 226 33 415 
840 250 39 392 
841 41 257 402 
842 37 241 401 
843 34 229 388 
844 230 34 414 
845 42 261 407 
846 286 48 397 
847 35 233 389 
848 39 249 391 
849 33 289 404 
850 36 237 406 
851 254 40 410 
852 38 245 387 
853 238 36 408 
854 40 253 411 
855 45 273 386 
856 270 44 393 
857 46 277 413 
858 47 281 400 
859 43 265 399 
860 44 269 395 
861 266 43 412 
862 48 285 398 
863 262 42 405 
864 282 47 416 
865 278 46 417 
866 150 18 388 
867 22 171 390 
868 29 206 394 
869 28 201 393 
870 19 156 396 
871 32 221 397 
872 23 176 392 
873 18 151 414 
874 205 29 386 
875 21 166 409 
876 26 191 405 
877 30 211 417 
878 215 31 400 
879 155 19 389 
880 24 181 410 
881 25 186 403 
882 27 196 412 
883 20 161 408 
884 31 216 416 
885 210 30 413 
886 17 146 415 
887 170 22 387 
888 195 27 399 
889 165 21 401 
890 175 23 391 
891 225 17 404 
892 200 28 395 
893 220 32 398 
894 185 25 402 
895 160 20 406 
896 190 26 407 
897 180 24 411 
898 184 185 420 
899 174 175 421 
900 149 150 418 
901 154 155 419 
902 169 170 422 
903 189 190 426 
904 204 205 423 
905 164 165 424 
906 159 160 427 
907 199 200 433 
908 179 180 430 
909 209 210 425 
910 224 225 428 
911 146 147 438 
912 214 215 429 
913 194 195 431 
914 219 220 432 
915 186 187 447 
916 176 177 440 
917 206 207 434 
918 211 212 435 
919 191 192 436 
920 216 217 437 
921 196 197 439 
922 201 202 441 
923 221 222 443 
924 151 152 442 
925 156 157 444 
926 171 172 445 
927 181 182 446 
928 161 162 448 
929 166 167 449 
930 172 173 457 
931 212 213 465 
932 182 183 468 
933 167 168 470 
934 192 193 471 
935 153 154 454 
936 162 163 473 
937 148 149 450 
938 207 208 474 
939 203 204 456 
940 147 148 472 
941 152 153 476 
942 202 203 480 
943 187 188 469 
944 223 224 461 
945 163 164 455 
946 208 209 463 
947 222 223 478 
948 177 178 475 
949 168 169 452 
950 193 194 464 
951 157 158 477 
952 218 219 466 
953 197 198 479 
954 217 218 481 
955 213 214 462 
956 183 184 453 
957 158 159 458 
958 173 174 451 
959 198 199 467 
960 188 189 459 
961 178 179 460 
962 402 257 420 
963 388 229 418 
964 401 241 424 
965 407 261 426 
966 389 233 419 
967 391 249 421 
968 406 237 427 
969 387 245 422 
970 411 253 430 
971 404 289 428 
972 413 277 425 
973 386 273 423 
974 399 265 431 
975 400 281 429 
976 274 394 434 
977 398 285 432 
978 395 269 433 
979 226 415 438 
980 246 390 445 
981 242 409 449 
982 250 392 440 
983 234 396 444 
984 278 417 435 
985 262 405 436 
986 270 393 441 
987 286 397 443 
988 282 416 437 
989 266 412 439 
990 258 403 447 
991 230 414 442 
992 254 410 446 
993 238 408 448 
994 387 22 390 
995 388 18 414 
996 389 19 396 
997 386 29 394 
998 28 393 395 
999 32 397 398 
1000 391 23 392 
1001 401 21 409 
1002 413 30 417 
1003 399 27 412 
1004 400 31 416 
1005 26 405 407 
1006 406 20 408 
1007 24 410 411 
1008 404 17 415 
1009 402 25 403 
1010 150 388 418 
1011 205 386 423 
1012 155 389 419 
1013 210 413 425 
1014 185 402 420 
1015 170 387 422 
1016 175 391 421 
1017 165 401 424 
1018 215 400 429 
1019 195 399 431 
1020 190 407 426 
1021 225 404 428 
1022 160 406 427 
1023 394 206 434 
1024 200 395 433 
1025 180 411 430 
1026 220 398 432 
1027 417 211 435 
1028 414 151 442 
1029 415 146 438 
1030 390 171 445 
1031 392 176 440 
1032 396 156 444 
1033 397 221 443 
1034 405 191 436 
1035 393 201 441 
1036 416 216 437 
1037 403 186 447 
1038 412 196 439 
1039 410 181 446 
1040 409 166 449 
1041 408 161 448 
1042 154 419 454 
1043 184 420 453 
1044 149 418 450 
1045 204 423 456 
1046 164 424 455 
1047 174 421 451 
1048 169 422 452 
1049 445 172 457 
1050 224 428 461 
1051 209 425 463 
1052 435 212 465 
1053 159 427 458 
1054 189 426 459 
1055 219 432 466 
1056 179 430 460 
1057 194 431 464 
1058 438 147 472 
1059 199 433 467 
1060 436 192 471 
1061 214 429 462 
1062 434 207 474 
1063 447 187 469 
1064 446 182 468 
1065 449 167 470 
1066 440 177 475 
1067 442 152 476 
1068 437 217 481 
1069 448 162 473 
1070 441 202 480 
1071 439 197 479 
1072 443 222 478 
1073 444 157 477 
1074 34 388 414 
1075 38 387 390 
1076 35 389 396 
1077 45 386 394 
1078 46 413 417 
1079 397 48 398 
1080 393 44 395 
1081 37 401 409 
1082 410 40 411 
1083 39 391 392 
1084 43 399 412 
1085 36 406 408 
1086 47 400 416 
1087 405 42 407 
1088 33 404 415 
1089 41 402 403 
1090 173 451 457 
1091 168 452 470 
1092 183 453 468 
1093 213 462 465 
1094 163 455 473 
1095 193 464 471 
1096 148 450 472 
1097 153 454 476 
1098 188 459 469 
1099 203 456 480 
1100 158 458 477 
1101 223 461 478 
1102 178 460 475 
1103 208 463 474 
1104 218 466 481 
1105 198 467 479 
2 8 2 1530
1106 964 965 1128 
1107 249 39 900 
1108 490 869 1067 
1109 808 886 912 
1110 39 507 900 
1111 869 490 1080 
1112 503 964 1128 
1113 37 242 960 
1114 870 1113 1124 
1115 893 524 1002 
1116 884 521 985 
1117 825 1028 1118 
1118 505 876 1063 
1119 507 885 900 
1120 987 878 1031 
1121 720 1128 1131 
1122 252 502 997 
1123 1113 646 1124 
1124 998 508 1115 
1125 493 987 1031 
1126 497 1017 1018 
1127 1121 1148 1149 
1128 778 874 1036 
1129 886 808 1195 
1130 1029 939 1030 
1131 861 61 1074 
1132 269 44 989 
1133 262 263 1043 
1134 930 811 1044 
1135 774 910 958 
1136 639 905 1027 
1137 713 1081 1082 
1138 260 500 909 
1139 1014 491 1015 
1140 889 939 1029 
1141 1128 965 1131 
1142 985 521 1062 
1143 885 507 1082 
1144 228 229 986 
1145 775 774 958 
1146 521 884 986 
1147 242 513 960 
1148 918 985 1062 
1149 1121 877 1148 
1150 905 639 1093 
1151 259 260 909 
1152 251 252 997 
1153 817 1082 1139 
1154 846 806 913 
1155 501 895 1070 
1156 739 54 1097 
1157 887 527 1147 
1158 826 1122 1126 
1159 728 927 1033 
1160 524 893 1084 
1161 811 930 1141 
1162 927 728 1130 
1163 721 52 722 
1164 628 881 1094 
1165 888 779 1179 
1166 1028 492 1118 
1167 999 998 1115 
1168 500 894 909 
1169 874 778 955 
1170 834 833 987 
1171 731 487 732 
1172 879 641 1143 
1173 725 484 726 
1174 881 628 1105 
1175 889 584 1013 
1176 722 52 1032 
1177 641 879 1135 
1178 718 847 927 
1179 808 912 913 
1180 779 888 1053 
1181 584 889 1029 
1182 808 880 1195 
1183 57 56 525 
1184 585 939 1040 
1185 53 52 721 
1186 59 58 849 
1187 62 61 861 
1188 55 54 739 
1189 1081 885 1082 
1190 1063 876 1091 
1191 737 1036 1074 
1192 52 51 1032 
1193 865 1088 1112 
1194 953 1021 1040 
1195 527 887 1117 
1196 500 1060 1066 
1197 584 995 1013 
1198 939 585 1030 
1199 1092 866 1104 
1200 995 845 1013 
1201 733 849 850 
1202 60 487 731 
1203 806 808 913 
1204 63 484 725 
1205 647 1092 1104 
1206 894 500 1066 
1207 783 723 784 
1208 1152 891 1158 
1209 44 498 989 
1210 891 873 1158 
1211 997 817 1139 
1212 876 505 1157 
1213 1122 509 1126 
1214 1060 922 1066 
1215 502 996 997 
1216 226 227 1031 
1217 628 901 1105 
1218 914 930 1044 
1219 1070 895 1138 
1220 525 56 1147 
1221 263 495 1043 
1222 849 58 1146 
1223 511 262 1043 
1224 925 792 927 
1225 867 897 1179 
1226 727 484 861 
1227 733 487 849 
1228 983 1047 1116 
1229 518 269 989 
1230 792 925 926 
1231 901 628 1127 
1232 721 723 783 
1233 508 998 1125 
1234 879 1151 1158 
1235 735 732 1110 
1236 50 49 1149 
1237 1021 585 1040 
1238 775 958 1163 
1239 1017 497 1019 
1240 493 228 986 
1241 948 945 1109 
1242 483 783 890 
1243 61 731 1074 
1244 229 521 986 
1245 813 931 942 
1246 952 1078 1079 
1247 1036 861 1074 
1248 966 1155 1172 
1249 497 1018 1123 
1250 37 960 1154 
1251 785 784 1106 
1252 897 1164 1179 
1253 873 879 1158 
1254 848 724 899 
1255 1155 856 1172 
1256 890 785 1039 
1257 699 902 1038 
1258 792 718 927 
1259 1047 496 1116 
1260 1088 971 1112 
1261 958 1052 1163 
1262 729 50 1149 
1263 1015 491 1168 
1264 727 861 1036 
1265 934 870 1124 
1266 1046 1001 1069 
1267 520 1018 1055 
1268 881 941 1083 
1269 914 649 930 
1270 1148 729 1149 
1271 510 962 964 
1272 903 715 953 
1273 491 1014 1037 
1274 519 1046 1069 
1275 706 948 1109 
1276 622 897 1160 
1277 483 890 1097 
1278 715 903 951 
1279 881 1083 1094 
1280 833 878 987 
1281 897 622 1164 
1282 498 913 989 
1283 884 834 987 
1284 723 724 848 
1285 792 926 938 
1286 883 940 1090 
1287 1086 844 1100 
1288 882 908 1170 
1289 817 713 1082 
1290 621 941 1035 
1291 1064 891 1152 
1292 919 871 1185 
1293 870 934 1173 
1294 924 800 1107 
1295 900 825 1118 
1296 874 727 1036 
1297 720 999 1128 
1298 936 845 1010 
1299 883 1090 1103 
1300 878 962 1031 
1301 1039 785 1165 
1302 54 483 1097 
1303 949 1022 1035 
1304 927 847 1033 
1305 1050 992 1061 
1306 520 1055 1056 
1307 549 1086 1100 
1308 785 1106 1165 
1309 911 518 912 
1310 962 510 1031 
1311 913 498 1169 
1312 1044 811 1148 
1313 903 770 951 
1314 732 733 1110 
1315 517 1064 1152 
1316 510 964 1120 
1317 249 900 1118 
1318 227 493 1031 
1319 601 940 1072 
1320 950 1034 1072 
1321 510 226 1031 
1322 845 995 1010 
1323 968 1085 1108 
1324 936 629 977 
1325 1022 621 1035 
1326 1093 920 1167 
1327 853 854 1052 
1328 649 914 954 
1329 1002 524 1145 
1330 486 1033 1121 
1331 893 499 1084 
1332 882 1170 1181 
1333 669 1106 1111 
1334 680 650 953 
1335 516 1050 1061 
1336 909 826 1126 
1337 519 983 1046 
1338 506 918 1062 
1339 931 813 1141 
1340 877 1044 1148 
1341 1034 601 1072 
1342 784 855 1106 
1343 944 916 957 
1344 722 1032 1133 
1345 926 579 938 
1346 490 1056 1080 
1347 901 641 1135 
1348 983 519 1047 
1349 780 699 1038 
1350 903 953 1040 
1351 715 680 953 
1352 779 867 1179 
1353 1011 880 1180 
1354 905 1093 1167 
1355 943 632 1023 
1356 846 913 1169 
1357 943 866 1073 
1358 495 907 1043 
1359 527 525 1147 
1360 648 598 921 
1361 880 1011 1195 
1362 941 621 1083 
1363 964 503 1120 
1364 994 1075 1140 
1365 770 824 951 
1366 923 665 924 
1367 895 501 1137 
1368 641 901 1127 
1369 571 679 917 
1370 921 716 942 
1371 608 652 919 
1372 853 1052 1129 
1373 932 855 1175 
1374 646 544 935 
1375 902 699 1182 
1376 737 778 1036 
1377 916 745 957 
1378 855 932 1111 
1379 800 924 1178 
1380 486 64 1174 
1381 575 665 923 
1382 972 492 1028 
1383 931 648 942 
1384 1043 907 1197 
1385 724 722 1133 
1386 558 639 928 
1387 649 929 930 
1388 1056 490 1156 
1389 64 725 1174 
1390 1106 855 1111 
1391 759 936 977 
1392 836 943 1023 
1393 499 893 1187 
1394 1150 1043 1197 
1395 678 792 938 
1396 586 678 938 
1397 649 594 929 
1398 598 600 921 
1399 562 564 920 
1400 907 495 1042 
1401 933 664 934 
1402 577 579 926 
1403 940 601 1090 
1404 544 548 935 
1405 592 649 954 
1406 1078 952 1171 
1407 652 899 1144 
1408 716 919 1185 
1409 912 518 989 
1410 648 921 942 
1411 554 664 933 
1412 1073 866 1092 
1413 669 616 937 
1414 635 671 956 
1415 1067 869 1183 
1416 1106 1089 1165 
1417 726 484 727 
1418 1085 696 1108 
1419 534 536 957 
1420 992 504 1061 
1421 732 487 733 
1422 888 627 947 
1423 511 922 1060 
1424 562 920 1093 
1425 745 534 957 
1426 646 935 1124 
1427 731 732 734 
1428 627 638 947 
1429 606 608 919 
1430 718 719 847 
1431 925 927 1130 
1432 629 936 1010 
1433 569 571 917 
1434 545 635 956 
1435 725 726 728 
1436 761 845 936 
1437 816 951 952 
1438 887 902 1117 
1439 678 717 718 
1440 929 648 931 
1441 721 722 723 
1442 783 784 785 
1443 542 646 944 
1444 899 652 1175 
1445 567 569 634 
1446 718 717 719 
1447 847 719 877 
1448 838 866 943 
1449 1082 507 1139 
1450 1001 489 1069 
1451 871 919 1144 
1452 608 610 652 
1453 571 573 679 
1454 634 569 917 
1455 618 622 937 
1456 259 909 1126 
1457 604 606 716 
1458 716 606 919 
1459 492 972 1132 
1460 513 959 960 
1461 914 717 954 
1462 546 538 946 
1463 554 556 664 
1464 552 554 933 
1465 586 588 678 
1466 592 594 649 
1467 950 692 1012 
1468 924 665 925 
1469 678 588 717 
1470 855 848 1175 
1471 717 588 954 
1472 573 575 923 
1473 784 723 848 
1474 945 653 946 
1475 1136 871 1144 
1476 610 612 932 
1477 581 586 938 
1478 733 850 851 
1479 558 560 639 
1480 930 931 1141 
1481 679 573 923 
1482 854 655 945 
1483 575 577 665 
1484 930 929 931 
1485 596 648 929 
1486 952 1079 1125 
1487 556 558 928 
1488 664 556 928 
1489 652 610 932 
1490 594 596 929 
1491 548 552 935 
1492 600 604 921 
1493 761 763 845 
1494 1075 494 1140 
1495 1143 647 1151 
1496 996 502 1095 
1497 604 605 606 
1498 710 789 844 
1499 860 934 1161 
1500 564 567 920 
1501 616 618 937 
1502 653 546 946 
1503 759 761 936 
1504 748 690 949 
1505 655 653 945 
1506 765 767 889 
1507 567 568 569 
1508 658 676 910 
1509 800 874 1107 
1510 752 750 941 
1511 941 750 1035 
1512 586 587 588 
1513 880 807 883 
1514 803 703 950 
1515 807 805 940 
1516 836 838 943 
1517 614 616 669 
1518 638 658 947 
1519 881 752 941 
1520 795 752 881 
1521 596 598 648 
1522 883 807 940 
1523 606 607 608 
1524 690 688 949 
1525 540 542 944 
1526 860 735 1110 
1527 838 840 866 
1528 939 769 1040 
1529 518 911 1054 
1530 767 769 939 
1531 889 767 939 
1532 569 570 571 
1533 703 692 950 
1534 819 797 901 
1535 542 544 646 
1536 552 933 935 
1537 552 553 554 
1538 618 620 622 
1539 845 763 1013 
1540 671 710 956 
1541 608 609 610 
1542 600 603 604 
1543 913 912 989 
1544 564 566 567 
1545 678 718 792 
1546 536 540 957 
1547 581 583 586 
1548 665 577 926 
1549 765 889 1013 
1550 923 924 1107 
1551 1033 486 1174 
1552 230 231 506 
1553 266 267 505 
1554 280 281 504 
1555 288 289 503 
1556 252 253 502 
1557 244 245 501 
1558 260 261 500 
1559 35 234 499 
1560 44 270 498 
1561 276 277 497 
1562 240 241 496 
1563 255 256 491 
1564 227 228 493 
1565 247 248 492 
1566 283 284 494 
1567 263 264 495 
1568 658 910 947 
1569 759 760 761 
1570 237 36 489 
1571 273 45 490 
1572 571 572 573 
1573 854 945 948 
1574 873 821 879 
1575 940 805 1072 
1576 853 655 854 
1577 579 581 938 
1578 567 634 920 
1579 592 593 594 
1580 977 629 980 
1581 779 699 780 
1582 812 871 1136 
1583 268 269 518 
1584 232 233 517 
1585 38 246 512 
1586 33 226 510 
1587 40 254 514 
1588 42 262 511 
1589 47 282 516 
1590 229 34 521 
1591 265 43 522 
1592 626 627 888 
1593 604 716 921 
1594 548 551 552 
1595 271 272 523 
1596 235 236 524 
1597 238 239 519 
1598 274 275 520 
1599 761 762 763 
1600 531 745 1024 
1601 242 243 513 
1602 278 279 515 
1603 949 688 975 
1604 554 555 556 
1605 707 677 967 
1606 1018 520 1123 
1607 748 949 1035 
1608 623 625 626 
1609 573 574 575 
1610 1088 865 1137 
1611 41 258 509 
1612 39 250 507 
1613 48 286 508 
1614 610 611 612 
1615 756 758 759 
1616 589 591 592 
1617 749 748 750 
1618 783 785 890 
1619 589 592 954 
1620 804 803 805 
1621 763 764 765 
1622 698 672 699 
1623 622 620 623 
1624 701 690 748 
1625 556 557 558 
1626 604 603 605 
1627 802 703 803 
1628 606 605 607 
1629 567 566 568 
1630 867 780 868 
1631 640 1009 1011 
1632 765 766 767 
1633 586 583 587 
1634 594 595 596 
1635 751 750 752 
1636 806 805 807 
1637 638 657 658 
1638 754 977 980 
1639 676 707 958 
1640 932 612 1111 
1641 710 844 956 
1642 831 829 968 
1643 658 659 676 
1644 575 576 577 
1645 569 568 570 
1646 558 559 560 
1647 767 768 769 
1648 951 824 952 
1649 756 759 977 
1650 719 717 914 
1651 710 711 789 
1652 953 650 1021 
1653 540 944 957 
1654 836 837 838 
1655 753 752 795 
1656 552 551 553 
1657 808 807 880 
1658 671 685 710 
1659 588 587 589 
1660 832 834 836 
1661 608 607 609 
1662 838 839 840 
1663 1004 830 1023 
1664 560 561 562 
1665 531 534 745 
1666 803 950 1072 
1667 759 758 760 
1668 647 1104 1151 
1669 897 868 898 
1670 956 844 1051 
1671 761 760 762 
1672 588 589 954 
1673 676 677 707 
1674 1068 489 1114 
1675 571 570 572 
1676 945 946 1109 
1677 796 795 797 
1678 789 790 856 
1679 554 553 555 
1680 1009 771 1011 
1681 910 676 958 
1682 769 770 903 
1683 677 687 967 
1684 840 841 842 
1685 964 963 965 
1686 798 797 819 
1687 516 994 1050 
1688 592 591 593 
1689 701 748 749 
1690 536 539 540 
1691 577 578 579 
1692 763 762 764 
1693 612 613 614 
1694 626 625 627 
1695 687 786 896 
1696 802 803 804 
1697 962 835 963 
1698 573 572 574 
1699 835 831 968 
1700 617 615 975 
1701 610 609 611 
1702 632 1004 1023 
1703 540 541 542 
1704 820 819 821 
1705 691 660 746 
1706 1117 902 1182 
1707 596 597 598 
1708 661 853 988 
1709 658 657 659 
1710 749 750 751 
1711 556 555 557 
1712 852 850 915 
1713 804 805 806 
1714 933 934 1124 
1715 674 651 966 
1716 765 764 766 
1717 872 821 873 
1718 594 593 595 
1719 698 699 779 
1720 994 516 1075 
1721 562 563 564 
1722 636 546 653 
1723 612 611 613 
1724 767 766 768 
1725 251 997 1139 
1726 575 574 576 
1727 946 538 974 
1728 779 780 867 
1729 751 752 753 
1730 558 557 559 
1731 639 560 1093 
1732 836 834 837 
1733 806 807 808 
1734 832 836 1023 
1735 654 653 655 
1736 623 624 625 
1737 838 837 839 
1738 614 615 616 
1739 986 884 987 
1740 542 543 544 
1741 705 674 966 
1742 710 685 711 
1743 676 659 677 
1744 616 617 618 
1745 579 580 581 
1746 816 715 951 
1747 632 943 1073 
1748 753 795 796 
1749 668 633 688 
1750 645 682 862 
1751 662 694 754 
1752 714 680 715 
1753 746 660 969 
1754 734 736 737 
1755 596 595 597 
1756 840 839 841 
1757 560 559 561 
1758 661 655 853 
1759 754 755 756 
1760 740 683 741 
1761 1068 1114 1145 
1762 687 896 967 
1763 598 599 600 
1764 704 674 705 
1765 689 688 690 
1766 769 768 770 
1767 823 705 906 
1768 633 617 975 
1769 925 665 926 
1770 666 695 696 
1771 564 565 566 
1772 577 576 578 
1773 756 757 758 
1774 962 963 964 
1775 618 619 620 
1776 966 651 1025 
1777 963 835 968 
1778 691 746 747 
1779 789 711 790 
1780 960 744 961 
1781 771 772 773 
1782 796 797 798 
1783 495 264 1102 
1784 663 693 771 
1785 798 819 820 
1786 600 602 603 
1787 896 786 908 
1788 581 582 583 
1789 287 1096 1115 
1790 675 643 692 
1791 562 561 563 
1792 544 547 548 
1793 673 709 857 
1794 842 841 875 
1795 700 690 701 
1796 702 692 703 
1797 773 827 886 
1798 820 821 872 
1799 867 868 897 
1800 737 738 778 
1801 683 661 988 
1802 532 529 630 
1803 886 911 912 
1804 916 944 1113 
1805 801 703 802 
1806 548 550 551 
1807 58 57 482 
1808 54 53 483 
1809 63 62 484 
1810 51 50 485 
1811 49 64 486 
1812 60 59 487 
1813 56 55 488 
1814 540 539 541 
1815 686 777 782 
1816 589 590 591 
1817 627 637 638 
1818 723 722 724 
1819 644 829 830 
1820 844 789 1100 
1821 712 681 713 
1822 778 904 955 
1823 872 873 891 
1824 830 831 832 
1825 851 850 852 
1826 542 541 543 
1827 623 620 624 
1828 782 825 885 
1829 579 578 580 
1830 638 656 657 
1831 832 833 834 
1832 708 826 894 
1833 489 1001 1114 
1834 603 602 641 
1835 614 613 615 
1836 616 615 617 
1837 568 566 629 
1838 598 597 599 
1839 618 617 619 
1840 607 605 628 
1841 862 682 863 
1842 636 653 654 
1843 61 60 731 
1844 701 749 815 
1845 762 760 787 
1846 950 1012 1034 
1847 504 992 1076 
1848 687 712 786 
1849 754 694 755 
1850 564 563 565 
1851 654 655 661 
1852 668 688 689 
1853 493 986 987 
1854 740 741 882 
1855 858 1015 1016 
1856 644 830 1004 
1857 627 625 637 
1858 934 664 1161 
1859 553 551 640 
1860 833 831 835 
1861 756 755 757 
1862 677 681 687 
1863 714 715 816 
1864 600 599 602 
1865 583 582 642 
1866 704 705 823 
1867 804 806 846 
1868 734 732 735 
1869 64 63 725 
1870 686 660 691 
1871 656 637 660 
1872 823 906 907 
1873 758 757 843 
1874 689 690 700 
1875 726 727 800 
1876 581 580 582 
1877 589 587 590 
1878 878 835 962 
1879 773 772 827 
1880 852 915 916 
1881 918 506 1087 
1882 841 839 918 
1883 771 693 772 
1884 820 872 893 
1885 770 822 824 
1886 689 700 743 
1887 544 543 547 
1888 702 801 814 
1889 671 684 685 
1890 796 798 818 
1891 702 703 801 
1892 827 772 876 
1893 766 764 776 
1894 751 753 781 
1895 619 617 633 
1896 837 834 884 
1897 528 530 531 
1898 675 692 702 
1899 888 947 1193 
1900 537 535 538 
1901 635 670 671 
1902 708 684 742 
1903 886 827 911 
1904 574 572 584 
1905 644 590 828 
1906 859 735 860 
1907 865 864 895 
1908 863 682 864 
1909 642 582 650 
1910 763 765 1013 
1911 686 691 777 
1912 677 659 681 
1913 801 802 869 
1914 697 672 698 
1915 1071 504 1076 
1916 548 547 550 
1917 790 791 793 
1918 620 619 978 
1919 782 777 825 
1920 770 768 822 
1921 743 744 959 
1922 602 599 647 
1923 712 713 817 
1924 885 825 900 
1925 795 881 1105 
1926 638 637 656 
1927 863 864 865 
1928 755 694 794 
1929 688 633 975 
1930 645 668 682 
1931 654 661 673 
1932 830 829 831 
1933 614 669 1111 
1934 866 840 1104 
1935 566 565 980 
1936 687 681 712 
1937 832 831 833 
1938 704 823 892 
1939 662 754 980 
1940 534 535 536 
1941 645 862 978 
1942 970 971 972 
1943 535 533 974 
1944 565 563 643 
1945 645 633 668 
1946 531 533 534 
1947 559 557 601 
1948 631 630 672 
1949 619 633 645 
1950 656 660 686 
1951 799 739 1097 
1952 545 538 546 
1953 536 537 539 
1954 901 797 1105 
1955 591 590 644 
1956 595 593 632 
1957 754 756 977 
1958 613 611 621 
1959 662 675 694 
1960 857 709 858 
1961 743 700 744 
1962 833 835 878 
1963 550 547 651 
1964 635 546 636 
1965 565 643 662 
1966 580 578 585 
1967 959 744 960 
1968 642 650 666 
1969 988 853 1129 
1970 482 57 525 
1971 673 661 683 
1972 482 526 667 
1973 894 826 909 
1974 673 683 709 
1975 666 680 695 
1976 695 714 720 
1977 662 643 675 
1978 709 683 740 
1979 666 650 680 
1980 790 711 791 
1981 741 683 988 
1982 673 857 984 
1983 551 550 1009 
1984 970 747 971 
1985 695 680 714 
1986 693 674 704 
1987 784 848 855 
1988 793 791 922 
1989 708 894 1006 
1990 663 651 674 
1991 663 674 693 
1992 697 774 775 
1993 483 53 721 
1994 644 828 829 
1995 719 914 1044 
1996 625 624 969 
1997 543 541 549 
1998 487 59 849 
1999 737 736 738 
2000 685 684 708 
2001 961 744 1008 
2002 550 651 663 
2003 484 62 861 
2004 663 771 1009 
2005 778 738 904 
2006 485 50 729 
2007 708 742 826 
2008 760 758 973 
2009 949 975 1022 
2010 691 747 970 
2011 488 55 739 
2012 1051 844 1086 
2013 624 620 978 
2014 536 535 537 
2015 734 735 736 
2016 534 533 535 
2017 537 538 545 
2018 979 642 1041 
2019 635 636 670 
2020 545 546 635 
2021 530 529 532 
2022 802 804 976 
2023 629 566 980 
2024 528 527 529 
2025 488 788 887 
2026 758 843 973 
2027 637 625 969 
2028 526 525 527 
2029 692 643 1012 
2030 771 773 1011 
2031 619 645 978 
2032 671 670 684 
2033 851 852 870 
2034 782 885 1081 
2035 944 646 1113 
2036 697 698 774 
2037 749 751 982 
2038 686 782 1007 
2039 565 662 980 
2040 812 813 871 
2041 531 530 533 
2042 701 815 1008 
2043 777 691 970 
2044 528 529 530 
2045 904 738 905 
2046 659 657 990 
2047 526 527 528 
2048 41 509 1101 
2049 485 730 809 
2050 700 701 1008 
2051 538 535 974 
2052 532 630 631 
2053 764 762 991 
2054 839 837 985 
2055 869 802 976 
2056 640 551 1009 
2057 768 766 993 
2058 482 525 526 
2059 583 642 979 
2060 631 672 697 
2061 550 663 1009 
2062 810 730 811 
2063 809 810 812 
2064 800 727 874 
2065 666 696 1041 
2066 1142 775 1163 
2067 787 760 973 
2068 660 637 969 
2069 713 681 990 
2070 587 583 979 
2071 711 685 1006 
2072 563 561 1012 
2073 532 631 706 
2074 593 591 1004 
2075 786 712 996 
2076 753 796 1000 
2077 657 656 1007 
2078 572 570 995 
2079 720 998 999 
2080 804 846 976 
2081 815 749 982 
2082 798 820 1002 
2083 499 234 1084 
2084 736 735 859 
2085 812 810 813 
2086 864 682 981 
2087 685 708 1006 
2088 815 982 983 
2089 830 832 1023 
2090 591 644 1004 
2091 682 668 981 
2092 576 574 1029 
2093 636 654 984 
2094 918 839 985 
2095 1017 794 1018 
2096 668 689 981 
2097 745 916 1194 
2098 762 787 991 
2099 570 568 1010 
2100 485 729 730 
2101 750 748 1035 
2102 483 721 783 
2103 689 743 981 
2104 776 991 992 
2105 590 587 979 
2106 996 817 997 
2107 822 768 993 
2108 568 629 1010 
2109 751 781 982 
2110 1033 847 1121 
2111 781 1000 1001 
2112 837 884 985 
2113 681 659 990 
2114 820 893 1002 
2115 712 817 996 
2116 1016 509 1122 
2117 1053 888 1193 
2118 794 694 1005 
2119 744 700 1008 
2120 876 772 1003 
2121 843 1019 1020 
2122 704 892 1003 
2123 818 798 1002 
2124 766 776 993 
2125 656 686 1007 
2126 776 764 991 
2127 879 821 1135 
2128 796 818 1000 
2129 788 739 799 
2130 772 693 1003 
2131 702 814 1005 
2132 822 993 994 
2133 714 816 998 
2134 240 496 1047 
2135 720 714 998 
2136 781 753 1000 
2137 864 981 1045 
2138 694 675 1005 
2139 51 485 1032 
2140 990 657 1007 
2141 828 590 979 
2142 693 704 1003 
2143 488 739 788 
2144 584 572 995 
2145 828 979 1041 
2146 675 702 1005 
2147 819 901 1135 
2148 632 593 1004 
2149 934 860 1173 
2150 809 730 810 
2151 709 740 1014 
2152 757 755 1017 
2153 858 1014 1015 
2154 643 563 1012 
2155 654 673 984 
2156 843 757 1019 
2157 574 584 1029 
2158 670 636 984 
2159 755 794 1017 
2160 791 711 1006 
2161 998 816 1125 
2162 898 868 1039 
2163 981 743 1045 
2164 519 239 1047 
2165 516 282 1075 
2166 746 969 1048 
2167 825 777 1028 
2168 887 788 902 
2169 578 576 1030 
2170 858 709 1014 
2171 561 559 1034 
2172 1039 868 1134 
2173 963 968 1108 
2174 528 531 1024 
2175 615 613 1022 
2176 522 1063 1091 
2177 769 903 1040 
2178 650 582 1021 
2179 794 1005 1055 
2180 239 240 1047 
2181 859 1161 1186 
2182 919 652 1144 
2183 585 578 1030 
2184 255 491 1049 
2185 975 615 1022 
2186 582 580 1021 
2187 268 518 1054 
2188 559 601 1034 
2189 1005 814 1055 
2190 501 245 1058 
2191 502 253 1059 
2192 500 261 1060 
2193 504 281 1061 
2194 506 231 1057 
2195 230 506 1062 
2196 266 505 1063 
2197 613 621 1022 
2198 35 499 1064 
2199 244 501 1070 
2200 280 504 1071 
2201 498 270 1065 
2202 958 707 1052 
2203 580 585 1021 
2204 651 547 1025 
2205 237 489 1068 
2206 273 490 1067 
2207 489 36 1069 
2208 494 284 1078 
2209 509 1016 1101 
2210 823 907 1042 
2211 1096 999 1115 
2212 547 543 1025 
2213 669 937 1089 
2214 667 526 1024 
2215 545 956 1051 
2216 740 882 1037 
2217 38 512 1058 
2218 40 514 1059 
2219 42 511 1060 
2220 47 516 1061 
2221 232 517 1057 
2222 517 233 1064 
2223 521 34 1062 
2224 522 43 1063 
2225 970 972 1028 
2226 271 523 1065 
2227 523 272 1067 
2228 524 236 1068 
2229 238 519 1069 
2230 777 970 1028 
2231 995 570 1010 
2232 757 1017 1019 
2233 513 243 1070 
2234 515 279 1071 
2235 543 549 1025 
2236 974 533 1026 
2237 917 679 1159 
2238 1012 561 1034 
2239 526 528 1024 
2240 514 254 1049 
2241 877 719 1044 
2242 48 508 1079 
2243 968 829 1085 
2244 1014 740 1037 
2245 505 267 1054 
2246 1055 814 1056 
2247 530 532 1026 
2248 532 706 1026 
2249 908 882 1190 
2250 983 982 1046 
2251 805 803 1072 
2252 576 1029 1030 
2253 742 684 1077 
2254 1006 894 1066 
2255 738 736 1027 
2256 916 915 1194 
2257 892 823 1042 
2258 774 698 1053 
2259 533 530 1026 
2260 529 527 1117 
2261 642 666 1041 
2262 969 624 1048 
2263 801 869 1080 
2264 994 993 1050 
2265 537 545 1051 
2266 699 672 1182 
2267 982 781 1046 
2268 891 1064 1187 
2269 736 859 1027 
2270 905 738 1027 
2271 485 809 1032 
2272 595 632 1073 
2273 622 623 1164 
2274 993 776 1050 
2275 283 494 1075 
2276 731 734 1074 
2277 988 1129 1166 
2278 743 959 1045 
2279 791 1006 1066 
2280 734 737 1074 
2281 621 611 1083 
2282 1107 874 1159 
2283 992 991 1076 
2284 895 864 1045 
2285 539 537 1051 
2286 245 38 1058 
2287 253 40 1059 
2288 261 42 1060 
2289 281 47 1061 
2290 231 232 1057 
2291 858 1016 1099 
2292 233 35 1064 
2293 34 230 1062 
2294 43 266 1063 
2295 270 271 1065 
2296 272 273 1067 
2297 236 237 1068 
2298 36 238 1069 
2299 243 244 1070 
2300 279 280 1071 
2301 284 285 1078 
2302 942 716 1185 
2303 254 255 1049 
2304 841 918 1087 
2305 746 1048 1098 
2306 285 48 1079 
2307 607 628 1094 
2308 781 1001 1046 
2309 910 774 1193 
2310 267 268 1054 
2311 984 857 1077 
2312 698 779 1053 
2313 647 599 1092 
2314 991 787 1076 
2315 624 978 1048 
2316 601 557 1090 
2317 776 992 1050 
2318 597 595 1073 
2319 282 283 1075 
2320 742 1077 1099 
2321 960 961 1154 
2322 549 541 1086 
2323 922 791 1066 
2324 670 984 1077 
2325 799 1097 1184 
2326 235 524 1084 
2327 788 799 1038 
2328 1042 495 1102 
2329 1065 1153 1169 
2330 553 640 1103 
2331 1048 862 1098 
2332 898 1089 1160 
2333 1018 794 1055 
2334 234 235 1084 
2335 786 996 1095 
2336 875 1152 1158 
2337 978 862 1048 
2338 603 641 1127 
2339 611 609 1083 
2340 814 801 1080 
2341 902 788 1038 
2342 503 289 1120 
2343 915 667 1194 
2344 1056 814 1080 
2345 816 952 1125 
2346 276 497 1123 
2347 33 510 1120 
2348 491 1037 1049 
2349 815 983 1116 
2350 684 670 1077 
2351 520 275 1123 
2352 696 695 1131 
2353 1052 707 1129 
2354 502 1059 1095 
2355 948 1142 1163 
2356 1071 1076 1119 
2357 287 288 1096 
2358 859 860 1161 
2359 247 492 1132 
2360 1041 696 1085 
2361 829 828 1085 
2362 628 605 1127 
2363 512 246 1132 
2364 264 265 1102 
2365 813 942 1185 
2366 539 1051 1086 
2367 961 496 1154 
2368 948 706 1142 
2369 705 966 1172 
2370 560 562 1093 
2371 1077 857 1099 
2372 990 1007 1081 
2373 1007 782 1081 
2374 850 849 1176 
2375 852 916 1113 
2376 286 287 1115 
2377 747 746 1098 
2378 248 249 1118 
2379 512 1132 1198 
2380 557 555 1090 
2381 541 539 1086 
2382 496 961 1116 
2383 875 841 1087 
2384 1089 937 1160 
2385 288 503 1096 
2386 520 1056 1156 
2387 713 990 1081 
2388 828 1041 1085 
2389 258 259 1126 
2390 597 1073 1092 
2391 609 607 1094 
2392 599 597 1092 
2393 56 488 1147 
2394 697 775 1142 
2395 58 482 1146 
2396 257 41 1101 
2397 641 602 1143 
2398 1078 285 1079 
2399 1083 609 1094 
2400 809 812 1133 
2401 496 241 1154 
2402 787 973 1119 
2403 679 923 1107 
2404 1119 973 1162 
2405 490 45 1156 
2406 498 1065 1169 
2407 822 994 1140 
2408 789 856 1100 
2409 1064 499 1187 
2410 274 520 1156 
2411 491 256 1168 
2412 265 522 1102 
2413 908 786 1095 
2414 955 917 1159 
2415 250 251 1139 
2416 843 1020 1162 
2417 840 842 1104 
2418 1103 640 1180 
2419 922 511 1150 
2420 797 795 1105 
2421 733 851 1110 
2422 1011 773 1195 
2423 862 863 1098 
2424 971 747 1112 
2425 1001 1000 1114 
2426 847 877 1121 
2427 747 1098 1112 
2428 965 963 1108 
2429 811 730 1148 
2430 813 810 1141 
2431 961 1008 1116 
2432 827 876 1157 
2433 555 553 1103 
2434 974 1026 1109 
2435 899 1136 1144 
2436 1090 555 1103 
2437 857 858 1099 
2438 492 248 1118 
2439 899 724 1136 
2440 1099 1016 1122 
2441 1003 892 1091 
2442 1132 972 1198 
2443 1016 1015 1101 
2444 1026 706 1109 
2445 652 932 1175 
2446 876 1003 1091 
2447 612 614 1111 
2448 1058 512 1088 
2449 508 286 1115 
2450 506 1057 1087 
2451 706 631 1142 
2452 277 46 1177 
2453 893 872 1187 
2454 46 278 1189 
2455 871 813 1185 
2456 865 895 1137 
2457 1098 863 1112 
2458 880 883 1180 
2459 630 529 1117 
2460 935 933 1124 
2461 1039 1134 1184 
2462 667 915 1176 
2463 1108 696 1131 
2464 863 865 1112 
2465 946 974 1109 
2466 289 33 1120 
2467 639 1027 1186 
2468 959 513 1138 
2469 924 925 1130 
2470 509 258 1126 
2471 275 276 1123 
2472 870 852 1113 
2473 1008 815 1116 
2474 868 780 1134 
2475 928 639 1186 
2476 46 1020 1177 
2477 707 967 1129 
2478 1020 46 1189 
2479 1000 818 1114 
2480 1054 911 1157 
2481 826 742 1122 
2482 605 603 1127 
2483 741 988 1166 
2484 515 1119 1162 
2485 821 819 1135 
2486 246 247 1132 
2487 741 1166 1190 
2488 501 1058 1137 
2489 851 870 1173 
2490 505 1054 1157 
2491 1097 890 1184 
2492 667 1024 1194 
2493 883 1103 1180 
2494 860 1110 1173 
2495 695 720 1131 
2496 742 1099 1122 
2497 507 250 1139 
2498 669 1089 1106 
2499 1076 787 1119 
2500 1079 508 1125 
2501 515 1071 1119 
2502 1161 928 1186 
2503 1114 818 1145 
2504 897 898 1160 
2505 952 824 1171 
2506 513 1070 1138 
2507 1025 549 1155 
2508 1095 1059 1170 
2509 1058 1088 1137 
2510 630 1117 1182 
2511 1133 812 1136 
2512 511 1043 1150 
2513 824 822 1140 
2514 895 1045 1138 
2515 482 667 1146 
2516 488 887 1147 
2517 602 647 1143 
2518 937 622 1160 
2519 1129 967 1166 
2520 780 1038 1134 
2521 631 697 1142 
2522 1038 799 1134 
2523 664 928 1161 
2524 810 811 1141 
2525 524 1068 1145 
2526 848 899 1175 
2527 728 726 1178 
2528 999 1096 1128 
2529 1024 745 1194 
2530 549 1100 1155 
2531 1164 626 1179 
2532 882 741 1190 
2533 725 728 1174 
2534 1032 809 1133 
2535 623 626 1164 
2536 966 1025 1155 
2537 920 634 1167 
2538 1100 856 1155 
2539 1151 842 1158 
2540 1096 503 1128 
2541 774 1053 1193 
2542 241 37 1154 
2543 790 793 1188 
2544 793 922 1150 
2545 924 1130 1178 
2546 49 486 1149 
2547 818 1002 1145 
2548 634 917 1196 
2549 45 274 1156 
2550 1045 959 1138 
2551 856 790 1188 
2552 874 955 1159 
2553 730 729 1148 
2554 1153 846 1169 
2555 1101 1015 1168 
2556 965 1108 1131 
2557 1020 1019 1177 
2558 842 875 1158 
2559 626 888 1179 
2560 1065 523 1153 
2561 1170 514 1181 
2562 256 257 1168 
2563 1091 892 1191 
2564 1188 793 1197 
2565 879 1143 1151 
2566 911 827 1157 
2567 497 277 1177 
2568 1162 1020 1189 
2569 522 1091 1191 
2570 915 850 1176 
2571 854 948 1163 
2572 728 1033 1174 
2573 1019 497 1177 
2574 906 705 1172 
2575 976 846 1153 
2576 908 1095 1170 
2577 1166 896 1190 
2578 257 1101 1168 
2579 917 955 1196 
2580 947 910 1193 
2581 849 1146 1176 
2582 967 896 1166 
2583 1052 854 1163 
2584 278 515 1189 
2585 973 843 1162 
2586 523 1067 1183 
2587 1027 859 1186 
2588 904 905 1167 
2589 672 630 1182 
2590 1037 882 1181 
2591 1049 1037 1181 
2592 1153 523 1183 
2593 494 1078 1171 
2594 773 886 1195 
2595 640 1011 1180 
2596 679 1107 1159 
2597 486 1121 1149 
2598 896 908 1190 
2599 724 1133 1136 
2600 726 800 1178 
2601 890 1039 1184 
2602 1057 517 1192 
2603 1059 514 1170 
2604 1089 898 1165 
2605 976 1153 1183 
2606 898 1039 1165 
2607 906 1188 1197 
2608 904 1167 1196 
2609 872 891 1187 
2610 907 906 1197 
2611 1104 842 1151 
2612 869 976 1183 
2613 1167 634 1196 
2614 972 971 1198 
2615 955 904 1196 
2616 1130 728 1178 
2617 892 1042 1191 
2618 514 1049 1181 
2619 1134 799 1184 
2620 971 1088 1198 
2621 1110 851 1173 
2622 875 1087 1192 
2623 1042 1102 1191 
2624 1088 512 1198 
2625 1140 494 1171 
2626 1087 1057 1192 
2627 1146 667 1176 
2628 1172 856 1188 
2629 824 1140 1171 
2630 1102 522 1191 
2631 793 1150 1197 
2632 517 1152 1192 
2633 515 1162 1189 
2634 1152 875 1192 
2635 906 1172 1188 
2 9 2 64
2636 1204 1202 1213 
2637 1202 1211 1213 
2638 1202 1204 1217 
2639 1207 1200 1208 
2640 1206 1207 1208 
2641 57 58 1201 
2642 59 60 1206 
2643 63 64 1204 
2644 51 52 1203 
2645 55 56 1205 
2646 49 50 1202 
2647 53 54 1199 
2648 61 62 1200 
2649 1211 1202 1222 
2650 1210 1208 1211 
2651 1208 1200 1213 
2652 1213 1200 1214 
2653 1212 1203 1219 
2654 1199 1212 1219 
2655 1206 1208 1209 
2656 1204 1213 1214 
2657 1210 1211 1212 
2658 1209 1208 1210 
2659 60 61 1207 
2660 63 1204 1214 
2661 1205 56 1215 
2662 59 1206 1216 
2663 1204 64 1217 
2664 52 53 1219 
2665 53 1199 1219 
2666 57 1201 1215 
2667 1201 58 1216 
2668 1206 60 1207 
2669 64 49 1217 
2670 49 1202 1217 
2671 50 51 1218 
2672 1203 52 1219 
2673 56 57 1215 
2674 1200 62 1214 
2675 1202 50 1218 
2676 1199 54 1220 
2677 62 63 1214 
2678 55 1205 1220 
2679 58 59 1216 
2680 61 1200 1207 
2681 51 1203 1218 
2682 54 55 1220 
2683 1211 1208 1213 
2684 1209 1210 1223 
2685 1203 1212 1222 
2686 1212 1211 1222 
2687 1206 1209 1216 
2688 1209 1201 1216 
2689 1221 1205 1223 
2690 1210 1221 1223 
2691 1201 1209 1223 
2692 1210 1212 1221 
2693 1212 1199 1221 
2694 1220 1205 1221 
2695 1199 1220 1221 
2696 1202 1218 1222 
2697 1218 1203 1222 
2698 1205 1215 1223 
2699 1215 1201 1223 
$EndElements
