$MeshFormat
4.1 0 8
$EndMeshFormat
$PhysicalNames
20
0 1001 "e1"
0 1002 "e2"
0 1003 "e3"
0 1004 "e4"
0 1005 "e5"
0 1006 "e6"
0 1007 "e7"
0 1008 "e8"
0 1009 "e9"
0 1010 "e10"
0 1011 "e11"
0 1012 "e12"
0 1013 "e13"
0 1014 "e14"
0 1015 "e15"
0 1016 "e16"
2 201 "Skin"
2 202 "Fat"
2 203 "Muscle"
2 204 "Bone"
$EndPhysicalNames
$Entities
65 64 4 0
1 0.07061073141220796 0.02924792260002046 0 1 1001 
2 0.05404311411726642 0.0540431141172664 0 1 1002 
3 0.02924792260002047 0.07061073141220796 0 1 1003 
4 4.679896196767273e-18 0.07642850493751503 0 1 1004 
5 -0.02924792260002046 0.07061073141220796 0 1 1005 
6 -0.0540431141172664 0.05404311411726642 0 1 1006 
7 -0.07061073141220796 0.02924792260002047 0 1 1007 
8 -0.07642850493751503 9.359792393534546e-18 0 1 1008 
9 -0.07061073141220797 -0.02924792260002046 0 1 1009 
10 -0.05404311411726642 -0.0540431141172664 0 1 1010 
11 -0.02924792260002051 -0.07061073141220794 0 1 1011 
12 -1.403968859030182e-17 -0.07642850493751503 0 1 1012 
13 0.02924792260002048 -0.07061073141220794 0 1 1013 
14 0.05404311411726639 -0.05404311411726642 0 1 1014 
15 0.07061073141220794 -0.02924792260002051 0 1 1015 
16 0.07642850493751503 -1.871958478706909e-17 0 1 1016 
17 0.06916559059456677 0.02864932567381454 0 0 
18 0.05293705122057477 0.05293705122057476 0 0 
19 0.02864932567381455 0.06916559059456677 0 0 
20 4.584116010370523e-18 0.07486429578817604 0 0 
21 -0.02864932567381454 0.06916559059456677 0 0 
22 -0.05293705122057476 0.05293705122057477 0 0 
23 -0.06916559059456677 0.02864932567381455 0 0 
24 -0.07486429578817604 9.168232020741045e-18 0 0 
25 -0.06916559059456678 -0.02864932567381453 0 0 
26 -0.05293705122057477 -0.05293705122057476 0 0 
27 -0.02864932567381458 -0.06916559059456676 0 0 
28 -1.375234803111157e-17 -0.07486429578817604 0 0 
29 0.02864932567381456 -0.06916559059456676 0 0 
30 0.05293705122057475 -0.05293705122057477 0 0 
31 0.06916559059456676 -0.02864932567381458 0 0 
32 0.07486429578817604 -1.833646404148209e-17 0 0 
33 0.04996923129176332 0.02069793330240642 0 0 
34 0.03824479388675408 0.03824479388675407 0 0 
35 0.02069793330240642 0.04996923129176332 0 0 
36 3.311831088571287e-18 0.05408630620481125 0 0 
37 -0.02069793330240642 0.04996923129176332 0 0 
38 -0.03824479388675407 0.03824479388675408 0 0 
39 -0.04996923129176332 0.02069793330240643 0 0 
40 -0.05408630620481125 6.623662177142573e-18 0 0 
41 -0.04996923129176333 -0.02069793330240642 0 0 
42 -0.03824479388675409 -0.03824479388675407 0 0 
43 -0.02069793330240645 -0.04996923129176332 0 0 
44 -9.935493265713858e-18 -0.05408630620481125 0 0 
45 0.02069793330240643 -0.04996923129176332 0 0 
46 0.03824479388675407 -0.03824479388675409 0 0 
47 0.04996923129176332 -0.02069793330240646 0 0 
48 0.05408630620481125 -1.324732435428515e-17 0 0 
49 0.008625002113303618 0.003572592850826965 0 0 
50 0.006601290825750364 0.006601290825750363 0 0 
51 0.003572592850826966 0.008625002113303618 0 0 
52 5.716427769530327e-19 0.009335635014945252 0 0 
53 -0.003572592850826965 0.008625002113303618 0 0 
54 -0.006601290825750363 0.006601290825750364 0 0 
55 -0.008625002113303618 0.003572592850826966 0 0 
56 -0.009335635014945252 1.143285553906065e-18 0 0 
57 -0.00862500211330362 -0.003572592850826964 0 0 
58 -0.006601290825750365 -0.006601290825750363 0 0 
59 -0.00357259285082697 -0.008625002113303616 0 0 
60 -1.714928330859098e-18 -0.009335635014945252 0 0 
61 0.003572592850826967 -0.008625002113303618 0 0 
62 0.006601290825750361 -0.006601290825750365 0 0 
63 0.008625002113303616 -0.003572592850826971 0 0 
64 0.009335635014945252 -2.286571107812131e-18 0 0 
1000 0 0 0 0 
1 0.05404311411726641 0.02924792260002046 0 0.07061073141220796 0.05404311411726641 0 0 2 1 -2 
2 0.02924792260002047 0.0540431141172664 0 0.05404311411726642 0.07061073141220796 0 0 2 2 -3 
3 -1.040834085586084e-17 0.07061073141220794 0 0.02924792260002049 0.07642850493751505 0 0 2 3 -4 
4 -0.02924792260002046 0.07061073141220796 0 5.204170427930421e-18 0.07642850493751503 0 0 2 4 -5 
5 -0.05404311411726641 0.05404311411726641 0 -0.02924792260002046 0.07061073141220796 0 0 2 5 -6 
6 -0.07061073141220796 0.02924792260002047 0 -0.0540431141172664 0.05404311411726642 0 0 2 6 -7 
7 -0.07642850493751506 -3.469446951953614e-18 0 -0.07061073141220796 0.02924792260002049 0 0 2 7 -8 
8 -0.07642850493751503 -0.02924792260002045 0 -0.07061073141220796 8.673617379884035e-18 0 0 2 8 -9 
9 -0.07061073141220797 -0.05404311411726639 0 -0.05404311411726642 -0.02924792260002046 0 0 2 9 -10 
10 -0.05404311411726644 -0.07061073141220796 0 -0.02924792260002054 -0.0540431141172664 0 0 2 10 -11 
11 -0.02924792260002053 -0.07642850493751505 0 -2.775557561562891e-17 -0.07061073141220793 0 0 2 11 -12 
12 -1.387778780781446e-17 -0.07642850493751503 0 0.02924792260002048 -0.07061073141220794 0 0 2 12 -13 
13 0.02924792260002048 -0.07061073141220796 0 0.05404311411726639 -0.05404311411726643 0 0 2 13 -14 
14 0.05404311411726639 -0.05404311411726642 0 0.07061073141220794 -0.02924792260002051 0 0 2 14 -15 
15 0.07061073141220794 -0.02924792260002053 0 0.07642850493751506 -3.469446951953614e-17 0 0 2 15 -16 
16 0.07061073141220796 -1.908195823574488e-17 0 0.07642850493751503 0.02924792260002046 0 0 2 16 -1 
17 0.0529370512205748 0.02864932567381452 0 0.06916559059456678 0.05293705122057473 0 0 2 17 -18 
18 0.02864932567381455 0.05293705122057476 0 0.05293705122057477 0.06916559059456677 0 0 2 18 -19 
19 3.469446951953614e-18 0.06916559059456677 0 0.02864932567381455 0.07486429578817604 0 0 2 19 -20 
20 -0.02864932567381454 0.06916559059456677 0 5.204170427930421e-18 0.07486429578817604 0 0 2 20 -21 
21 -0.05293705122057477 0.05293705122057474 0 -0.02864932567381451 0.06916559059456677 0 0 2 21 -22 
22 -0.06916559059456677 0.02864932567381455 0 -0.05293705122057476 0.05293705122057477 0 0 2 22 -23 
23 -0.07486429578817604 1.040834085586084e-17 0 -0.06916559059456677 0.02864932567381455 0 0 2 23 -24 
24 -0.07486429578817604 -0.02864932567381453 0 -0.06916559059456677 8.673617379884035e-18 0 0 2 24 -25 
25 -0.06916559059456677 -0.05293705122057477 0 -0.05293705122057476 -0.02864932567381452 0 0 2 25 -26 
26 -0.05293705122057478 -0.06916559059456677 0 -0.02864932567381459 -0.05293705122057477 0 0 2 26 -27 
27 -0.0286493256738146 -0.07486429578817606 0 -3.122502256758253e-17 -0.06916559059456676 0 0 2 27 -28 
28 -1.387778780781446e-17 -0.07486429578817604 0 0.02864932567381456 -0.06916559059456676 0 0 2 28 -29 
29 0.02864932567381456 -0.06916559059456677 0 0.05293705122057477 -0.05293705122057477 0 0 2 29 -30 
30 0.05293705122057474 -0.05293705122057477 0 0.06916559059456674 -0.02864932567381458 0 0 2 30 -31 
31 0.06916559059456677 -0.02864932567381459 0 0.07486429578817606 -2.081668171172169e-17 0 0 2 31 -32 
32 0.06916559059456677 -1.908195823574488e-17 0 0.07486429578817604 0.02864932567381454 0 0 2 32 -17 
33 0.03824479388675406 0.02069793330240641 0 0.04996923129176331 0.03824479388675406 0 0 2 33 -34 
34 0.02069793330240641 0.03824479388675405 0 0.03824479388675407 0.04996923129176331 0 0 2 34 -35 
35 0 0.04996923129176332 0 0.02069793330240642 0.05408630620481124 0 0 2 35 -36 
36 -0.02069793330240642 0.04996923129176332 0 3.469446951953614e-18 0.05408630620481125 0 0 2 36 -37 
37 -0.03824479388675406 0.03824479388675406 0 -0.02069793330240641 0.04996923129176331 0 0 2 37 -38 
38 -0.04996923129176329 0.02069793330240645 0 -0.03824479388675405 0.03824479388675407 0 0 2 38 -39 
39 -0.05408630620481124 3.469446951953614e-18 0 -0.04996923129176332 0.02069793330240642 0 0 2 39 -40 
40 -0.05408630620481125 -0.02069793330240641 0 -0.04996923129176332 6.938893903907228e-18 0 0 2 40 -41 
41 -0.04996923129176332 -0.03824479388675407 0 -0.03824479388675407 -0.02069793330240642 0 0 2 41 -42 
42 -0.03824479388675409 -0.04996923129176331 0 -0.02069793330240646 -0.03824479388675407 0 0 2 42 -43 
43 -0.02069793330240645 -0.05408630620481125 0 -1.040834085586084e-17 -0.04996923129176332 0 0 2 43 -44 
44 -1.040834085586084e-17 -0.05408630620481125 0 0.02069793330240644 -0.04996923129176332 0 0 2 44 -45 
45 0.02069793330240644 -0.04996923129176332 0 0.03824479388675407 -0.03824479388675409 0 0 2 45 -46 
46 0.03824479388675405 -0.03824479388675408 0 0.0499692312917633 -0.02069793330240643 0 0 2 46 -47 
47 0.04996923129176332 -0.02069793330240645 0 0.05408630620481125 -1.387778780781446e-17 0 0 2 47 -48 
48 0.04996923129176332 -1.387778780781446e-17 0 0.05408630620481125 0.02069793330240642 0 0 2 48 -33 
49 0.006601290825750363 0.003572592850826966 0 0.00862500211330362 0.006601290825750363 0 0 2 49 -50 
50 0.003572592850826965 0.006601290825750363 0 0.006601290825750364 0.008625002113303618 0 0 2 50 -51 
51 4.336808689942018e-19 0.00862500211330362 0 0.003572592850826966 0.009335635014945252 0 0 2 51 -52 
52 -0.003572592850826965 0.008625002113303618 0 6.505213034913027e-19 0.009335635014945252 0 0 2 52 -53 
53 -0.006601290825750363 0.006601290825750363 0 -0.003572592850826965 0.00862500211330362 0 0 2 53 -54 
54 -0.008625002113303618 0.003572592850826966 0 -0.006601290825750363 0.006601290825750364 0 0 2 54 -55 
55 -0.009335635014945252 1.734723475976807e-18 0 -0.00862500211330362 0.003572592850826967 0 0 2 55 -56 
56 -0.009335635014945252 -0.003572592850826964 0 -0.008625002113303618 1.084202172485504e-18 0 0 2 56 -57 
57 -0.008625002113303623 -0.006601290825750366 0 -0.006601290825750364 -0.003572592850826963 0 0 2 57 -58 
58 -0.006601290825750365 -0.008625002113303618 0 -0.003572592850826971 -0.006601290825750363 0 0 2 58 -59 
59 -0.003572592850826973 -0.009335635014945252 0 -3.903127820947816e-18 -0.008625002113303614 0 0 2 59 -60 
60 -1.734723475976807e-18 -0.009335635014945252 0 0.003572592850826967 -0.008625002113303618 0 0 2 60 -61 
61 0.003572592850826968 -0.00862500211330362 0 0.006601290825750364 -0.006601290825750367 0 0 2 61 -62 
62 0.006601290825750361 -0.006601290825750367 0 0.008625002113303616 -0.003572592850826974 0 0 2 62 -63 
63 0.008625002113303614 -0.003572592850826973 0 0.009335635014945252 -4.336808689942018e-18 0 0 2 63 -64 
64 0.00862500211330362 -2.38524477946811e-18 0 0.009335635014945252 0.003572592850826966 0 0 2 64 -49 
6 -0.07642850493751506 -0.07642850493751505 0 0.07642850493751506 0.07642850493751505 0 1 201 32 1 2 3 4 5 6 7 8 9 10 11 12 13 14 15 16 -32 -31 -30 -29 -28 -27 -26 -25 -24 -23 -22 -21 -20 -19 -18 -17 
7 -0.07486429578817604 -0.07486429578817606 0 0.07486429578817606 0.07486429578817604 0 1 202 32 17 18 19 20 21 22 23 24 25 26 27 28 29 30 31 32 -48 -47 -46 -45 -44 -43 -42 -41 -40 -39 -38 -37 -36 -35 -34 -33 
8 -0.05408630620481125 -0.05408630620481125 0 0.05408630620481125 0.05408630620481125 0 1 203 32 33 34 35 36 37 38 39 40 41 42 43 44 45 46 47 48 -64 -63 -62 -61 -60 -59 -58 -57 -56 -55 -54 -53 -52 -51 -50 -49 
9 -0.009335635014945252 -0.009335635014945252 0 0.009335635014945252 0.009335635014945252 0 1 204 16 49 50 51 52 53 54 55 56 57 58 59 60 61 62 63 64 
$EndEntities
$Nodes
116 1343 1 1344
0 1 0 1
1
0.07061073141220796 0.02924792260002046 0
0 2 0 1
2
0.05404311411726642 0.0540431141172664 0
0 3 0 1
3
0.02924792260002047 0.07061073141220796 0
0 4 0 1
4
4.679896196767273e-18 0.07642850493751503 0
0 5 0 1
5
-0.02924792260002046 0.07061073141220796 0
0 6 0 1
6
-0.0540431141172664 0.05404311411726642 0
0 7 0 1
7
-0.07061073141220796 0.02924792260002047 0
0 8 0 1
8
-0.07642850493751503 9.359792393534546e-18 0
0 9 0 1
9
-0.07061073141220797 -0.02924792260002046 0
0 10 0 1
10
-0.05404311411726642 -0.0540431141172664 0
0 11 0 1
11
-0.02924792260002051 -0.07061073141220794 0
0 12 0 1
12
-1.403968859030182e-17 -0.07642850493751503 0
0 13 0 1
13
0.02924792260002048 -0.07061073141220794 0
0 14 0 1
14
0.05404311411726639 -0.05404311411726642 0
0 15 0 1
15
0.07061073141220794 -0.02924792260002051 0
0 16 0 1
16
0.07642850493751503 -1.871958478706909e-17 0
0 17 0 1
17
0.06916559059456677 0.02864932567381454 0
0 18 0 1
18
0.05293705122057477 0.05293705122057476 0
0 19 0 1
19
0.02864932567381455 0.06916559059456677 0
0 20 0 1
20
4.584116010370523e-18 0.07486429578817604 0
0 21 0 1
21
-0.02864932567381454 0.06916559059456677 0
0 22 0 1
22
-0.05293705122057476 0.05293705122057477 0
0 23 0 1
23
-0.06916559059456677 0.02864932567381455 0
0 24 0 1
24
-0.07486429578817604 9.168232020741045e-18 0
0 25 0 1
25
-0.06916559059456678 -0.02864932567381453 0
0 26 0 1
26
-0.05293705122057477 -0.05293705122057476 0
0 27 0 1
27
-0.02864932567381458 -0.06916559059456676 0
0 28 0 1
28
-1.375234803111157e-17 -0.07486429578817604 0
0 29 0 1
29
0.02864932567381456 -0.06916559059456676 0
0 30 0 1
30
0.05293705122057475 -0.05293705122057477 0
0 31 0 1
31
0.06916559059456676 -0.02864932567381458 0
0 32 0 1
32
0.07486429578817604 -1.833646404148209e-17 0
0 33 0 1
33
0.04996923129176332 0.02069793330240642 0
0 34 0 1
34
0.03824479388675408 0.03824479388675407 0
0 35 0 1
35
0.02069793330240642 0.04996923129176332 0
0 36 0 1
36
3.311831088571287e-18 0.05408630620481125 0
0 37 0 1
37
-0.02069793330240642 0.04996923129176332 0
0 38 0 1
38
-0.03824479388675407 0.03824479388675408 0
0 39 0 1
39
-0.04996923129176332 0.02069793330240643 0
0 40 0 1
40
-0.05408630620481125 6.623662177142573e-18 0
0 41 0 1
41
-0.04996923129176333 -0.02069793330240642 0
0 42 0 1
42
-0.03824479388675409 -0.03824479388675407 0
0 43 0 1
43
-0.02069793330240645 -0.04996923129176332 0
0 44 0 1
44
-9.935493265713858e-18 -0.05408630620481125 0
0 45 0 1
45
0.02069793330240643 -0.04996923129176332 0
0 46 0 1
46
0.03824479388675407 -0.03824479388675409 0
0 47 0 1
47
0.04996923129176332 -0.02069793330240646 0
0 48 0 1
48
0.05408630620481125 -1.324732435428515e-17 0
0 49 0 1
49
0.008625002113303618 0.003572592850826965 0
0 50 0 1
50
0.006601290825750364 0.006601290825750363 0
0 51 0 1
51
0.003572592850826966 0.008625002113303618 0
0 52 0 1
52
5.716427769530327e-19 0.009335635014945252 0
0 53 0 1
53
-0.003572592850826965 0.008625002113303618 0
0 54 0 1
54
-0.006601290825750363 0.006601290825750364 0
0 55 0 1
55
-0.008625002113303618 0.003572592850826966 0
0 56 0 1
56
-0.009335635014945252 1.143285553906065e-18 0
0 57 0 1
57
-0.00862500211330362 -0.003572592850826964 0
0 58 0 1
58
-0.006601290825750365 -0.006601290825750363 0
0 59 0 1
59
-0.00357259285082697 -0.008625002113303616 0
0 60 0 1
60
-1.714928330859098e-18 -0.009335635014945252 0
0 61 0 1
61
0.003572592850826967 -0.008625002113303618 0
0 62 0 1
62
0.006601290825750361 -0.006601290825750365 0
0 63 0 1
63
0.008625002113303616 -0.003572592850826971 0
0 64 0 1
64
0.009335635014945252 -2.286571107812131e-18 0
1 1 0 5
66
67
68
69
70
0.06854664275337795 0.03380346334659422 0
0.06618902684421034 0.03821425247731745 0
0.06354797935129457 0.04246140232436039 0
0.06063480967582691 0.04652672589555393 0
0.05746199242566581 0.05039281489911518 0
1 2 0 5
71
72
73
74
75
0.05039281487626147 0.05746199244570797 0
0.04652672585873056 0.06063480970408245 0
0.04246140226198273 0.063547979392974 0
0.03821425244499915 0.06618902686286932 0
0.0338034633409872 0.06854664275614301 0
1 3 0 5
76
77
78
79
80
0.02456713774943542 0.07237245408153592 0
0.01978115265632753 0.07382426678654401 0
0.01491046161171863 0.07495995265146066 0
0.0099759217072438 0.07577464848532589 0
0.004998663383432723 0.07626486564180709 0
1 4 0 5
81
82
83
84
85
-0.004998663401987698 0.07626486564059094 0
-0.009975921759373426 0.07577464847846289 0
-0.01491046168486994 0.07495995263690997 0
-0.01978115269018664 0.0738242667774715 0
-0.02456713777606222 0.07237245407249733 0
1 5 0 5
86
87
88
89
90
-0.03380346334645676 0.06854664275344573 0
-0.03821425248318357 0.06618902684082353 0
-0.04246140232803949 0.06354797934883627 0
-0.04652672589548994 0.060634809675876 0
-0.05039281489891144 0.05746199242584449 0
1 6 0 5
91
92
93
94
95
-0.05746199244713066 0.05039281487463922 0
-0.06063480970358005 0.04652672585938531 0
-0.06354797939227633 0.04246140226302685 0
-0.06618902686188294 0.03821425244670758 0
-0.06854664276363692 0.03380346332579108 0
1 7 0 5
96
97
98
99
100
-0.0723724540774771 0.02456713776139234 0
-0.0738242667835043 0.01978115266767198 0
-0.0749599526478182 0.0149104616300306 0
-0.07577464848387168 0.009975921718289787 0
-0.07626486564148691 0.004998663388318177 0
1 8 0 5
101
102
103
104
105
-0.07626486564074265 -0.004998663399673076 0
-0.07577464847894294 -0.009975921755727072 0
-0.07495995263741 -0.0149104616823561 0
-0.07382426677668061 -0.01978115269313825 0
-0.07237245407119103 -0.02456713777991046 0
1 9 0 5
106
107
108
109
110
-0.06854664273894003 -0.03380346337587144 0
-0.06618902681356491 -0.0382142525303969 0
-0.06354797933102861 -0.04246140235469055 0
-0.06063480965899534 -0.04652672591748924 0
-0.05746199242864308 -0.05039281489572026 0
1 10 0 5
111
112
113
114
115
-0.05039281487484386 -0.05746199244695121 0
-0.04652672587021144 -0.06063480969527289 0
-0.04246140227797331 -0.06354797938228945 0
-0.03821425244672584 -0.06618902686187243 0
-0.03380346334011208 -0.0685466427565746 0
1 11 0 5
116
117
118
119
120
-0.02456713774656653 -0.07237245408250978 0
-0.01978115264988724 -0.07382426678826969 0
-0.01491046160467248 -0.07495995265286225 0
-0.009975921704531727 -0.07577464848568295 0
-0.00499866337908135 -0.0762648656420923 0
1 12 0 5
121
122
123
124
125
0.004998663397641649 -0.07626486564087578 0
0.009975921750807873 -0.07577464847959058 0
0.01491046168450182 -0.07495995263698318 0
0.01978115269590331 -0.07382426677593971 0
0.02456713777574893 -0.07237245407260368 0
1 13 0 5
126
127
128
129
130
0.03380346334385623 -0.06854664275472817 0
0.03821425247719924 -0.06618902684427859 0
0.04246140230513679 -0.06354797936413938 0
0.04652672588617618 -0.06063480968302271 0
0.05039281488801002 -0.05746199243540477 0
1 14 0 5
131
132
133
134
135
0.05746199244376581 -0.05039281487847608 0
0.06063480970350114 -0.04652672585948815 0
0.06354797939785869 -0.04246140225467226 0
0.06618902686198483 -0.03821425244653113 0
0.0685466427627253 -0.03380346332763966 0
1 15 0 5
136
137
138
139
140
0.07237245408059413 -0.0245671377522099 0
0.07382426678779237 -0.01978115265166869 0
0.07495995265169091 -0.01491046161056129 0
0.07577464848450678 -0.009975921713465792 0
0.07626486564159317 -0.0049986633866968 0
1 16 0 5
141
142
143
144
145
0.07626486564085666 0.004998663397933654 0
0.07577464847949163 0.009975921751559398 0
0.07495995263945975 0.01491046167205131 0
0.07382426677741684 0.01978115269039061 0
0.07237245407424162 0.02456713777092372 0
1 17 0 5
146
147
148
149
150
0.06714374620170026 0.033111631337963 0
0.06483438197530195 0.03743214791780129 0
0.06224738697568141 0.04159237428374678 0
0.05939383911829565 0.04557449570373243 0
0.05628595772787853 0.04936146013353924 0
1 18 0 5
151
152
153
154
155
0.04936146012640209 0.05628595773413764 0
0.04557449566960945 0.05939383914447913 0
0.04159237422644675 0.06224738701396806 0
0.03743214787732783 0.06483438199866928 0
0.03311163132641633 0.06714374620739445 0
1 19 0 5
156
157
158
159
160
0.02406433918752981 0.07089125731235855 0
0.0193763055121597 0.07231335677839165 0
0.01460529952404119 0.07342579934650051 0
0.009771751428739199 0.07422382136399638 0
0.004896359195698596 0.07470400558528445 0
1 20 0 5
161
162
163
164
165
-0.004896359226848954 0.07470400558324275 0
-0.009771751491431396 0.07422382135574279 0
-0.01460529961551527 0.07342579932830517 0
-0.01937630557410069 0.07231335676179461 0
-0.02406433922102102 0.07089125730098982 0
1 21 0 5
166
167
168
169
170
-0.03311163134168515 0.0671437461998647 0
-0.03743214791350231 0.06483438197778395 0
-0.04159237428769131 0.06224738697304574 0
-0.0455744957120552 0.05939383911190935 0
-0.04936146013997435 0.05628595772223507 0
1 22 0 5
171
172
173
174
175
-0.05628595773801783 0.04936146012197756 0
-0.05939383914603825 0.04557449566757756 0
-0.06224738701586248 0.04159237422361156 0
-0.06483438199710853 0.03743214788003117 0
-0.06714374621324068 0.03311163131456135 0
1 23 0 5
176
177
178
179
180
-0.07089125731167924 0.02406433918953099 0
-0.0723133567759858 0.01937630552113848 0
-0.07342579934354553 0.01460529953889696 0
-0.07422382136193099 0.00977175144442741 0
-0.07470400558472802 0.004896359204187999 0
1 24 0 5
181
182
183
184
185
-0.07470400558309749 -0.004896359229065049 0
-0.07422382135533979 -0.009771751494492558 0
-0.07342579932785141 -0.01460529961779648 0
-0.07231335676151485 -0.01937630557514479 0
-0.07089125729887498 -0.02406433922725111 0
1 25 0 5
186
187
188
189
190
-0.06714374619734262 -0.03311163134679942 0
-0.06483438197141835 -0.03743214792452785 0
-0.06224738696531926 -0.0415923742992548 0
-0.05939383911567887 -0.04557449570714266 0
-0.05628595772738863 -0.04936146013409783 0
1 26 0 5
191
192
193
194
195
-0.04936146011400613 -0.05628595774500864 0
-0.04557449566401307 -0.0593938391487734 0
-0.04159237422372964 -0.0622473870157836 0
-0.03743214787862795 -0.0648343819979187 0
-0.03311163131279168 -0.06714374621411341 0
1 27 0 5
196
197
198
199
200
-0.02406433919316164 -0.07089125731044682 0
-0.01937630553230788 -0.07231335677299297 0
-0.01460529954436079 -0.07342579934245871 0
-0.009771751445610443 -0.07422382136177527 0
-0.004896359210640286 -0.07470400558430515 0
1 28 0 5
201
202
203
204
205
0.004896359222861681 -0.07470400558350408 0
0.009771751483151568 -0.07422382135683285 0
0.01460529961092425 -0.07342579932921839 0
0.01937630558194808 -0.0723133567596919 0
0.02406433922756474 -0.07089125729876852 0
1 29 0 5
206
207
208
209
210
0.03311163134642969 -0.06714374619752497 0
0.03743214791925004 -0.06483438197446552 0
0.04159237430393678 -0.06224738696219088 0
0.0455744957062607 -0.05939383911635564 0
0.04936146013731074 -0.05628595772457102 0
1 30 0 5
211
212
213
214
215
0.05628595773524414 -0.04936146012514035 0
0.05939383913740114 -0.04557449567883363 0
0.06224738700824632 -0.04159237423500991 0
0.06483438199454583 -0.03743214788446986 0
0.06714374620522169 -0.03311163133082223 0
1 31 0 5
216
217
218
219
220
0.07089125731070334 -0.02406433919240595 0
0.07231335677406812 -0.01937630552829543 0
0.07342579934339233 -0.01460529953966719 0
0.07422382136155506 -0.009771751447283053 0
0.07470400558472368 -0.004896359204254699 0
1 32 0 5
221
222
223
224
225
0.0747040055832983 0.004896359226001266 0
0.07422382135625126 0.009771751487569183 0
0.07342579933021849 0.01460529960589643 0
0.07231335676218249 0.01937630557265307 0
0.07089125730228148 0.02406433921721586 0
1 33 0 4
226
227
228
229
0.04819125169061143 0.02455466919697234 0
0.04611615699782816 0.028260017385562 0
0.04375674086095777 0.03179113316803273 0
0.04112754988679898 0.03512624601618372 0
1 34 0 4
230
231
232
233
0.03512624599074593 0.04112754990852492 0
0.031791133119976 0.04375674089587302 0
0.02826001733748423 0.04611615702729026 0
0.02455466918859013 0.04819125169488238 0
1 35 0 4
234
235
236
237
0.01671358777547701 0.05143913395997281 0
0.0126261974201466 0.05259189726172736 0
0.008460962366682393 0.05342041402600869 0
0.004243562677986829 0.05391957617302458 0
1 36 0 4
238
239
240
241
-0.004243562688024072 0.05391957617223465 0
-0.008460962400864346 0.05342041402059482 0
-0.01262619745449156 0.05259189725348188 0
-0.01671358779193079 0.05143913395462667 0
1 37 0 4
242
243
244
245
-0.02455466919697234 0.04819125169061143 0
-0.028260017385562 0.04611615699782816 0
-0.03179113316803273 0.04375674086095777 0
-0.03512624601618372 0.04112754988679898 0
1 38 0 4
246
247
248
249
-0.04112754990476592 0.03512624599514714 0
-0.04375674089846601 0.03179113311640706 0
-0.04611615701848161 0.02826001735185864 0
-0.0481912517031456 0.02455466917237264 0
1 39 0 4
250
251
252
253
-0.05143913396049339 0.01671358777387482 0
-0.0525918972612219 0.01262619742225199 0
-0.05342041402602237 0.008460962366596053 0
-0.05391957617328949 0.004243562674620878 0
1 40 0 4
254
255
256
257
-0.05391957617223465 -0.004243562688024068 0
-0.05342041402059482 -0.008460962400864342 0
-0.05259189725348188 -0.01262619745449155 0
-0.05143913395462667 -0.01671358779193078 0
1 41 0 4
258
259
260
261
-0.04819125169096768 -0.0245546691962732 0
-0.04611615699480415 -0.02826001739049678 0
-0.04375674086738567 -0.03179113315918553 0
-0.04112754988498619 -0.03512624601830626 0
1 42 0 4
262
263
264
265
-0.03512624599209638 -0.04112754990737155 0
-0.03179113311574751 -0.04375674089894523 0
-0.02826001733887976 -0.0461161570264351 0
-0.02455466917416948 -0.0481912517022301 0
1 43 0 4
266
267
268
269
-0.01671358777444917 -0.05143913396030679 0
-0.01262619741087592 -0.05259189726395307 0
-0.008460962354720407 -0.0534204140279033 0
-0.004243562667048707 -0.05391957617388544 0
1 44 0 4
270
271
272
273
0.004243562689195442 -0.05391957617214246 0
0.008460962403720091 -0.05342041402014252 0
0.01262619745806383 -0.05259189725262425 0
0.01671358779254655 -0.05143913395442659 0
1 45 0 4
274
275
276
277
0.02455466919493651 -0.04819125169164876 0
0.02826001738645974 -0.04611615699727806 0
0.03179113316550004 -0.04375674086279792 0
0.03512624602047083 -0.04112754988313749 0
1 46 0 4
278
279
280
281
0.04112754990884014 -0.03512624599037684 0
0.04375674088867869 -0.03179113312987816 0
0.04611615701929959 -0.02826001735052382 0
0.04819125169698558 -0.02455466918446238 0
1 47 0 4
282
283
284
285
0.05143913396137002 -0.0167135877711769 0
0.0525918972632591 -0.01262619741376649 0
0.05342041402742263 -0.0084609623577553 0
0.0539195761734764 -0.004243562672246013 0
1 48 0 4
286
287
288
289
0.05391957617245555 0.004243562685217282 0
0.05342041402188474 0.008460962392720102 0
0.05259189725560854 0.01262619744563339 0
0.05143913395818609 0.01671358778097601 0
2 6 0 0
2 7 0 416
290
291
292
293
294
295
296
297
298
299
300
301
302
303
304
305
306
307
308
309
310
311
312
313
314
315
316
317
318
319
320
321
322
323
324
325
326
327
328
329
330
331
332
333
334
335
336
337
338
339
340
341
342
343
344
345
346
347
348
349
350
351
352
353
354
355
356
357
358
359
360
361
362
363
364
365
366
367
368
369
370
371
372
373
374
375
376
377
378
379
380
381
382
383
384
385
386
387
388
389
390
391
392
393
394
395
396
397
398
399
400
401
402
403
404
405
406
407
408
409
410
411
412
413
414
415
416
417
418
419
420
421
422
423
424
425
426
427
428
429
430
431
432
433
434
435
436
437
438
439
440
441
442
443
444
445
446
447
448
449
450
451
452
453
454
455
456
457
458
459
460
461
462
463
464
465
466
467
468
469
470
471
472
473
474
475
476
477
478
479
480
481
482
483
484
485
486
487
488
489
490
491
492
493
494
495
496
497
498
499
500
501
502
503
504
505
506
507
508
509
510
511
512
513
514
515
516
517
518
519
520
521
522
523
524
525
526
527
528
529
530
531
532
533
534
535
536
537
538
539
540
541
542
543
544
545
546
547
548
549
550
551
552
553
554
555
556
557
558
559
560
561
562
563
564
565
566
567
568
569
570
571
572
573
574
575
576
577
578
579
580
581
582
583
584
585
586
587
588
589
590
591
592
593
594
595
596
597
598
599
600
601
602
603
604
605
606
607
608
609
610
611
612
613
614
615
616
617
618
619
620
621
622
623
624
625
626
627
628
629
630
631
632
633
634
635
636
637
638
639
640
641
642
643
644
645
646
647
648
649
650
651
652
653
654
655
656
657
658
659
660
661
662
663
664
665
666
667
668
669
670
671
672
673
674
675
676
677
678
679
680
681
682
683
684
685
686
687
688
689
690
691
692
693
694
695
696
697
698
699
700
701
702
703
704
705
-0.03922328248172763 0.04232969625949072 0
0.04232969625748528 0.03922328248288151 0
-0.04232969625958139 -0.03922328248425468 0
0.03922328248486293 -0.04232969625371813 0
0.02409743963313202 0.05243646133532798 0
0.02003871442780451 -0.05411764036364362 0
-0.0240974396260137 -0.05243646133927316 0
-0.05411764036479095 -0.02003871442781139 0
-0.002196566250360823 -0.05766666429875181 0
-0.05243646134030011 0.02409743962615789 0
-0.02003871442822899 0.05411764036452078 0
0.05411764036962063 0.02003871442405254 0
0.05243646134151348 -0.02409743963334745 0
0.05766666429920497 -0.002196566253076944 0
0.002196566256096584 0.05766666430241729 0
-0.05766666430265403 0.002196566254643738 0
0.04536220068089621 -0.03567271725225131 0
-0.01559793068334219 -0.05556056664779428 0
-0.05556056664523629 0.01559793069083648 0
-0.04536220068942279 0.03567271725155366 0
0.05730033999266011 0.00685149943816294 0
0.05556056664901902 -0.01559793068398039 0
0.01559793069039924 0.05556056664632592 0
-0.03567271724957515 -0.04536220069417377 0
0.03567271724754371 0.04536220069179533 0
-0.05031665599814081 -0.02825785089259134 0
0.006851499447335552 -0.05730033999357754 0
-0.05730033999429773 -0.006851499444579458 0
-0.006851499444558847 0.05730033999459222 0
0.05031665600044451 0.02825785089452698 0
0.02825785089299917 -0.05031665600067315 0
-0.02825785089417961 0.05031665599971339 0
0.04091199837755736 -0.05741616416976465 0
-0.05741616417871154 -0.04091199837016171 0
-0.0597699727031655 0.03738927496446297 0
0.01167020757151952 0.06952851052526628 0
0.05976997269658876 -0.03738927497772587 0
-0.06952851051997891 0.01167020757628564 0
-0.03738927496454426 -0.05976997270290177 0
0.0695285105177928 -0.01167020757491289 0
-0.06870196288247961 -0.01582554314276231 0
-0.01582554314300994 0.06870196288106312 0
0.03738927497838213 0.05976997270000932 0
0.06870196288443577 0.01582554313495418 0
-0.01167020757371528 -0.06952851051445265 0
0.0158255431422198 -0.06870196287854689 0
0.05741616417306803 0.04091199836348875 0
-0.04091199836348155 0.05741616417766066 0
-0.02475003795507556 -0.06607042871274883 0
0.02921792850808951 -0.06421976785031822 0
-0.05156968731312712 0.04815011193259643 0
0.05156968731384713 -0.04815011192499055 0
0.04815011193025646 0.05156968731329783 0
-0.06607042871237406 0.02475003795253569 0
-0.0642197678487951 -0.029217928509106 0
-0.04815011192724896 -0.05156968731612915 0
-0.02921792850751245 0.06421976785053796 0
0.02475003795822173 0.06607042871046236 0
-0.002418004941653998 0.0705125462711535 0
0.07051254626812015 0.002418004941263973 0
0.06421976785340222 0.02921792850647794 0
0.002418004940738259 -0.07051254626699018 0
0.06607042871366746 -0.02475003795599799 0
-0.07051254626954541 -0.002418004943186144 0
0.0321079827782914 0.04794992287645521 0
0.03621652488772464 0.04959397595458188 0
0.03257558879508535 0.05250693649946554 0
0.03979347294788892 0.0469644406368219 0
0.04015989393207955 0.05163776449223905 0
0.04801354919012214 0.03201275928432129 0
0.05243849903544781 0.03195939527880814 0
0.05018945443482332 0.0360439458319043 0
0.05473688853874168 0.02816118265100002 0
0.05686382100392898 0.0323385476722276 0
-0.03201275928426175 0.04801354919001138 0
-0.03195939527773574 0.05243849903531816 0
-0.03604394583063331 0.05018945443520817 0
-0.02816118265003941 0.05473688853703838 0
-0.03233854767192593 0.05686382100358895 0
-0.01131426705821918 -0.0565871453938028 0
-0.01448091315137813 -0.0596783233796483 0
-0.01000238507207825 -0.06097622209322247 0
-0.0187918618544733 -0.05861778827192884 0
-0.01734198710045614 -0.06307559977007275 0
0.03201275928404659 -0.04801354919229633 0
0.03195939527797637 -0.05243849903740332 0
0.03604394583308698 -0.05018945443809461 0
0.02816118264716658 -0.0547368885365795 0
0.0323385476647271 -0.05686382100523181 0
0.01120194327346017 -0.05660948798447871 0
0.009459286364082279 -0.06067718705549012 0
0.01409359112846631 -0.06016243060985742 0
0.005070639874486504 -0.061347109025677 0
0.008116080094553155 -0.06491074678368927 0
-0.04801354919222611 -0.03201275928236406 0
-0.05243849903430382 -0.03195939527337946 0
-0.05018945443717912 -0.03604394582900189 0
-0.05473688853166286 -0.02816118264530255 0
-0.05686382100090977 -0.03233854765847304 0
-0.03210798278025332 -0.04794992288299858 0
-0.03621652489281205 -0.04959397596127027 0
-0.03257558879714863 -0.05250693651139651 0
-0.03979347295188501 -0.04696444063711234 0
-0.04015989394410016 -0.05163776449132539 0
0.05658714539305313 -0.01131426705987609 0
0.0596783233797495 -0.01448091315214908 0
0.0609762220912351 -0.01000238507233518 0
0.05861778827559032 -0.01879186185555507 0
0.06307559977314388 -0.01734198710031433 0
0.0479499228695715 -0.03210798279154822 0
0.04959397593936511 -0.03621652489842429 0
0.05250693649451096 -0.03257558881412574 0
0.04696444061579245 -0.03979347294537918 0
0.05163776445248718 -0.04015989394676553 0
-0.04794992287791012 0.0321079827850564 0
-0.04959397595381944 0.03621652489439283 0
-0.05250693650442961 0.03257558879967543 0
-0.04696444062972781 0.03979347295150261 0
-0.05163776447881094 0.04015989394532566 0
-0.05660948798585334 -0.01120194327023223 0
-0.06067718705645991 -0.009459286359900981 0
-0.06016243061234403 -0.01409359112487144 0
-0.06134710902639087 -0.005070639871491104 0
-0.06491074678376467 -0.008116080087590226 0
-0.01120194327027727 0.05660948798594335 0
-0.009459286360144037 0.06067718705670641 0
-0.01409359112542642 0.0601624306124878 0
-0.005070639871170366 0.0613471090267205 0
-0.008116080087474234 0.06491074678383987 0
0.05660948798574091 0.01120194326089811 0
0.0606771870535279 0.009459286351063224 0
0.06016243061245999 0.01409359111416693 0
0.06134710902123493 0.005070639865379306 0
0.06491074677720809 0.008116080077252152 0
0.01131426706813085 0.05658714539179014 0
0.01448091316123949 0.05967832337671232 0
0.01000238508158944 0.06097622209129701 0
0.01879186186307133 0.05861778826917444 0
0.01734198711312244 0.06307559976667196 0
-0.0565871453926232 0.01131426706925252 0
-0.05967832337705724 0.014480913163147 0
-0.06097622209386976 0.01000238508357539 0
-0.05861778826688926 0.01879186186224845 0
-0.06307559976406049 0.01734198711748021 0
0.03910389848696578 0.04239645536657219 0
0.04332734162001093 0.04362624073287767 0
0.046655828806643 0.04015479427048835 0
0.04777717138333894 0.04458087228687882 0
0.051702708491533 0.04152488592148504 0
-0.02420480327308379 0.05235171251859464 0
-0.02372473508788634 0.05672428367531244 0
-0.01924377984887912 0.05847093981365873 0
-0.02290382351351006 0.06120071199957741 0
-0.0185782222423024 0.06365796003353376 0
-0.03910389848873423 -0.04239645536736579 0
-0.04332734162245416 -0.04362624073414718 0
-0.04665582881018475 -0.04015479427141315 0
-0.04777717138597476 -0.04458087228865114 0
-0.05170270849482755 -0.04152488592341184 0
0.02420480327159687 -0.05235171251862714 0
0.02372473508571524 -0.05672428367383883 0
0.01924377984785413 -0.05847093981123674 0
0.02290382351083553 -0.06120071199709055 0
0.01857822224007812 -0.06365796003028887 0
0.0523517125215468 0.02420480327259664 0
0.05672428368177616 0.02372473508721084 0
0.05847093982036076 0.0192437798429992 0
0.06120071200999472 0.02290382351115675 0
0.06365796004137933 0.01857822223534206 0
0.04239645536170329 -0.03910389848482807 0
0.04362624073011921 -0.04332734161179459 0
0.04015479427549481 -0.04665582880144985 0
0.04458087229165129 -0.04777717136903785 0
0.04152488593411082 -0.05170270848300333 0
-0.01990287040160724 -0.05413363145587521 0
-0.0233342045841 -0.05688604670017955 0
-0.02773779081658882 -0.05495260526587548 0
-0.02707998954554141 -0.05947088738203463 0
-0.0318761882858002 -0.058149762139883 0
-0.0523517125176623 -0.02420480327160297 0
-0.05672428367286625 -0.02372473508663804 0
-0.0584709398131112 -0.01924377984754329 0
-0.06120071199775373 -0.02290382351233789 0
-0.06365796003336519 -0.01857822224031519 0
0.002328189292982137 -0.05762945288409441 0
0.0002113535837815695 -0.06148546773921609 0
-0.004596925615081319 -0.06138438026468122 0
-0.002260124775109313 -0.06530699898862655 0
-0.007196807369336198 -0.06592186421059437 0
-0.04239645536380016 0.03910389849018417 0
-0.04362624072848279 0.04332734162263045 0
-0.04015479426624827 0.04665582880910332 0
-0.04458087228087412 0.04777717138728946 0
-0.04152488591487943 0.05170270849547777 0
-0.05413363145511961 0.0199028704034672 0
-0.05688604670122575 0.02333420458495508 0
-0.0549526052677768 0.02773779081742241 0
-0.05947088738616353 0.02707998954409602 0
-0.05814976214363204 0.03187618828425137 0
-0.05762945288642775 -0.002328189291004611 0
-0.0614854677452286 -0.0002113535817401802 0
-0.06138438027149384 0.004596925621191759 0
-0.06530699899914919 0.002260124777653571 0
-0.06592186421942514 0.007196807374460366 0
0.05413363145895159 -0.01990287040375636 0
0.05688604670718531 -0.02333420459000233 0
0.05495260526771019 -0.02773779082868379 0
0.05947088739178025 -0.02707998955697112 0
0.05814976214154833 -0.03187618829986955 0
0.05762945288373564 0.0023281892886177 0
0.0614854677392575 0.0002113535803846837 0
0.06138438026557774 -0.004596925617527501 0
0.06530699899072094 -0.002260124776608804 0
0.06592186421324356 -0.007196807371408151 0
-0.002328189290343807 0.05762945288665267 0
-0.0002113535803919386 0.06148546774504833 0
0.004596925622482113 0.06138438027000725 0
0.002260124779448094 0.06530699899815241 0
0.007196807374953205 0.06592186421881294 0
0.01990287040770914 0.05413363145479037 0
0.02333420459439329 0.05688604669795572 0
0.02773779082587471 0.0549526052577439 0
0.02707998956177165 0.05947088737866899 0
0.03187618830216987 0.0581497621308231 0
-0.03572536017451457 0.04534546990692839 0
0.03572536017724369 -0.04534546990524905 0
0.04534546990613841 0.03572536017563531 0
0.02822224809307631 0.05035888911519421 0
-0.006802444836251449 -0.05732573370870783 0
-0.02822224808884228 -0.05035888912136814 0
0.05035888911493189 -0.02822224810044856 0
0.05732573370832832 -0.006802444838802838 0
-0.05732573370999211 0.006802444844980056 0
0.01565296898803258 -0.05556525499604455 0
-0.05556525499736801 -0.01565296898614678 0
-0.04534546990859054 -0.03572536017408759 0
0.0068024448454947 0.05732573370909083 0
-0.01565296898653902 0.05556525499745319 0
0.05556525500032949 0.01565296897812103 0
-0.05035888911867398 0.02822224809209056 0
0.02258587443903632 0.06137709175989946 0
0.06137709176899116 -0.02258587443174305 0
-0.04806179888719653 0.04435462324691646 0
-0.002621369037179809 0.06534827880518103 0
-0.06534827880530408 -0.002621369037774168 0
0.05937078277530686 0.0274295328324786 0
-0.05937078276274835 -0.02742953282836295 0
0.06534827879654476 0.002621369033529643 0
-0.02258587443308429 -0.06137709175594176 0
0.002621369032615785 -0.06534827879935559 0
0.04435462324818822 0.04806179888936051 0
0.02742953282278469 -0.0593707827685294 0
-0.04435462325139584 -0.04806179889087302 0
0.04806179888002685 -0.04435462322894928 0
-0.02742953282516062 0.05937078277076777 0
-0.06137709175530713 0.02258587443425385 0
0.04603234341144725 -0.05215294430027027 0
-0.04603234338290762 0.05215294432997679 0
-0.05215294432369039 -0.04603234339690639 0
0.05215294432159077 0.0460323433955689 0
-0.03056722265890311 -0.0624864076363142 0
0.02257027214941066 -0.06579885300103722 0
-0.0624864076471148 0.03056722265255258 0
0.03056722268691361 0.0624864076297844 0
-0.06579885300416688 -0.02257027215153298 0
-0.02257027215564528 0.06579885300420575 0
-0.004327918432924373 -0.06942748277344545 0
0.06248640765174306 -0.03056722267553241 0
0.06942748277841616 -0.004327918433931753 0
0.06579885301996588 0.02257027215136377 0
0.004327918439540817 0.06942748278727415 0
-0.0694274827899392 0.004327918435423839 0
0.03535276701216632 0.05596625273901945 0
0.03957054055673451 0.05580094225722723 0
0.03817715724195978 -0.05407905553617476 0
0.03641035818394367 -0.05791250860706941 0
-0.05596625275672421 0.03535276699171331 0
-0.05580094225533579 0.03957054054729506 0
-0.05407905554435799 -0.03817715722498737 0
-0.0579125086143808 -0.03641035817725976 0
-0.03535276699351047 -0.05596625275793125 0
-0.03957054054493641 -0.05580094225921226 0
0.05596625274678691 -0.03535276700224213 0
0.05580094224365102 -0.03957054055935155 0
0.0652349936514529 -0.01124434014652946 0
0.06669633872436638 -0.01520431639478152 0
0.01124434015150062 0.0652349936530997 0
0.01520431639964069 0.06669633873129698 0
-0.06457229811998733 -0.01457593557060996 0
-0.06743782222693046 -0.01147662711346034 0
-0.0381771572190804 0.05407905554155987 0
-0.0364103581758123 0.05791250861091232 0
0.05407905553582704 0.03817715722646917 0
0.05791250860339096 0.03641035817620609 0
-0.01457593557334971 0.0645722981186744 0
-0.01147662711383639 0.06743782222482254 0
0.0645722981183772 0.01457593556295422 0
0.06743782222535359 0.01147662710468337 0
-0.01124434014125358 -0.06523499365114692 0
-0.0152043163929887 -0.0666963387206065 0
-0.06523499365371231 0.01124434014798358 0
-0.06669633872451601 0.01520431640068335 0
0.01457593557271237 -0.06457229811485245 0
0.01147662711466294 -0.06743782222239729 0
-0.01968460314704677 -0.06768034140665763 0
-0.0676803414084662 0.01968460314871509 0
0.03393811200249374 -0.06177634472820598 0
-0.04408634729976901 -0.05499551068718939 0
0.06768034140952635 -0.01968460314549618 0
0.01968460314547732 0.0676803414119125 0
0.0617763447274979 0.03393811199959926 0
-0.06177634472844944 -0.03393811200255254 0
-0.03393811199969134 0.06177634472976144 0
0.04408634730331464 0.05499551068587811 0
0.0700614536777279 0.007713943400986573 0
-0.05499551068273553 0.04408634730336203 0
-0.07006145367903276 -0.007713943407835358 0
-0.00771394340639062 0.0700614536786739 0
0.05499551067463627 -0.04408634730849528 0
0.007713943404496653 -0.07006145367727235 0
0.04456128979719171 -0.0556948508269211 0
-0.06248276025606983 0.03440246543695774 0
-0.05569485084052779 -0.04456128978800053 0
0.05569485084005789 0.04456128977892029 0
-0.03440246544025649 -0.06248276025581577 0
-0.007872616537271029 -0.07089179688975843 0
-0.01985576688495052 0.06850820008612968 0
-0.04456128977926449 0.05569485084465609 0
-0.06850820008758722 -0.01985576688495144 0
0.07089179689219854 -0.007872616537562828 0
0.0624827602491997 -0.03440246545322428 0
0.01985576688338418 -0.06850820008483609 0
0.06850820008984664 0.01985576687484476 0
-0.07089179689332417 0.007872616539876124 0
0.03440246545631025 0.06248276025371572 0
0.007872616533514882 0.07089179689799614 0
0.02687330491103258 0.06303324859334061 0
-0.02687330489354677 -0.06303324859466096 0
-0.04795115968490474 0.04894947628549937 0
0.02556894140052218 -0.06357353364810406 0
-0.06357353364749424 -0.02556894140288729 0
-0.0489494762809119 -0.04795115969230573 0
0.0630332486041331 -0.02687330490158247 0
0.04894947627938396 0.04795115969073194 0
-0.06303324859800997 0.02687330488920851 0
-0.02556894140374732 0.06357353364921635 0
0.0007059164401571498 0.06851909681576275 0
-0.0007059164376550723 -0.06851909680723657 0
0.0685190968088049 -0.0007059164380042561 0
0.06357353365854918 0.02556894140255046 0
-0.06851909681592322 0.0007059164374408611 0
0.04795115969530653 -0.04894947626119567 0
0.05156619033024935 -0.04418774410230016 0
0.04418774410345972 0.05156619034519387 0
-0.02109062565891569 -0.06455086541135524 0
-0.05156619034046753 0.04418774410705014 0
-0.04418774410562849 -0.05156619034637924 0
0.03073103024952376 -0.06055767908807135 0
-0.03073103025107258 0.06055767908866402 0
-0.06455086541005195 0.02109062566324621 0
-0.06055767908522566 -0.03073103024962363 0
0.0645508654163322 -0.02109062565838789 0
0.005217349368100963 -0.06770825638182684 0
0.06770825637990022 0.005217349363258085 0
0.02109062566396445 0.06455086541223656 0
0.06055767909003399 0.03073103025269585 0
-0.005217349368174665 0.06770825638471206 0
-0.06770825638441172 -0.005217349369096473 0
0.03483995773198181 -0.05449886118662689 0
-0.0631720846697746 0.01390094397280527 0
0.05304373508375414 -0.03701770779500897 0
-0.01390094396027136 -0.0631720846668167 0
0.01390094397176402 0.06317208466569547 0
-0.05304373509848075 0.03701770779010041 0
0.06368305699876953 0.01133211257657853 0
-0.01133211258616573 0.0636830570025359 0
-0.05449886118533792 -0.03483995771820236 0
0.06317208466518857 -0.01390094396255343 0
-0.06368305700178897 -0.01133211258468124 0
0.01133211258824455 -0.0636830569986703 0
-0.03701770778939198 -0.05304373510198087 0
0.05449886118180525 0.03483995772295746 0
-0.03483995771732194 0.05449886118213842 0
0.03701770778353794 0.05304373507976957 0
0.03809074688760336 -0.06099542222874478 0
0.06099542222941146 0.03809074687600521 0
-0.01619605127327209 -0.07006450209762502 0
0.0585331989482606 -0.04177572443534822 0
-0.05853319895622863 0.04177572442437454 0
0.0700645021013018 -0.01619605127142615 0
-0.04177572442254633 -0.058533198958097 0
-0.03809074687764774 0.0609954222342947 0
0.0118493238779377 -0.07092911993563514 0
-0.01184932388193048 0.07092911993665868 0
-0.06099542223262142 -0.03809074688669829 0
-0.07006450210238752 0.01619605127077366 0
0.07092911993780962 0.0118493238749215 0
-0.07092911993795192 -0.01184932388371 0
0.04177572443136809 0.05853319895873135 0
0.01619605126358648 0.07006450210953986 0
-0.04957034034829772 0.05169510829817647 0
-0.02879030449882634 -0.06557988435048083 0
0.02879030451127976 0.06557988434710971 0
0.02601416139188033 -0.06672980047855895 0
0.0516951082959369 0.04957034035074253 0
-0.06672980047877959 -0.02601416139291839 0
-0.05169510829596294 -0.04957034035200278 0
-0.06557988435306127 0.02879030449653454 0
0.04957034035569727 -0.05169510828632045 0
-0.02601416139234812 0.06672980047990332 0
-0.001502437828096297 -0.07160548544403067 0
0.001502437826748514 0.07160548544953017 0
0.07160548544564818 -0.001502437826985351 0
0.06672980048575311 0.02601416139028451 0
0.06557988435386641 -0.02879030450754994 0
-0.07160548544966237 0.001502437826773313 0
2 8 0 614
706
707
708
709
710
711
712
713
714
715
716
717
718
719
720
721
722
723
724
725
726
727
728
729
730
731
732
733
734
735
736
737
738
739
740
741
742
743
744
745
746
747
748
749
750
751
752
753
754
755
756
757
758
759
760
761
762
763
764
765
766
767
768
769
770
771
772
773
774
775
776
777
778
779
780
781
782
783
784
785
786
787
788
789
790
791
792
793
794
795
796
797
798
799
800
801
802
803
804
805
806
807
808
809
810
811
812
813
814
815
816
817
818
819
820
821
822
823
824
825
826
827
828
829
830
831
832
833
834
835
836
837
838
839
840
841
842
843
844
845
846
847
848
849
850
851
852
853
854
855
856
857
858
859
860
861
862
863
864
865
866
867
868
869
870
871
872
873
874
875
876
877
878
879
880
881
882
883
884
885
886
887
888
889
890
891
892
893
894
895
896
897
898
899
900
901
902
903
904
905
906
907
908
909
910
911
912
913
914
915
916
917
918
919
920
921
922
923
924
925
926
927
928
929
930
931
932
933
934
935
936
937
938
939
940
941
942
943
944
945
946
947
948
949
950
951
952
953
954
955
956
957
958
959
960
961
962
963
964
965
966
967
968
969
970
971
972
973
974
975
976
977
978
979
980
981
982
983
984
985
986
987
988
989
990
991
992
993
994
995
996
997
998
999
1000
1001
1002
1003
1004
1005
1006
1007
1008
1009
1010
1011
1012
1013
1014
1015
1016
1017
1018
1019
1020
1021
1022
1023
1024
1025
1026
1027
1028
1029
1030
1031
1032
1033
1034
1035
1036
1037
1038
1039
1040
1041
1042
1043
1044
1045
1046
1047
1048
1049
1050
1051
1052
1053
1054
1055
1056
1057
1058
1059
1060
1061
1062
1063
1064
1065
1066
1067
1068
1069
1070
1071
1072
1073
1074
1075
1076
1077
1078
1079
1080
1081
1082
1083
1084
1085
1086
1087
1088
1089
1090
1091
1092
1093
1094
1095
1096
1097
1098
1099
1100
1101
1102
1103
1104
1105
1106
1107
1108
1109
1110
1111
1112
1113
1114
1115
1116
1117
1118
1119
1120
1121
1122
1123
1124
1125
1126
1127
1128
1129
1130
1131
1132
1133
1134
1135
1136
1137
1138
1139
1140
1141
1142
1143
1144
1145
1146
1147
1148
1149
1150
1151
1152
1153
1154
1155
1156
1157
1158
1159
1160
1161
1162
1163
1164
1165
1166
1167
1168
1169
1170
1171
1172
1173
1174
1175
1176
1177
1178
1179
1180
1181
1182
1183
1184
1185
1186
1187
1188
1189
1190
1191
1192
1193
1194
1195
1196
1197
1198
1199
1200
1201
1202
1203
1204
1205
1206
1207
1208
1209
1210
1211
1212
1213
1214
1215
1216
1217
1218
1219
1220
1221
1222
1223
1224
1225
1226
1227
1228
1229
1230
1231
1232
1233
1234
1235
1236
1237
1238
1239
1240
1241
1242
1243
1244
1245
1246
1247
1248
1249
1250
1251
1252
1253
1254
1255
1256
1257
1258
1259
1260
1261
1262
1263
1264
1265
1266
1267
1268
1269
1270
1271
1272
1273
1274
1275
1276
1277
1278
1279
1280
1281
1282
1283
1284
1285
1286
1287
1288
1289
1290
1291
1292
1293
1294
1295
1296
1297
1298
1299
1300
1301
1302
1303
1304
1305
1306
1307
1308
1309
1310
1311
1312
1313
1314
1315
1316
1317
1318
1319
-0.01023810249342429 0.007049454761553921 0
0.01014582204089411 -0.006536669440045614 0
-0.01017657352677223 -0.006969962769365684 0
0.01211518898513098 0.002409843863598059 0
0.001667087638777159 0.0123642186148736 0
0.002401722571000185 -0.01207427473031926 0
0.03730815041923842 0.0339340140447306 0
-0.02140535161303515 -0.04513194400039394 0
-0.01750965884827255 0.04719472474892001 0
-0.05032790811362461 0.001977388894570332 0
0.04939895628134871 -0.00982606332197552 0
0.02840996935028173 -0.04257980632908898 0
0.02477568404601429 0.04367206018788072 0
-0.03161763484267358 0.03965539564965204 0
-0.005985290004481419 -0.0501926230914887 0
-0.04847573173707274 -0.01367157032197174 0
-0.04737495107293659 0.0174129780722768 0
-0.03445637845849434 -0.03685484428055679 0
0.04555739111461617 0.02109921872791304 0
-0.002401621558959707 0.05080275525416719 0
0.04391414966107821 -0.02469416465702426 0
0.01338999640160823 -0.0486967406749907 0
0.05017682486962427 0.00597438889016325 0
-0.04155384069719039 0.02778013623772396 0
-0.04194829708074087 -0.02856156990368394 0
0.00988252191399833 0.04973506915350843 0
0.03696375772233353 -0.03423494863698348 0
0.04723417375574439 -0.01748546450099789 0
0.006264706889149746 -0.04958781684124381 0
0.04861726125198879 0.01364453834864592 0
0.02101438109509003 -0.04600681575013536 0
0.03111322304951544 0.03951715993356621 0
-0.02461025857222209 0.04394477868332646 0
-0.01365057257654182 -0.04858031029856161 0
-0.03681927219087203 0.03415050502393317 0
-0.05001761981258301 -0.005919975441155694 0
-0.04578062472412704 -0.02122713057606217 0
0.05032790811758479 -0.001977388893615878 0
-0.009270004288076438 0.04900055554596969 0
0.04187841297026181 0.02798226097231554 0
-0.02810067234269469 -0.04132419954938043 0
-0.0493989562770549 0.009826063329513616 0
0.01737918213943235 0.04741237927979933 0
-0.008368231421796421 0.01005447771783096 0
-0.01192570754444155 0.01019950403674574 0
-0.009850641083411934 0.01327426830872572 0
-0.01357645077422464 0.01349740928605192 0
-0.01564735853171226 0.01035269550850757 0
-0.01148686998502139 0.01662254162069564 0
-0.01733599679763674 0.01373148090372006 0
-0.01944220739609103 0.01053706567475633 0
-0.02115529532643473 0.01399324295154767 0
-0.02320172595062027 0.01080473230393331 0
-0.02153944354306147 0.007314627225300638 0
-0.02534236804510926 0.007836996052811299 0
-0.02364605786230338 0.004110984157813316 0
-0.02814314569300099 0.004996922635184946 0
-0.025879988864852 0.0009126703951425196 0
-0.02502011809121068 0.01422307050059497 0
-0.02286615601298507 0.01748436967664129 0
-0.02976512478624498 0.001164460518564618 0
-0.02793181460363347 -0.002483306955555563 0
-0.03159520454069183 0.004367291506259522 0
-0.03185619887612832 -0.002026099395361932 0
-0.0300337042047182 -0.005756913395564974 0
-0.02622466970741594 -0.006069600262773686 0
-0.02826047515142738 -0.009330584742663893 0
-0.02444957867664638 -0.009605738909019619 0
-0.02646693618711491 -0.01285375756467994 0
-0.02250862629736642 -0.01308766270732725 0
-0.02467262799232382 -0.0163626630283279 0
-0.02064641405148626 -0.01659985960276959 0
-0.02286821498459603 -0.01987888797562309 0
-0.01886288074293246 -0.02010136555451857 0
-0.0210770348409889 -0.02340492376682932 0
-0.01709358225149685 -0.02361514117344873 0
-0.0192827674384055 -0.02694847289832361 0
-0.01530708354703169 -0.02714338097032484 0
-0.01313292275828944 -0.02381313859366019 0
-0.0113354711179879 -0.02732834758255358 0
-0.02669347493796953 0.01778041912528066 0
-0.02458210822019563 0.02103832117179417 0
-0.009195605189622688 -0.02399598354049864 0
-0.007379618909259872 -0.02751490498526759 0
-0.00951749202574991 -0.03085177805527493 0
-0.005544086979449109 -0.03101777566641195 0
-0.003436706937191358 -0.02769027801671764 0
-0.001578542317841079 -0.03118613661729426 0
0.0005283667905512906 -0.0278557759004499 0
0.002384795214404527 -0.03136822264250611 0
0.004525478315862025 -0.02800730287691993 0
0.00635748771988624 -0.03153971767472596 0
0.008503812057038936 -0.02816805059117423 0
0.01033900459982084 -0.03171382907524349 0
0.01247062050345232 -0.02834639971277784 0
0.01065115478876057 -0.02480523594416326 0
0.01460017534232171 -0.02497348148287288 0
0.0164411263790527 -0.02850158435465181 0
0.01856073265210874 -0.02513040651259272 0
0.01671222726464313 -0.02161755759283588 0
0.02065825085899627 -0.02176382387744089 0
-0.02866802841606363 -0.01609774267327335 0
0.01883032682484817 -0.01828837549975315 0
0.02275027900096716 -0.01841632908937099 0
0.02092756576461025 -0.01495238166123249 0
0.02482981146660417 -0.01507130608350079 0
0.02299026638221343 -0.01164904263793624 0
0.02691478310280327 -0.01173598690692869 0
0.02507087115105514 -0.008316842390191282 0
0.02899170442361274 -0.008398728260447921 0
0.02715648720578072 -0.004923865683545733 0
0.03108932070164084 -0.005045705415083002 0
0.02924656109296996 -0.001555631422872857 0
0.02674733154201436 -0.0185124989053544 0
0.03316108570176889 -0.001721933985223932 0
0.03129459968225276 0.001787661283081329 0
0.02751509093217457 0.002017452838858116 0
0.02944372572323874 0.005294393833240281 0
0.02568305666736477 0.005523543554520982 0
0.02760118737055203 0.008788787357120083 0
0.02376391602677846 0.008964436883156759 0
0.02574062034578569 0.01225027450619463 0
0.02190034456590511 0.01242330565535173 0
0.02389975068610659 0.01572019039709356 0
0.02018213139536931 0.01596021258751548 0
0.02207257462234723 0.0192012872764965 0
0.01834922708095534 0.01944229011352932 0
0.02023267646503152 0.02268538749179526 0
0.01633130001494747 0.0228375559476789 0
0.01835178954050739 0.02616324667293578 0
0.01442193113502955 0.02631130952728097 0
0.02786069746358638 0.01554715905071026 0
0.01647301763134992 0.02967401040829871 0
0.0124859996832163 0.0297910090898972 0
0.01037946902007238 0.02638700772434842 0
0.008499605220443051 0.02989106889693609 0
0.006327434431989129 0.02657355993499368 0
0.004523502242318352 0.03001051967818766 0
0.002443566739442714 0.02664721962783452 0
0.0005601255593998324 0.03011399537775882 0
0.00265396974665298 0.03350448021689229 0
-0.00132797728174599 0.03361077178497685 0
-0.003413716729426081 0.03020739030684444 0
-0.005319879840019839 0.03371357332296427 0
-0.00739695828007429 0.0303048563828751 0
0.031665754131093 0.008349324311736517 0
0.02418546502204096 0.02249066966563584 0
0.03093118434453922 -0.01181557885413628 0
-0.02508577444812007 -0.02316463258481028 0
0.0001788234070626455 -0.03471916862257356 0
-0.03234928426784955 -0.008819413110075704 0
0.0225381428605061 -0.02526905693171943 0
-0.00931730297649799 0.03381410207391597 0
-0.0114007419800183 0.03039259745035027 0
0.01057210789487736 0.03329037470503023 0
-0.00767756340523173 -0.0343758741463137 0
-0.01747780048981059 -0.03050717015974937 0
0.03540153870023906 0.001243057809454192 0
0.03510439246354806 -0.00494634811064274 0
-0.01332974894454749 0.03391701470679463 0
0.008194023356354066 -0.03509716530280641 0
-0.02842517558415916 0.02135197713677236 0
-0.03070730830858186 0.01790103819864921 0
-0.02632354547865191 0.02462928708029748 0
0.02046181066980216 0.02953680578886227 0
-0.007712036330395898 0.0163515417841371 0
0.01425649769180715 0.01929366254375254 0
-0.02197368312895265 0.0006522945871589123 0
-0.0109823424480476 -0.02051504400541074 0
0.01486912926253978 -0.01813134425880607 0
-0.02149402656588018 -0.03030738172152918 0
0.02320486967169172 -0.005135130204226846 0
0.01221478774136956 -0.03527501540304141 0
-0.007101634609807603 -0.02070633163899918 0
0.0007632215970968864 0.03703499353014411 0
0.01794346421530587 0.01290097701020144 0
0.002657719544774539 -0.02449522732946629 0
0.01857312021416603 0.03308932113894281 0
-0.02076400637202886 0.02065958394203198 0
-0.007245932775773884 0.03722797267704552 0
-0.0152855276786209 0.03049302915186056 0
-0.01706023885724766 0.03405068104419341 0
0.004216082996657405 0.02325148506537345 0
-0.0196657291578831 -0.03391061659889215 0
-0.03021496647709327 0.02494533066751328 0
-0.02809780094251804 0.0282464221047681 0
0.0004262593528456997 0.02329489683908921 0
-0.02006312508806583 -0.009816971239906994 0
-0.008873655627615646 -0.01726070800164406 0
-0.009371587037941614 0.01977046380339849 0
0.02174414147284855 0.00493960024544054 0
0.02261303438997674 0.03295237639524067 0
0.01004675485858083 -0.03868887674358322 0
0.01926950401620273 -0.01155319275543649 0
-0.015203037610753 0.03748799786027937 0
-0.005037678777073922 -0.01759572256910239 0
-0.02372549399068604 -0.03370078519664423 0
0.01410998179247308 -0.03886700034167921 0
-0.02419490777715333 0.02804229695957404 0
-0.02588403483715935 0.0316197984839539 0
-0.01337065898024344 0.02693789304286197 0
-0.01272867718407287 -0.01705756941568956 0
-0.01218506553590189 0.001666472149191285 0
0.01205159766341926 -0.00248230274873809 0
0.01527190633083495 -8.719906920743093e-18 0
0.0157100917992411 -0.003816648108762788 0
0.008361932100016211 -0.009972833664886046 0
0.01053137199381582 0.006509793613540154 0
0.005829974614661825 0.01122243383465462 0
0.004748843551327504 0.01477709133354237 0
0.001588149555426412 0.01643044038711839 0
-0.01222542412689121 -0.002499094109427157 0
-0.005409789033346176 0.02663067215416038 0
0.008464379127073443 0.01414909400556779 0
0.01425464707490183 0.005913798131167259 0
0.02070498851633884 0.03654340950654943 0
0.01625272984332626 -0.03543624873278495 0
0.01662393580159861 0.03666050489764437 0
-0.02556343404372961 -0.03006921509425164 0
-0.0156367280398201 -0.03409191893203226 0
-0.01781477750331503 -0.03753607704590989 0
-0.0137617213013338 -0.03772586310893736 0
0.02450303426199765 0.02937434726010449 0
0.005995395836946222 -0.03850347213313503 0
0.02668077078732433 0.03280077695135705 0
0.02859325995170861 0.02920742853643545 0
0.004756909942355224 0.03690704355929401 0
0.002879728715201027 0.04048042743291438 0
0.006880310329464946 0.04035629001794365 0
-0.001183802419094388 0.0405933503158153 0
-0.01894934029812108 0.03764507304536276 0
-0.01402516514323868 -0.005936610114465685 0
-0.01317003902636166 -0.01015316516632205 0
-0.01324766296795189 0.02002067645249729 0
0.01231154361066596 -0.009617145480595521 0
0.009928210633478242 -0.01316245925291313 0
-0.006661608103306942 -0.009947871164517839 0
0.00786102929153696 -0.04213299077189585 0
0.003776868900068406 -0.04195345088493594 0
0.005012679901988434 0.04387359480611876 0
0.01819321897156939 -0.03895778125974588 0
0.02035128003188688 -0.03556319366677452 0
-0.005573529204384378 0.01950639983388552 0
-0.01508895063926595 5.421013868646373e-05 0
-0.01560934772746846 0.00377970105122396 0
-0.03212081626404692 0.02848613041853291 0
-0.03432751174767052 0.02464831436679896 0
-0.01597853106620004 -0.04106557388838163 0
-0.01211035890433269 -0.04141770985139377 0
-0.003241879240668066 -0.02091402660816684 0
-0.001352747824689794 -0.01780965550993744 0
-0.01709505039402826 0.02724544276580813 0
-0.0278109494151769 -0.03348160296913921 0
-0.02966823163800388 -0.02983010821204392 0
0.01891292299886421 0.03997133966583646 0
0.01513601333068677 0.04032222841688647 0
0.00723820375754451 0.01739218585393335 0
0.01297031397090063 0.009380097049651766 0
0.01606701480288101 -0.04199422167357884 0
-0.002518339325952757 -0.01194053494175901 0
0.03062129412157855 0.03257542600727958 0
0.03255555763728405 0.02895213512802218 0
0.03049666320730599 0.02554601326088748 0
0.03458154566167706 0.02536985788256756 0
0.03243843722057919 0.02192828971036088 0
0.03650736858372485 0.02174450946474395 0
0.03435276795841596 0.01830245907227073 0
0.03841695155368375 0.01811969513508513 0
0.03627361074089331 0.01468300771351108 0
0.04032198871379616 0.014490903120022 0
0.03817829382793645 0.01105126814910045 0
0.04217908092088724 0.01087265541609739 0
0.04009153587740159 0.007422453688698459 0
0.0186216800113444 -0.001473245531559504 0
0.02229712142847393 -0.03927297579436154 0
0.02439447146631189 -0.03566767614881923 0
0.02253611530319848 -0.03209381784865754 0
0.02665992432991102 -0.03222584918961074 0
0.02864337352909578 -0.03584589217094426 0
0.03069291105649614 -0.03228541574510787 0
0.02885558691892822 -0.0287129176677981 0
0.03284893814169108 -0.02876775948084306 0
0.03103452898909536 -0.02521407671335751 0
0.0351277810075929 -0.0253374164457183 0
0.03322456490171645 -0.02173632984517467 0
0.0372769983013215 -0.02183569124490473 0
0.03540139533746623 -0.0182539765105475 0
0.03941573650295226 -0.0183294002034441 0
0.03756401390920917 -0.01476091454501073 0
0.04146154218970341 -0.01490819856010189 0
0.03972318031618017 -0.0112834192924477 0
-0.002512918191039154 0.01206871409349262 0
-0.01694287085021672 0.04087551099494462 0
-0.01320984703632137 0.04093749638116885 0
0.04393178268815255 0.007345403051673879 0
0.04197292468875849 0.003792160925772733 0
0.009231620043607596 0.04373259619567607 0
-0.03670900698569798 0.02910976739492348 0
0.04382344792707939 -0.01138259476562234 0
0.0419196755063543 -0.007287464082231748 0
0.03719239489475156 -0.02925203955275747 0
-0.01100267009849271 -0.01380180499985381 0
0.01354300007505325 -0.01357570411676186 0
-0.01445318579524175 -0.01361438212713901 0
-0.02213105688781818 0.03128026504800831 0
-0.02359852105175986 0.03498008863584835 0
-0.02749554826351398 0.03514994524977805 0
-0.02510534631795245 0.03901266100794056 0
0.03691634566216 0.02907643129375945 0
0.0407394733108641 0.02149502383565437 0
-0.02594498374062103 -0.03724804731776788 0
0.01843989702374046 0.002136449766183306 0
0.02164996049728591 0.0007237534390441784 0
0.03544380266672674 -0.01147129380800389 0
-0.0198616327966173 -0.04097556964889397 0
0.002291895853272296 0.01992509855576328 0
0.03115158969962958 -0.01834442944983039 0
0.04647795116512784 0.003871596690050156 0
0.04383299820037068 0.000192054425760305 0
0.03950997640189099 -0.000103976116282661 0
-0.0113746394930016 0.02335172872007244 0
-0.004185008970789452 0.01580167338399612 0
0.01904485906712432 -0.005364440979817782 0
0.01586788096277876 -0.007504514824896377 0
0.03593676328073828 0.007887624238129436 0
0.03284557748466496 -0.03537450533243225 0
-0.01514468061376898 0.02356729905939176 0
0.03212303715112414 0.01507903344771394 0
0.01646742852872361 0.008999216651508914 0
0.02693384534930837 -0.02508823109187773 0
-0.001478685854305863 0.01891376710168923 0
0.0007061942135475983 -0.02107842318094437 0
0.00252105362245933 -0.01782532748847761 0
0.0418484925736361 -0.003175524264263246 0
0.04583265804346907 -0.003647854575481335 0
0.005652872625514957 -0.04559421832438699 0
0.001539501611878383 -0.04520712769568559 0
-0.0003594425050200151 -0.04173095473387838 0
-0.002394888907891765 -0.0450681198400399 0
-0.004307594328880252 -0.04148065954216339 0
-0.00643592932661311 -0.04593700034958388 0
-0.0003669047423200197 -0.04888291345238062 0
0.009823947267251653 -0.04616059837729261 0
0.02830930913749825 0.02222884575336515 0
-0.03197486534547878 -0.03328295110541141 0
-0.0337982800345633 -0.02958112263393148 0
-0.03152358911746241 -0.02614661394036809 0
-0.03556150452194817 -0.02584670014319927 0
-0.03338642009691935 -0.02245122509327906 0
-0.03739192948685527 -0.02215215914075703 0
-0.03523277868355688 -0.01876809201206382 0
-0.03927111780236856 -0.01849030643250388 0
-0.037097083358022 -0.01510132352164704 0
-0.04106037419666619 -0.01485465172484753 0
-0.03893371291724195 -0.01142887009663433 0
-0.04275616065776042 -0.01134037853464428 0
-0.04070672914684072 -0.00775394001614083 0
-0.04516407191850298 -0.007660850144309126 0
-0.04258773640785569 -0.004043560183617369 0
-0.03838202874262932 -0.004457256702848971 0
-0.04030711893877279 -0.0006217664489927823 0
-0.04427273191398618 -0.0003721320744185289 0
-0.04210948245111028 0.0030581768279909 0
-0.03792830964771394 0.002602514180564755 0
-0.03984291104586946 0.006460480183447534 0
-0.04376890113651775 0.006801717832066821 0
-0.0415952971955405 0.01017058116919569 0
-0.03754521954048598 0.009872745739130469 0
-0.03933327164727222 0.01354912636940219 0
-0.03539174670364737 0.01319485936151216 0
-0.03718646109359944 0.01686696595523129 0
-0.04097891618185371 0.01731196959853493 0
-0.03888980387678481 0.02102997396762116 0
-0.04283952010151194 0.0209742003952237 0
-0.03349857493496074 0.009829374392233501 0
-0.03122500153514526 0.01295080135051031 0
-0.03472372210526258 0.02031819411426786 0
-0.02947049136061642 0.009332222638104714 0
-0.03293677867605933 -0.01557140121247159 0
-0.03610133237256611 -0.03268045181097985 0
-0.02924656426376765 -0.02282823864837345 0
0.0110580914964652 0.01666080182529388 0
0.009719871907325858 0.02016303657280673 0
0.01456968214633883 0.01505393169554481 0
-0.002025936909564403 -0.03807441216938273 0
0.006110405757447051 -0.01297092019401208 0
0.007708396662142679 -0.01590720391915394 0
-0.01664421603149724 -0.01684498443217983 0
-0.01842806504789792 -0.01356582044116793 0
-0.01664587052641103 -0.008326156498969882 0
-0.01945640293149883 -0.006057002238835007 0
0.02284574565234865 0.03985556127737001 0
-0.03838484808636122 0.02507241676727615 0
0.01237355537564206 -0.02085469747772023 0
0.008279303215718015 -0.02135715699835127 0
0.006686143447809856 -0.0246014919329139 0
0.004393361065405021 -0.0212649741397147 0
-0.009447454204221745 0.02690361774038016 0
-0.0213090734564588 0.04119090300990585 0
-0.003420399847459445 0.02273217269513508 0
-0.00673170537101873 -0.01375970600407163 0
-0.03505027699619463 0.005983870877170235 0
0.02493862102913525 -0.001244864652840289 0
-0.01983491686014914 0.003950253340624583 0
-0.03653972725637217 -0.008289535382124791 0
-0.017664990023942 0.007164901867303515 0
-0.04153222133216738 -0.02170257585544361 0
-0.02421358629093471 -0.002697757829633657 0
-0.001468992326423909 0.02660439116680374 0
-0.03615492872916563 -0.001020484476899238 0
-0.006055474672674429 0.01296912015899833 0
-0.005292601624452519 -0.02419614166671539 0
-0.04654568053419479 0.003494893804345077 0
-0.02259314246621217 0.02437153184221698 0
-0.03783508426364995 -0.02897555154617396 0
-0.01902387357432529 0.01713585336373182 0
-0.001346484542239753 -0.02437164545041007 0
0.02042892091492257 -0.02865695109608249 0
-0.009825598015626271 -0.03783572460469828 0
0.02474959827987091 -0.02866214295740342 0
-0.04396724670669867 0.01439829325561272 0
-0.01490743690272274 -0.02032454052915127 0
0.01432654183875873 -0.03188060626630636 0
-0.01347916730964877 -0.03066320390538475 0
0.0392562032800234 -0.02547860929238392 0
-0.02985714791977193 0.0318375600128759 0
0.03878244968303039 0.02515330293134433 0
-0.02187541700013414 -0.03732182277511686 0
0.04249889867341538 0.01794741550890088 0
0.04452981236664742 0.01421273064157811 0
0.01195493295002759 -0.04215619187855638 0
0.02478349176319478 0.03637278456687378 0
0.02682615600366487 0.03974054045599307 0
-0.003235337086484906 0.03711723038892501 0
0.01457196154351948 0.03318569541620656 0
0.02470245816600925 -0.0218348913337897 0
0.006612764845778545 0.03337831526512013 0
0.0009357354760655856 0.04395056716191904 0
-0.003140421337542798 0.04404592809306907 0
0.003345002096767267 0.04718029583431257 0
0.004203178117676082 -0.03490545740909951 0
-0.0300225931341794 -0.03698839517034982 0
0.01273252462132844 0.03673256245533699 0
-0.02739950528696248 -0.02646651386731823 0
-0.01124429379758463 0.03734229417018921 0
0.02235664974933414 0.02601448304219819 0
-0.01387884797590637 0.007265753131571945 0
-0.02331709043734779 -0.02672685665551037 0
-0.0152335559627169 0.01684233631468601 0
-0.007432899803392493 0.02314917582450534 0
0.02640739688831426 0.0258102979197711 0
0.02903616124978451 -0.02175121635518924 0
0.00196813727568509 -0.03832481101673132 0
-0.005202508105268188 0.04065650251963127 0
-0.007252497793265934 0.04435818319841502 0
-0.03175835300749463 0.03551231816797545 0
-0.01164971168290176 -0.03425739379210688 0
0.01838945238519094 -0.03202206699420961 0
0.0459515752131513 -0.007655889911526631 0
0.01146858903176915 -0.0165897886527153 0
-0.02697015176754969 -0.01956931415739379 0
0.02864289157638472 0.03609120567721021 0
0.01708300776223755 -0.01452341254937126 0
-0.005124582529709105 0.04775253977411669 0
-0.01166593351084118 0.04526612926331808 0
0.02894146997484044 -0.01507663089564061 0
0.0261227258830351 0.01895548218784308 0
0.04821991016617945 -0.01389229600058402 0
-0.04674214576368982 -0.003367642996288619 0
0.009403721242274891 0.01014133534624406 0
-0.04928665861605516 -0.01001257118549558 0
-0.0311323813220168 -0.01917701689027931 0
-0.02379932114529249 -0.04097840123124359 0
0.03334287562113215 -0.01488728696326264 0
-0.003767172317536099 -0.03451314284974961 0
0.03030274413316621 0.01861045725244096 0
0.01189365421537551 0.01287580235339082 0
-0.009303502169842531 0.04096476303496131 0
0.008726778573004298 0.03681573372078703 0
-0.03062318831604152 -0.01240878393929013 0
0.03326055801946798 -0.008241393490923231 0
0.02988270229710212 0.01189226851959801 0
0.02133130583994641 -0.008469027262998013 0
-0.0211229332755694 0.04574114896574303 0
0.04336157641529641 -0.01820166464202454 0
0.03735535133072012 -0.007979096374906342 0
-0.03474662913193108 -0.01193655454370726 0
0.04348901700944413 0.02445172368895448 0
0.04949040605089319 -0.005857575553604095 0
-0.01376578580575199 0.0484493604760951 0
0.01233648961014859 0.02305101665720313 0
0.005850525164161758 0.05037019881791106 0
0.04970540663003393 0.009887020113635268 0
0.01731253620536382 -0.04763063994193046 0
0.0506401212919563 0.001989655791405106 0
0.04710195477610286 0.01738590405173673 0
-0.02810128245449869 0.0417665228842647 0
-0.0483859490192388 0.013586674741309 0
0.02435928100482546 -0.04333630785001687 0
-0.009642124277882934 -0.04941199750766433 0
-0.01073205077481663 -0.04522642373962132 0
-0.05032790811151173 0.005956700459487116 0
0.03463661217951108 0.03675135878581481 0
-0.01754093316636373 -0.04754677989200894 0
-0.05058080530088493 -0.001979666836302003 0
-0.04572643151788267 0.01034090322655873 0
-0.04748087878709335 -0.01754253322675335 0
0.02121733768287715 0.04602396328856568 0
0.03401002690481455 0.01149042106329824 0
-0.03993783821134379 0.03152973591007917 0
0.01373142682786529 0.04874942416894781 0
0.01361493785299493 0.04435164951431627 0
0.0313751818347001 -0.03979922838373239 0
0.01105369745851449 0.04038517672015775 0
-0.04421739364892908 0.02476293025270208 0
0.04169937282242973 -0.0284963923245452 0
0.01011316208395871 -0.05009149343325878 0
0.04120095164538207 -0.02185504866695295 0
-0.03421931201281053 -0.005061617077145935 0
-0.04318949336708688 -0.01815200121192062 0
-0.01706760339400519 0.02032828268561427 0
0.0401974399598834 0.03158201709900441 0
-0.03354818068224012 0.03187396747467641 0
0.03365734187512547 0.004778174923608721 0
0.04592629063150597 -0.02129538696016325 0
-0.04380728603239152 -0.02494983833519831 0
-0.01453250575093314 -0.04467372415015266 0
0.03797718524552161 0.004139094109660018 0
-0.03372500726268989 0.001845258868382993 0
-0.005960946004909692 -0.03793190752538374 0
0.02003909721795588 0.009049396187242017 0
-0.02064440743335707 -0.002889701683604474 0
0.04601486475191204 0.0107799382732425 0
0.0002865419029225461 -0.01493906016386878 0
0.03637149845589809 -0.002034771973576775 0
0.04014796324740674 -0.03178015192690823 0
-0.0449074702237459 -0.01482025618109586 0
-0.008228746225863106 -0.04163823760214073 0
0.01772924026702994 0.005684626950847678 0
-0.02488387018221555 -0.04443334744485183 0
0.02011822448386762 -0.04217763660643796 0
-0.03967938711962552 -0.02536473248740935 0
-0.01849008393299456 0.0006473373158555348 0
0.007752917796621215 0.02336138471028641 0
-0.01512532767614629 0.04422927999837112 0
0.007441753882563115 0.04688069469903688 0
0.0177361495962926 0.04358150560320809 0
0.04745755064229323 0.000226806251111947 0
-0.01889448821934125 0.02404798253555341 0
-0.02697357581313527 0.01153027651494223 0
-0.02272256799828079 -0.006463336017777526 0
-0.01671885530618841 -0.003530832011226957 0
0.002724924819894266 -0.05086854928269294 0
0.001919203266934545 0.050932042214601 0
0.02622758188766841 -0.0392174042973204 0
-0.03165308438041951 -0.04015174615751604 0
-0.009842632772725818 -0.01076624952570271 0
-0.03471325998879561 0.03773811252302275 0
-0.02812389573720852 0.01487712113799548 0
0.01608040019638822 -0.01092824738957349 0
-0.04629774229389576 0.02124647487421297 0
0.01325705534772354 -0.005896291899500637 0
-0.0009395235737293954 0.04708836100624621 0
-0.01790120266184368 -0.04392903222979808 0
-0.02059373186136181 0.02760089000047771 0
-0.0338468479492473 0.01624637179603416 0
0.03408441213435613 0.03248128085511719 0
0.03410871585998745 -0.03198293374962483 0
0.003891095289667006 -0.01511069309796778 0
-0.003070785879162532 -0.01520893583774785 0
0.005885691238253257 0.0202905363305207 0
0.01543023028400932 0.003069300723544043 0
-0.03167973684455348 0.02183297089680034 0
0.01428059093215272 -0.04517156657562472 0
-0.0399610688259279 -0.03198467722068468 0
0.02426785693335717 0.002538346625371594 0
0.01476890861532889 0.01184200495205955 0
-0.04777059324036758 -0.0002196843409356605 0
-0.005988884829231265 0.05101130480805364 0
0.01104872413880966 0.04654418550894068 0
-0.01874474488075765 0.03075810411032344 0
-0.04715357551543237 0.00728405573039427 0
0.02100453360420312 0.04266223942602625 0
0.02857292447718848 0.04267443616266879 0
0.03868164404969213 -0.004543105604417662 0
-0.02049346889057261 0.03436585590976797 0
0.0472794029047516 0.007609429608501067 0
0.04483185180827518 -0.01531986822996499 0
0.02150271885970786 -0.002464554893488741 0
0.005781864411838394 -0.01828609846761358 0
-0.03658147145401978 0.02276722480399104 0
-0.04124858936684916 0.02362967635898256 0
0.004277590598860071 0.01773077241582859 0
-0.04416832721831946 0.01804408601387259 0
0.003483259263446173 -0.04786613374288665 0
-0.02222104640047119 0.0376957304292669 0
-0.001125387322862179 0.01499859851640629 0
-0.04609864672304691 -0.01156819558112552 0
-0.002971689517016477 -0.05106203629581258 0
-0.01640549346917166 -0.01125975465861157 0
0.0350585450993897 -0.03792232219312038 0
0.03181968661226918 0.0354832862517976 0
-0.02870269624843967 0.03822366625302588 0
0.009220341843201967 -0.01858830284068318 0
0.01789566363221922 -0.04459111282594626 0
0.01723930524380743 0.01661329184767873 0
-0.003621106907700265 -0.04805082148821908 0
-0.03156860008829785 0.007042710407243014 0
0.005591572819717345 -0.01035995330044876 0
-0.01830312523726173 0.04387765377967812 0
-0.005593921994821384 0.01035131580957473 0
0.01840746475139111 -0.008795514610379444 0
-0.01213021841641486 0.004775785296080286 0
-0.03812174838717149 -0.03523938174497611 0
2 9 0 25
1320
1321
1322
1323
1324
1325
1326
1327
1328
1329
1330
1331
1332
1333
1334
1335
1336
1337
1338
1339
1340
1341
1342
1343
1344
0.00270303552084383 -0.00491098481997028 0
-0.003519339956636554 0.005301956509418573 0
0.004990217082852844 0.00333435645334223 0
-0.00495895665676573 -0.00349773003006888 0
0.001266453832456336 0.006423607820146627 0
-0.0009755365674263879 -0.006180744143676232 0
0.005886362397929614 -0.001170870279826782 0
-0.006067239909935242 0.001307056052038777 0
-0.006943437871434468 -0.001381135664760604 0
-0.003042705574272707 -0.0005931780952800995 0
-0.003198913061295341 0.00268660760206314 0
3.563831809296777e-05 0.001700341956818247 0
0.001073778460931975 -0.00158349271659477 0
0.003424466446994268 0.0007151623113255362 0
-0.001362687751689071 -0.003260047042269227 0
-0.001348242889312065 0.006835152000446634 0
0.003933141609347987 0.005886362397929612 0
-0.003494212930491705 -0.005632962831013663 0
0.001325022951061102 -0.007263091522973845 0
0.005593530980375883 -0.003786421182753268 0
0.006943437871434471 0.001381135664760601 0
-0.005886362397929615 0.003933141609347989 0
0.002324074119979728 0.003478222720823381 0
0.003736234761415114 -0.002147321337563912 0
-0.0007400549394524881 0.004404314768286099 0
$EndNodes
$Elements
20 2604 1 2941
0 1 15 1
1 1 
0 2 15 1
2 2 
0 3 15 1
3 3 
0 4 15 1
4 4 
0 5 15 1
5 5 
0 6 15 1
6 6 
0 7 15 1
7 7 
0 8 15 1
8 8 
0 9 15 1
9 9 
0 10 15 1
10 10 
0 11 15 1
11 11 
0 12 15 1
12 12 
0 13 15 1
13 13 
0 14 15 1
14 14 
0 15 15 1
15 15 
0 16 15 1
16 16 
2 6 2 192
354 1 66 17 
355 1 17 145 
356 18 70 2 
357 151 18 2 
358 71 151 2 
359 19 75 3 
360 19 3 76 
361 20 160 4 
362 161 20 4 
363 4 160 80 
364 161 4 81 
365 5 21 85 
366 21 5 86 
367 22 90 6 
368 171 22 6 
369 91 171 6 
370 23 95 7 
371 96 23 7 
372 101 24 8 
373 24 180 8 
374 180 100 8 
375 25 185 9 
376 186 25 9 
377 185 105 9 
378 106 186 9 
379 26 110 10 
380 111 26 10 
381 27 11 116 
382 27 195 11 
383 11 195 115 
384 120 12 28 
385 12 201 28 
386 201 12 121 
387 13 126 29 
388 205 13 29 
389 13 205 125 
390 210 14 30 
391 14 211 30 
392 210 130 14 
393 131 211 14 
394 135 15 31 
395 15 136 31 
396 16 141 32 
397 220 16 32 
398 220 140 16 
399 66 146 17 
400 17 225 145 
401 18 150 70 
402 19 155 75 
403 156 19 76 
404 21 165 85 
405 166 21 86 
406 22 170 90 
407 23 175 95 
408 176 23 96 
409 181 24 101 
410 26 190 110 
411 191 26 111 
412 196 27 116 
413 200 120 28 
414 126 206 29 
415 215 135 31 
416 136 216 31 
417 141 221 32 
418 67 146 66 
419 68 147 67 
420 147 146 67 
421 69 148 68 
422 148 147 68 
423 70 150 69 
424 149 148 69 
425 150 149 69 
426 72 152 71 
427 152 151 71 
428 73 153 72 
429 153 152 72 
430 74 154 73 
431 154 153 73 
432 75 155 74 
433 155 154 74 
434 156 76 77 
435 157 77 78 
436 157 156 77 
437 158 78 79 
438 158 157 78 
439 159 79 80 
440 159 158 79 
441 160 159 80 
442 162 81 82 
443 162 161 81 
444 163 82 83 
445 163 162 82 
446 163 83 84 
447 164 84 85 
448 164 163 84 
449 165 164 85 
450 166 86 87 
451 88 167 87 
452 167 166 87 
453 89 168 88 
454 168 167 88 
455 90 169 89 
456 169 168 89 
457 170 169 90 
458 92 172 91 
459 172 171 91 
460 93 173 92 
461 173 172 92 
462 94 174 93 
463 174 173 93 
464 95 175 94 
465 175 174 94 
466 97 176 96 
467 98 177 97 
468 177 176 97 
469 99 178 98 
470 178 177 98 
471 100 179 99 
472 179 178 99 
473 180 179 100 
474 102 181 101 
475 103 182 102 
476 182 181 102 
477 104 183 103 
478 183 182 103 
479 105 184 104 
480 184 183 104 
481 185 184 105 
482 107 187 106 
483 187 186 106 
484 108 188 107 
485 188 187 107 
486 109 189 108 
487 189 188 108 
488 110 190 109 
489 190 189 109 
490 112 191 111 
491 113 192 112 
492 192 191 112 
493 193 113 114 
494 193 192 113 
495 194 114 115 
496 194 193 114 
497 195 194 115 
498 196 116 117 
499 198 117 118 
500 197 196 117 
501 198 197 117 
502 199 118 119 
503 199 198 118 
504 200 119 120 
505 200 199 119 
506 202 121 122 
507 202 201 121 
508 203 122 123 
509 203 202 122 
510 204 123 124 
511 204 203 123 
512 204 124 125 
513 205 204 125 
514 206 126 127 
515 128 207 127 
516 207 206 127 
517 128 129 208 
518 207 128 208 
519 129 130 209 
520 208 129 209 
521 209 130 210 
522 131 132 212 
523 211 131 212 
524 132 133 213 
525 212 132 213 
526 133 134 214 
527 213 133 214 
528 134 135 215 
529 134 215 214 
530 137 216 136 
531 138 217 137 
532 217 216 137 
533 218 138 139 
534 218 217 138 
535 219 139 140 
536 219 218 139 
537 220 219 140 
538 221 141 142 
539 222 142 143 
540 222 221 142 
541 223 143 144 
542 223 222 143 
543 224 144 145 
544 224 223 144 
545 225 224 145 
2 7 2 1008
546 496 401 498 
547 461 376 463 
548 486 406 488 
549 491 431 493 
550 506 426 508 
551 456 421 458 
552 501 396 503 
553 476 371 478 
554 446 386 448 
555 441 416 443 
556 466 391 468 
557 471 411 473 
558 436 361 438 
559 451 381 453 
560 511 356 513 
561 481 366 483 
562 322 463 564 
563 323 448 568 
564 324 488 566 
565 328 468 570 
566 336 438 582 
567 337 483 580 
568 334 478 588 
569 330 473 578 
570 331 443 584 
571 329 503 574 
572 332 513 562 
573 326 498 572 
574 335 453 592 
575 327 493 590 
576 333 458 586 
577 325 508 576 
578 463 322 610 
579 448 323 612 
580 468 328 614 
581 488 324 611 
582 438 336 613 
583 483 337 617 
584 473 330 618 
585 443 331 616 
586 478 334 615 
587 513 332 624 
588 503 329 619 
589 453 335 621 
590 498 326 620 
591 458 333 622 
592 493 327 623 
593 508 325 625 
594 376 461 515 
595 401 496 520 
596 431 491 522 
597 426 506 526 
598 361 436 516 
599 421 456 528 
600 371 476 518 
601 406 486 529 
602 396 501 521 
603 356 511 517 
604 386 446 525 
605 391 466 519 
606 366 481 514 
607 416 441 527 
608 411 471 524 
609 381 451 523 
610 608 403 642 
611 603 358 643 
612 605 408 645 
613 594 373 644 
614 598 398 651 
615 604 423 653 
616 597 393 646 
617 609 383 652 
618 600 363 655 
619 595 433 649 
620 602 368 648 
621 607 418 656 
622 601 388 650 
623 606 413 657 
624 596 378 647 
625 599 428 654 
626 573 403 608 
627 567 408 605 
628 589 373 594 
629 563 358 603 
630 565 378 596 
631 583 363 600 
632 593 383 609 
633 571 393 597 
634 575 398 598 
635 581 368 602 
636 587 423 604 
637 569 388 601 
638 591 433 595 
639 585 418 607 
640 579 413 606 
641 577 428 599 
642 498 401 572 
643 488 406 566 
644 463 376 564 
645 508 426 576 
646 493 431 590 
647 458 421 586 
648 503 396 574 
649 448 386 568 
650 468 391 570 
651 513 356 562 
652 478 371 588 
653 443 416 584 
654 473 411 578 
655 438 361 582 
656 453 381 592 
657 483 366 580 
658 357 434 435 
659 367 439 440 
660 377 449 450 
661 392 444 445 
662 362 454 455 
663 407 479 480 
664 387 469 470 
665 372 464 465 
666 382 474 475 
667 397 494 495 
668 402 459 460 
669 417 504 505 
670 412 489 490 
671 422 499 500 
672 427 509 510 
673 432 484 485 
674 358 357 540 
675 368 367 544 
676 363 362 535 
677 378 377 541 
678 393 392 542 
679 373 372 538 
680 383 382 539 
681 388 387 536 
682 408 407 532 
683 398 397 531 
684 418 417 533 
685 413 412 534 
686 428 427 530 
687 423 422 537 
688 433 432 545 
689 403 402 543 
690 357 435 540 
691 407 480 532 
692 362 455 535 
693 377 450 541 
694 392 445 542 
695 367 440 544 
696 387 470 536 
697 372 465 538 
698 382 475 539 
699 397 495 531 
700 417 505 533 
701 427 510 530 
702 412 490 534 
703 402 460 543 
704 422 500 537 
705 432 485 545 
706 368 544 648 
707 363 535 655 
708 358 540 643 
709 378 541 647 
710 393 542 646 
711 383 539 652 
712 388 536 650 
713 373 538 644 
714 408 532 645 
715 398 531 651 
716 418 533 656 
717 413 534 657 
718 423 537 653 
719 428 530 654 
720 433 545 649 
721 403 543 642 
722 367 321 439 
723 357 314 434 
724 392 313 444 
725 377 320 449 
726 372 307 464 
727 387 315 469 
728 382 316 474 
729 407 309 479 
730 402 306 459 
731 362 319 454 
732 432 308 484 
733 412 317 489 
734 397 311 494 
735 417 318 504 
736 422 310 499 
737 427 312 509 
738 374 376 515 
739 364 366 514 
740 359 361 516 
741 354 356 517 
742 369 371 518 
743 389 391 519 
744 399 401 520 
745 394 396 521 
746 409 411 524 
747 379 381 523 
748 429 431 522 
749 384 386 525 
750 414 416 527 
751 424 426 526 
752 419 421 528 
753 404 406 529 
754 511 294 517 
755 496 302 520 
756 506 304 526 
757 456 301 528 
758 486 299 529 
759 491 305 522 
760 501 303 521 
761 461 293 515 
762 436 291 516 
763 466 296 519 
764 476 298 518 
765 446 292 525 
766 441 300 527 
767 481 290 514 
768 471 297 524 
769 451 295 523 
770 546 463 610 
771 547 483 617 
772 548 448 612 
773 550 468 614 
774 553 513 624 
775 549 438 613 
776 554 473 618 
777 551 453 621 
778 552 488 611 
779 555 443 616 
780 556 478 615 
781 558 503 619 
782 557 498 620 
783 560 508 625 
784 559 458 622 
785 561 493 623 
786 510 512 530 
787 480 482 532 
788 495 497 531 
789 505 507 533 
790 455 457 535 
791 465 467 538 
792 470 472 536 
793 435 437 540 
794 490 492 534 
795 475 477 539 
796 450 452 541 
797 500 502 537 
798 445 447 542 
799 440 442 544 
800 460 462 543 
801 485 487 545 
802 434 291 435 
803 459 293 460 
804 479 290 480 
805 444 292 445 
806 509 294 510 
807 454 301 455 
808 469 297 470 
809 449 295 450 
810 439 300 440 
811 504 304 505 
812 494 302 495 
813 474 298 475 
814 464 296 465 
815 499 303 500 
816 489 305 490 
817 484 299 485 
818 374 320 375 
819 369 307 370 
820 364 321 365 
821 359 319 360 
822 354 314 355 
823 394 311 395 
824 399 306 400 
825 389 313 390 
826 384 315 385 
827 379 316 380 
828 409 317 410 
829 414 318 415 
830 424 312 425 
831 419 310 420 
832 429 308 430 
833 404 309 405 
834 29 206 339 
835 27 196 338 
836 23 176 343 
837 25 186 344 
838 26 191 345 
839 21 166 346 
840 19 156 347 
841 31 216 352 
842 20 161 348 
843 24 181 353 
844 32 221 349 
845 22 171 340 
846 17 146 350 
847 30 211 341 
848 28 201 351 
849 18 151 342 
850 168 169 337 
851 203 204 335 
852 223 224 333 
853 148 149 336 
854 198 199 334 
855 213 214 326 
856 158 159 325 
857 153 154 332 
858 178 179 327 
859 218 219 329 
860 163 164 331 
861 173 174 324 
862 183 184 330 
863 193 194 328 
864 188 189 323 
865 208 209 322 
866 306 278 459 
867 314 230 434 
868 313 262 444 
869 307 266 464 
870 315 258 469 
871 309 246 479 
872 321 242 439 
873 320 274 449 
874 316 270 474 
875 319 226 454 
876 311 282 494 
877 308 250 484 
878 310 286 499 
879 317 254 489 
880 318 238 504 
881 312 234 509 
882 42 292 444 
883 46 293 459 
884 34 291 434 
885 38 290 479 
886 41 297 469 
887 45 295 449 
888 37 300 439 
889 44 298 474 
890 33 301 454 
891 43 296 464 
892 39 299 484 
893 36 304 504 
894 40 305 489 
895 48 303 499 
896 47 302 494 
897 35 294 509 
898 267 307 369 
899 275 320 374 
900 259 315 384 
901 227 319 359 
902 243 321 364 
903 231 314 354 
904 271 316 379 
905 279 306 399 
906 283 311 394 
907 263 313 389 
908 247 309 404 
909 255 317 409 
910 239 318 414 
911 287 310 419 
912 235 312 424 
913 251 308 429 
914 294 233 517 
915 302 281 520 
916 299 249 529 
917 304 237 526 
918 301 289 528 
919 292 261 525 
920 305 253 522 
921 303 285 521 
922 296 265 519 
923 298 269 518 
924 293 277 515 
925 297 257 524 
926 290 245 514 
927 300 241 527 
928 295 273 523 
929 291 229 516 
930 232 354 517 
931 244 364 514 
932 228 359 516 
933 276 374 515 
934 280 399 520 
935 264 389 519 
936 284 394 521 
937 268 369 518 
938 252 429 522 
939 272 379 523 
940 236 424 526 
941 288 419 528 
942 256 409 524 
943 240 414 527 
944 248 404 529 
945 260 384 525 
946 565 596 674 
947 583 600 675 
948 581 602 681 
949 593 609 682 
950 589 594 676 
951 567 605 678 
952 571 597 680 
953 585 607 683 
954 575 598 679 
955 569 601 684 
956 573 608 677 
957 579 606 687 
958 587 604 686 
959 563 603 688 
960 591 595 685 
961 577 599 689 
962 341 543 641 
963 340 532 628 
964 338 538 627 
965 342 540 633 
966 343 545 634 
967 344 536 630 
968 345 542 631 
969 339 541 629 
970 352 531 632 
971 347 530 626 
972 349 537 638 
973 348 533 636 
974 346 544 635 
975 351 539 637 
976 350 535 639 
977 353 534 640 
978 370 307 372 
979 400 306 402 
980 430 308 432 
981 375 320 377 
982 385 315 387 
983 395 311 397 
984 405 309 407 
985 380 316 382 
986 415 318 417 
987 390 313 392 
988 420 310 422 
989 425 312 427 
990 410 317 412 
991 365 321 367 
992 360 319 362 
993 355 314 357 
994 374 375 376 
995 364 365 366 
996 359 360 361 
997 384 385 386 
998 354 355 356 
999 389 390 391 
1000 409 410 411 
1001 379 380 381 
1002 414 415 416 
1003 394 395 396 
1004 369 370 371 
1005 404 405 406 
1006 424 425 426 
1007 419 420 421 
1008 429 430 431 
1009 399 400 401 
1010 510 294 511 
1011 495 302 496 
1012 455 301 456 
1013 505 304 506 
1014 435 291 436 
1015 490 305 491 
1016 500 303 501 
1017 465 296 466 
1018 480 290 481 
1019 475 298 476 
1020 445 292 446 
1021 440 300 441 
1022 460 293 461 
1023 450 295 451 
1024 470 297 471 
1025 485 299 486 
1026 210 546 610 
1027 170 547 617 
1028 195 550 614 
1029 150 549 613 
1030 190 548 612 
1031 205 551 621 
1032 175 552 611 
1033 185 554 618 
1034 155 553 624 
1035 165 555 616 
1036 200 556 615 
1037 215 557 620 
1038 225 559 622 
1039 220 558 619 
1040 160 560 625 
1041 180 561 623 
1042 267 266 307 
1043 259 258 315 
1044 247 246 309 
1045 271 270 316 
1046 255 254 317 
1047 239 238 318 
1048 275 274 320 
1049 263 262 313 
1050 283 282 311 
1051 235 234 312 
1052 287 286 310 
1053 227 226 319 
1054 243 242 321 
1055 251 250 308 
1056 231 230 314 
1057 279 278 306 
1058 35 233 294 
1059 47 281 302 
1060 36 237 304 
1061 33 289 301 
1062 48 285 303 
1063 38 245 290 
1064 34 229 291 
1065 43 265 296 
1066 40 253 305 
1067 44 269 298 
1068 45 273 295 
1069 41 257 297 
1070 39 249 299 
1071 42 261 292 
1072 37 241 300 
1073 46 277 293 
1074 278 46 459 
1075 230 34 434 
1076 262 42 444 
1077 246 38 479 
1078 242 37 439 
1079 258 41 469 
1080 274 45 449 
1081 270 44 474 
1082 226 33 454 
1083 250 39 484 
1084 266 43 464 
1085 286 48 499 
1086 254 40 489 
1087 238 36 504 
1088 282 47 494 
1089 234 35 509 
1090 232 231 354 
1091 244 243 364 
1092 228 227 359 
1093 280 279 399 
1094 276 275 374 
1095 264 263 389 
1096 284 283 394 
1097 268 267 369 
1098 272 271 379 
1099 252 251 429 
1100 288 287 419 
1101 236 235 424 
1102 256 255 409 
1103 240 239 414 
1104 260 259 384 
1105 248 247 404 
1106 249 248 529 
1107 261 260 525 
1108 277 276 515 
1109 257 256 524 
1110 241 240 527 
1111 253 252 522 
1112 237 236 526 
1113 269 268 518 
1114 281 280 520 
1115 289 288 528 
1116 273 272 523 
1117 285 284 521 
1118 265 264 519 
1119 245 244 514 
1120 229 228 516 
1121 233 232 517 
1122 507 506 508 
1123 497 496 498 
1124 492 491 493 
1125 457 456 458 
1126 502 501 503 
1127 487 486 488 
1128 512 511 513 
1129 462 461 463 
1130 467 466 468 
1131 447 446 448 
1132 477 476 478 
1133 442 441 443 
1134 472 471 473 
1135 452 451 453 
1136 482 481 483 
1137 437 436 438 
1138 370 372 373 
1139 375 377 378 
1140 365 367 368 
1141 360 362 363 
1142 395 397 398 
1143 430 432 433 
1144 380 382 383 
1145 390 392 393 
1146 420 422 423 
1147 385 387 388 
1148 415 417 418 
1149 410 412 413 
1150 425 427 428 
1151 405 407 408 
1152 400 402 403 
1153 355 357 358 
1154 495 496 497 
1155 505 506 507 
1156 455 456 457 
1157 465 466 467 
1158 490 491 492 
1159 510 511 512 
1160 500 501 502 
1161 485 486 487 
1162 440 441 442 
1163 475 476 477 
1164 435 436 437 
1165 450 451 452 
1166 460 461 462 
1167 470 471 472 
1168 445 446 447 
1169 480 481 482 
1170 507 508 560 
1171 457 458 559 
1172 472 473 554 
1173 452 453 551 
1174 447 448 548 
1175 497 498 557 
1176 492 493 561 
1177 477 478 556 
1178 512 513 553 
1179 487 488 552 
1180 467 468 550 
1181 442 443 555 
1182 482 483 547 
1183 502 503 558 
1184 437 438 549 
1185 462 463 546 
1186 352 216 598 
1187 338 196 594 
1188 345 191 597 
1189 343 176 595 
1190 339 206 596 
1191 347 156 599 
1192 342 151 603 
1193 344 186 601 
1194 346 166 602 
1195 350 146 600 
1196 340 171 605 
1197 349 221 604 
1198 351 201 609 
1199 353 181 606 
1200 341 211 608 
1201 348 161 607 
1202 543 341 642 
1203 540 342 643 
1204 538 338 644 
1205 532 340 645 
1206 542 345 646 
1207 545 343 649 
1208 541 339 647 
1209 536 344 650 
1210 544 346 648 
1211 537 349 653 
1212 531 352 651 
1213 539 351 652 
1214 535 350 655 
1215 533 348 656 
1216 530 347 654 
1217 534 353 657 
1218 146 147 600 
1219 151 152 603 
1220 176 177 595 
1221 206 207 596 
1222 196 197 594 
1223 156 157 599 
1224 191 192 597 
1225 216 217 598 
1226 186 187 601 
1227 221 222 604 
1228 171 172 605 
1229 166 167 602 
1230 181 182 606 
1231 161 162 607 
1232 211 212 608 
1233 201 202 609 
1234 530 512 626 
1235 531 497 632 
1236 533 507 636 
1237 532 482 628 
1238 534 492 640 
1239 535 457 639 
1240 537 502 638 
1241 538 467 627 
1242 536 472 630 
1243 539 477 637 
1244 540 437 633 
1245 541 452 629 
1246 542 447 631 
1247 543 462 641 
1248 544 442 635 
1249 545 487 634 
1250 326 572 573 
1251 325 576 577 
1252 324 566 567 
1253 323 568 569 
1254 327 590 591 
1255 322 564 565 
1256 332 562 563 
1257 333 586 587 
1258 329 574 575 
1259 328 570 571 
1260 330 578 579 
1261 334 588 589 
1262 331 584 585 
1263 335 592 593 
1264 337 580 581 
1265 336 582 583 
1266 546 210 698 
1267 547 170 690 
1268 549 150 694 
1269 548 190 696 
1270 550 195 691 
1271 551 205 693 
1272 552 175 697 
1273 554 185 695 
1274 553 155 692 
1275 555 165 699 
1276 556 200 700 
1277 558 220 702 
1278 557 215 704 
1279 559 225 703 
1280 560 160 701 
1281 561 180 705 
1282 208 322 674 
1283 213 326 677 
1284 198 334 676 
1285 203 335 682 
1286 168 337 681 
1287 218 329 679 
1288 173 324 678 
1289 188 323 684 
1290 153 332 688 
1291 158 325 689 
1292 193 328 680 
1293 223 333 686 
1294 163 331 683 
1295 183 330 687 
1296 178 327 685 
1297 148 336 675 
1298 194 195 614 
1299 174 175 611 
1300 184 185 618 
1301 209 210 610 
1302 204 205 621 
1303 219 220 619 
1304 169 170 617 
1305 189 190 612 
1306 149 150 613 
1307 179 180 623 
1308 224 225 622 
1309 164 165 616 
1310 199 200 615 
1311 214 215 620 
1312 154 155 624 
1313 159 160 625 
1314 326 573 677 
1315 325 577 689 
1316 322 565 674 
1317 327 591 685 
1318 334 589 676 
1319 333 587 686 
1320 324 567 678 
1321 323 569 684 
1322 329 575 679 
1323 335 593 682 
1324 332 563 688 
1325 337 581 681 
1326 330 579 687 
1327 328 571 680 
1328 331 585 683 
1329 336 583 675 
1330 376 375 658 
1331 386 385 666 
1332 406 405 663 
1333 411 410 668 
1334 416 415 665 
1335 431 430 659 
1336 426 425 662 
1337 391 390 670 
1338 396 395 667 
1339 421 420 664 
1340 381 380 669 
1341 371 370 661 
1342 361 360 671 
1343 366 365 672 
1344 401 400 660 
1345 356 355 673 
1346 596 207 674 
1347 601 187 684 
1348 594 197 676 
1349 598 217 679 
1350 597 192 680 
1351 599 157 689 
1352 608 212 677 
1353 600 147 675 
1354 595 177 685 
1355 605 172 678 
1356 602 167 681 
1357 606 182 687 
1358 603 152 688 
1359 607 162 683 
1360 604 222 686 
1361 609 202 682 
1362 564 376 658 
1363 566 406 663 
1364 568 386 666 
1365 562 356 673 
1366 570 391 670 
1367 574 396 667 
1368 578 411 668 
1369 572 401 660 
1370 576 426 662 
1371 584 416 665 
1372 590 431 659 
1373 580 366 672 
1374 586 421 664 
1375 582 361 671 
1376 588 371 661 
1377 592 381 669 
1378 19 347 692 
1379 29 339 693 
1380 25 344 695 
1381 20 348 701 
1382 27 338 691 
1383 22 340 690 
1384 24 353 705 
1385 17 350 703 
1386 31 352 704 
1387 32 349 702 
1388 23 343 697 
1389 21 346 699 
1390 26 345 696 
1391 28 351 700 
1392 18 342 694 
1393 30 341 698 
1394 342 603 643 
1395 341 608 642 
1396 338 594 644 
1397 340 605 645 
1398 339 596 647 
1399 345 597 646 
1400 346 602 648 
1401 350 600 655 
1402 344 601 650 
1403 352 598 651 
1404 351 609 652 
1405 348 607 656 
1406 343 595 649 
1407 349 604 653 
1408 353 606 657 
1409 347 599 654 
1410 322 209 610 
1411 336 149 613 
1412 337 169 617 
1413 335 204 621 
1414 324 174 611 
1415 323 189 612 
1416 334 199 615 
1417 328 194 614 
1418 333 224 622 
1419 326 214 620 
1420 331 164 616 
1421 330 184 618 
1422 329 219 619 
1423 327 179 623 
1424 332 154 624 
1425 325 159 625 
1426 403 573 660 
1427 428 577 662 
1428 358 563 673 
1429 433 591 659 
1430 408 567 663 
1431 388 569 666 
1432 423 587 664 
1433 398 575 667 
1434 393 571 670 
1435 373 589 661 
1436 413 579 668 
1437 378 565 658 
1438 418 585 665 
1439 383 593 669 
1440 368 581 672 
1441 363 583 671 
1442 573 572 660 
1443 577 576 662 
1444 563 562 673 
1445 591 590 659 
1446 567 566 663 
1447 569 568 666 
1448 587 586 664 
1449 575 574 667 
1450 571 570 670 
1451 579 578 668 
1452 565 564 658 
1453 589 588 661 
1454 585 584 665 
1455 593 592 669 
1456 581 580 672 
1457 583 582 671 
1458 210 30 698 
1459 190 26 696 
1460 150 18 694 
1461 200 28 700 
1462 215 31 704 
1463 175 23 697 
1464 170 22 690 
1465 155 19 692 
1466 195 27 691 
1467 165 21 699 
1468 205 29 693 
1469 185 25 695 
1470 225 17 703 
1471 220 32 702 
1472 180 24 705 
1473 160 20 701 
1474 207 208 674 
1475 212 213 677 
1476 187 188 684 
1477 217 218 679 
1478 172 173 678 
1479 197 198 676 
1480 192 193 680 
1481 202 203 682 
1482 162 163 683 
1483 182 183 687 
1484 167 168 681 
1485 152 153 688 
1486 157 158 689 
1487 177 178 685 
1488 147 148 675 
1489 222 223 686 
1490 512 553 626 
1491 467 550 627 
1492 452 551 629 
1493 482 547 628 
1494 472 554 630 
1495 447 548 631 
1496 437 549 633 
1497 497 557 632 
1498 507 560 636 
1499 442 555 635 
1500 487 552 634 
1501 457 559 639 
1502 477 556 637 
1503 502 558 638 
1504 492 561 640 
1505 462 546 641 
1506 375 378 658 
1507 430 433 659 
1508 370 373 661 
1509 400 403 660 
1510 425 428 662 
1511 420 423 664 
1512 395 398 667 
1513 385 388 666 
1514 415 418 665 
1515 405 408 663 
1516 410 413 668 
1517 360 363 671 
1518 390 393 670 
1519 380 383 669 
1520 365 368 672 
1521 355 358 673 
1522 347 626 692 
1523 352 632 704 
1524 348 636 701 
1525 338 627 691 
1526 340 628 690 
1527 339 629 693 
1528 344 630 695 
1529 350 639 703 
1530 353 640 705 
1531 349 638 702 
1532 351 637 700 
1533 346 635 699 
1534 345 631 696 
1535 343 634 697 
1536 342 633 694 
1537 341 641 698 
1538 628 547 690 
1539 626 553 692 
1540 627 550 691 
1541 629 551 693 
1542 630 554 695 
1543 631 548 696 
1544 633 549 694 
1545 634 552 697 
1546 635 555 699 
1547 637 556 700 
1548 641 546 698 
1549 636 560 701 
1550 632 557 704 
1551 638 558 702 
1552 639 559 703 
1553 640 561 705 
2 8 2 1324
1554 713 1020 1178 
1555 965 942 1106 
1556 1107 1069 1234 
1557 744 1160 1169 
1558 713 1178 1245 
1559 1160 744 1170 
1560 914 50 1175 
1561 1217 1002 1219 
1562 762 760 1083 
1563 720 1046 1205 
1564 1004 716 1164 
1565 762 1083 1313 
1566 980 1204 1260 
1567 716 1004 1173 
1568 896 1017 1018 
1569 1039 1005 1040 
1570 1041 734 1048 
1571 1095 937 1257 
1572 1218 984 1260 
1573 768 1107 1234 
1574 1204 980 1246 
1575 1040 1005 1164 
1576 1096 1095 1257 
1577 746 1016 1147 
1578 1048 734 1222 
1579 1126 722 1203 
1580 1115 1065 1224 
1581 282 283 1173 
1582 1003 729 1098 
1583 1007 938 1009 
1584 1205 1046 1206 
1585 255 256 1176 
1586 729 1003 1215 
1587 961 1217 1219 
1588 913 709 920 
1589 708 917 937 
1590 709 909 910 
1591 916 1021 1036 
1592 917 908 949 
1593 738 1013 1104 
1594 917 949 1257 
1595 997 710 1302 
1596 938 1007 1262 
1597 769 1115 1224 
1598 937 917 1257 
1599 717 1218 1260 
1600 51 50 914 
1601 1003 740 1215 
1602 49 709 913 
1603 52 710 997 
1604 711 60 965 
1605 58 708 942 
1606 63 707 909 
1607 709 64 909 
1608 708 57 917 
1609 940 1029 1267 
1610 59 942 965 
1611 56 908 917 
1612 740 1003 1228 
1613 1126 1203 1211 
1614 1099 875 1165 
1615 1160 1170 1183 
1616 1099 1165 1309 
1617 1170 999 1183 
1618 741 1063 1174 
1619 896 1018 1281 
1620 768 762 1313 
1621 1186 1019 1191 
1622 1063 741 1176 
1623 864 1186 1191 
1624 50 913 1175 
1625 942 708 1262 
1626 711 965 1239 
1627 909 707 1267 
1628 1161 740 1228 
1629 1168 899 1265 
1630 724 1015 1134 
1631 965 1106 1275 
1632 1008 875 1168 
1633 740 1161 1263 
1634 916 1036 1302 
1635 746 1147 1261 
1636 1029 940 1265 
1637 1021 892 1036 
1638 1030 1229 1233 
1639 918 1105 1114 
1640 712 1014 1227 
1641 1014 712 1272 
1642 1026 906 1032 
1643 875 1008 1165 
1644 1229 863 1233 
1645 1013 738 1202 
1646 1134 1135 1201 
1647 283 716 1173 
1648 733 282 1173 
1649 1196 840 1249 
1650 256 721 1176 
1651 37 242 1189 
1652 1204 717 1260 
1653 741 255 1176 
1654 954 1206 1243 
1655 745 1014 1132 
1656 724 1134 1201 
1657 918 1103 1155 
1658 1106 942 1262 
1659 1105 918 1155 
1660 722 1126 1299 
1661 868 1081 1264 
1662 710 916 1302 
1663 1037 882 1102 
1664 1081 868 1271 
1665 939 1026 1032 
1666 1171 1022 1179 
1667 1036 892 1105 
1668 1016 746 1178 
1669 1206 1046 1243 
1670 853 1171 1179 
1671 1007 1106 1262 
1672 1087 872 1088 
1673 226 227 1193 
1674 1130 1006 1221 
1675 732 1006 1273 
1676 1006 732 1241 
1677 284 285 1194 
1678 728 1023 1200 
1679 1015 724 1193 
1680 1047 44 1258 
1681 1002 1217 1285 
1682 1081 1083 1255 
1683 44 1047 1304 
1684 1084 1185 1192 
1685 1019 853 1179 
1686 1069 1115 1234 
1687 1033 1187 1214 
1688 1038 1037 1102 
1689 1014 745 1227 
1690 1088 1196 1249 
1691 1248 1237 1257 
1692 1185 856 1192 
1693 1081 1255 1264 
1694 1008 1168 1265 
1695 1221 1006 1241 
1696 1112 1231 1247 
1697 1017 896 1244 
1698 1187 851 1214 
1699 1103 1026 1155 
1700 1025 1240 1290 
1701 906 1026 1103 
1702 1145 1259 1268 
1703 1065 1110 1224 
1704 853 1019 1186 
1705 1088 872 1196 
1706 743 1040 1194 
1707 893 775 1094 
1708 1237 1113 1256 
1709 1039 1025 1290 
1710 1022 819 1157 
1711 715 1118 1207 
1712 997 1027 1116 
1713 1046 720 1312 
1714 1141 1035 1157 
1715 718 1097 1138 
1716 1259 725 1268 
1717 736 1204 1246 
1718 949 1248 1257 
1719 1105 892 1114 
1720 819 1141 1157 
1721 712 1208 1272 
1722 1272 1208 1307 
1723 745 1132 1193 
1724 877 1028 1188 
1725 1109 950 1111 
1726 1231 730 1247 
1727 707 940 1267 
1728 1119 1254 1270 
1729 1132 1015 1193 
1730 856 1110 1192 
1731 1031 984 1218 
1732 819 1022 1171 
1733 950 1109 1248 
1734 714 37 1189 
1735 242 738 1189 
1736 1190 1223 1230 
1737 775 777 1094 
1738 1086 1166 1177 
1739 1049 1172 1181 
1740 1035 857 1125 
1741 1036 1027 1302 
1742 1195 714 1250 
1743 882 1037 1122 
1744 863 1025 1233 
1745 1166 807 1177 
1746 744 1169 1284 
1747 851 1030 1214 
1748 1172 837 1181 
1749 807 1084 1177 
1750 777 779 1093 
1751 949 908 950 
1752 893 1094 1305 
1753 913 920 963 
1754 708 937 938 
1755 1040 743 1253 
1756 814 877 1188 
1757 910 909 911 
1758 1130 726 1223 
1759 1096 1237 1256 
1760 777 1093 1094 
1761 882 1101 1102 
1762 724 226 1193 
1763 1295 1100 1309 
1764 227 745 1193 
1765 1110 856 1224 
1766 952 1082 1278 
1767 1115 769 1234 
1768 1102 1100 1295 
1769 716 284 1194 
1770 1089 881 1311 
1771 285 743 1194 
1772 837 1033 1181 
1773 1223 726 1230 
1774 854 1086 1149 
1775 852 1049 1156 
1776 882 796 1101 
1777 1088 1249 1276 
1778 723 1050 1085 
1779 794 882 1122 
1780 1087 919 1182 
1781 243 244 1202 
1782 1095 893 1305 
1783 872 1087 1089 
1784 1254 957 1270 
1785 868 1082 1271 
1786 857 1035 1141 
1787 1107 768 1313 
1788 956 1038 1239 
1789 1025 863 1240 
1790 726 1130 1221 
1791 727 1048 1222 
1792 1082 952 1296 
1793 881 1089 1282 
1794 1089 1087 1182 
1795 855 1090 1158 
1796 1170 1195 1250 
1797 1030 851 1229 
1798 947 982 1163 
1799 857 1123 1125 
1800 1093 779 1127 
1801 796 798 1101 
1802 1207 1118 1287 
1803 1049 968 1156 
1804 1123 982 1125 
1805 1084 807 1185 
1806 949 950 1248 
1807 1090 1043 1158 
1808 1021 916 1298 
1809 1086 1052 1149 
1810 779 781 1127 
1811 1092 1091 1274 
1812 1217 961 1252 
1813 801 1099 1100 
1814 927 1124 1162 
1815 1083 760 1255 
1816 801 802 1099 
1817 986 1035 1125 
1818 1082 868 1278 
1819 1009 938 1305 
1820 1033 837 1187 
1821 893 1095 1096 
1822 1020 713 1269 
1823 859 906 1103 
1824 962 1088 1276 
1825 1007 894 1106 
1826 877 816 1108 
1827 1206 954 1232 
1828 1200 1023 1253 
1829 881 1034 1236 
1830 873 763 1113 
1831 1070 1069 1107 
1832 955 1117 1122 
1833 892 844 1114 
1834 844 845 1114 
1835 896 1236 1244 
1836 761 873 1109 
1837 1124 861 1162 
1838 874 879 894 
1839 888 892 1021 
1840 798 801 1101 
1841 894 879 901 
1842 805 808 875 
1843 874 788 879 
1844 784 788 874 
1845 824 826 896 
1846 894 901 1106 
1847 879 788 1117 
1848 1081 1080 1083 
1849 1037 955 1122 
1850 955 879 1117 
1851 773 775 893 
1852 982 1123 1163 
1853 810 812 899 
1854 842 844 888 
1855 818 822 1108 
1856 753 756 1111 
1857 828 830 881 
1858 794 796 882 
1859 759 1109 1111 
1860 1075 1080 1081 
1861 1075 1073 1080 
1862 1054 1052 1086 
1863 1092 1274 1295 
1864 751 749 1116 
1865 1050 723 1147 
1866 1135 735 1201 
1867 986 988 1035 
1868 970 968 1049 
1869 1149 924 1153 
1870 756 759 1111 
1871 1058 1056 1084 
1872 1069 1066 1115 
1873 792 794 1122 
1874 907 894 1007 
1875 906 957 1032 
1876 802 805 1099 
1877 814 816 877 
1878 1111 950 1152 
1879 816 818 1108 
1880 888 844 892 
1881 990 992 1022 
1882 848 850 918 
1883 974 972 1033 
1884 832 834 872 
1885 1005 1004 1164 
1886 1101 1100 1102 
1887 1062 1060 1110 
1888 1065 1062 1110 
1889 845 848 1114 
1890 1045 1043 1090 
1891 859 886 906 
1892 994 996 1019 
1893 1066 1065 1115 
1894 784 785 788 
1895 798 800 801 
1896 761 763 873 
1897 822 823 824 
1898 767 771 1113 
1899 759 761 1109 
1900 978 976 1030 
1901 805 806 808 
1902 840 841 842 
1903 1064 1062 1065 
1904 763 767 1113 
1905 1073 1070 1107 
1906 948 1036 1105 
1907 901 955 956 
1908 771 772 773 
1909 1068 1066 1069 
1910 919 914 1175 
1911 1239 1038 1274 
1912 801 1100 1101 
1913 918 850 1103 
1914 818 821 822 
1915 871 751 1116 
1916 802 804 805 
1917 805 875 1099 
1918 1024 1001 1025 
1919 1048 727 1279 
1920 848 918 1114 
1921 824 825 826 
1922 286 287 728 
1923 272 273 727 
1924 280 281 726 
1925 787 884 1119 
1926 42 262 723 
1927 39 250 722 
1928 33 226 724 
1929 36 238 725 
1930 1074 1073 1075 
1931 256 257 721 
1932 268 269 720 
1933 244 245 719 
1934 232 233 718 
1935 275 276 717 
1936 283 284 716 
1937 781 783 784 
1938 229 34 712 
1939 253 40 715 
1940 265 43 713 
1941 241 37 714 
1942 836 839 840 
1943 1027 871 1116 
1944 928 1151 1156 
1945 1080 1073 1107 
1946 874 894 907 
1947 986 987 988 
1948 808 809 810 
1949 288 289 735 
1950 948 871 1027 
1951 45 274 736 
1952 47 282 733 
1953 285 48 743 
1954 1072 1070 1073 
1955 227 228 745 
1956 263 264 746 
1957 251 252 747 
1958 239 240 744 
1959 1053 1052 1054 
1960 266 267 739 
1961 242 243 738 
1962 230 231 737 
1963 254 255 741 
1964 854 1149 1153 
1965 1027 997 1302 
1966 270 271 734 
1967 757 755 1121 
1968 969 968 970 
1969 906 886 957 
1970 767 770 771 
1971 850 859 1103 
1972 789 791 792 
1973 947 981 982 
1974 956 1037 1038 
1975 1064 1065 1066 
1976 792 793 794 
1977 46 278 732 
1978 38 246 740 
1979 41 258 742 
1980 988 989 990 
1981 842 843 844 
1982 35 234 748 
1983 789 792 1117 
1984 1086 854 1166 
1985 983 985 986 
1986 1055 1054 1056 
1987 773 774 775 
1988 235 236 731 
1989 259 260 730 
1990 247 248 729 
1991 801 800 802 
1992 826 827 828 
1993 971 970 972 
1994 810 811 812 
1995 967 931 968 
1996 1035 988 1157 
1997 875 808 1168 
1998 1051 959 1052 
1999 1078 1076 1082 
2000 781 784 1127 
2001 1057 1056 1058 
2002 907 1007 1009 
2003 990 991 992 
2004 990 1022 1157 
2005 1068 1069 1070 
2006 810 899 1168 
2007 1024 1025 1039 
2008 919 1175 1182 
2009 1151 852 1156 
2010 973 972 974 
2011 822 821 823 
2012 1059 1058 1060 
2013 1042 944 1043 
2014 1044 1043 1045 
2015 812 813 814 
2016 805 804 806 
2017 718 1138 1289 
2018 784 783 785 
2019 828 829 830 
2020 840 839 841 
2021 788 785 789 
2022 794 795 796 
2023 992 993 994 
2024 901 879 955 
2025 860 1140 1148 
2026 910 911 979 
2027 848 849 850 
2028 765 757 1121 
2029 845 847 848 
2030 1072 1073 1074 
2031 824 823 825 
2032 1049 852 1172 
2033 963 920 1034 
2034 775 776 777 
2035 1100 1099 1309 
2036 1104 1013 1301 
2037 975 974 976 
2038 1061 1060 1062 
2039 830 831 832 
2040 982 981 983 
2041 994 995 996 
2042 788 789 1117 
2043 808 806 809 
2044 938 937 1095 
2045 771 770 772 
2046 1074 1075 1076 
2047 869 787 1119 
2048 842 841 843 
2049 983 986 1125 
2050 977 976 978 
2051 796 797 798 
2052 986 985 987 
2053 814 815 816 
2054 787 765 884 
2055 874 907 1127 
2056 792 791 793 
2057 988 987 989 
2058 1034 920 1244 
2059 1000 978 1001 
2060 967 968 969 
2061 996 1004 1005 
2062 1051 1052 1053 
2063 1063 1062 1064 
2064 832 833 834 
2065 948 1027 1036 
2066 969 970 971 
2067 1053 1054 1055 
2068 773 772 774 
2069 956 955 1037 
2070 777 778 779 
2071 850 858 859 
2072 753 1111 1152 
2073 826 825 827 
2074 1052 959 1149 
2075 1203 747 1211 
2076 1140 923 1148 
2077 990 989 991 
2078 810 809 811 
2079 891 869 904 
2080 1055 1056 1057 
2081 756 758 759 
2082 1042 1043 1044 
2083 1067 1066 1068 
2084 929 1146 1158 
2085 798 799 800 
2086 1023 1001 1024 
2087 859 865 886 
2088 968 931 1156 
2089 971 972 973 
2090 1005 1039 1290 
2091 905 904 1010 
2092 1057 1058 1059 
2093 1054 1086 1177 
2094 759 760 761 
2095 1028 911 1029 
2096 844 843 845 
2097 862 925 1129 
2098 816 817 818 
2099 878 903 922 
2100 794 793 795 
2101 812 811 813 
2102 941 912 1091 
2103 922 946 947 
2104 1084 1056 1177 
2105 992 991 993 
2106 1044 1045 1046 
2107 779 780 781 
2108 761 762 763 
2109 1146 855 1158 
2110 907 1093 1127 
2111 775 774 776 
2112 828 827 829 
2113 973 974 975 
2114 834 835 836 
2115 939 1032 1226 
2116 1059 1060 1061 
2117 1071 1070 1072 
2118 244 719 1202 
2119 1023 728 1292 
2120 802 803 804 
2121 902 876 924 
2122 848 847 849 
2123 961 960 1252 
2124 947 980 981 
2125 1170 744 1195 
2126 994 993 995 
2127 884 765 1121 
2128 925 926 927 
2129 830 829 831 
2130 975 976 977 
2131 1022 992 1179 
2132 996 995 1004 
2133 983 984 985 
2134 862 889 925 
2135 738 243 1202 
2136 781 782 783 
2137 850 849 858 
2138 897 870 928 
2139 796 795 797 
2140 977 978 1000 
2141 958 924 959 
2142 818 820 821 
2143 814 813 815 
2144 998 900 999 
2145 904 869 1119 
2146 970 1049 1181 
2147 883 921 923 
2148 1061 1062 1063 
2149 927 953 954 
2150 1064 1066 1067 
2151 754 751 871 
2152 1093 1009 1094 
2153 994 1019 1179 
2154 930 928 931 
2155 910 979 1017 
2156 1117 792 1122 
2157 1043 944 1158 
2158 777 776 778 
2159 763 766 767 
2160 832 831 833 
2161 1000 1001 1023 
2162 966 931 967 
2163 1033 972 1181 
2164 798 797 799 
2165 789 790 791 
2166 923 960 961 
2167 836 838 839 
2168 1050 959 1051 
2169 898 866 929 
2170 1024 1039 1040 
2171 784 874 1127 
2172 55 54 706 
2173 63 62 707 
2174 58 57 708 
2175 49 64 709 
2176 52 51 710 
2177 61 60 711 
2178 816 815 817 
2179 834 833 835 
2180 779 778 780 
2181 1077 1076 1078 
2182 943 929 944 
2183 924 876 1153 
2184 922 947 1163 
2185 802 800 803 
2186 1041 944 1042 
2187 859 858 865 
2188 886 865 887 
2189 1068 1070 1071 
2190 925 927 1162 
2191 891 904 905 
2192 983 981 984 
2193 1051 1053 1120 
2194 767 769 770 
2195 922 903 946 
2196 905 1010 1011 
2197 1040 1164 1194 
2198 947 946 980 
2199 759 758 760 
2200 902 924 958 
2201 895 871 948 
2202 761 760 762 
2203 56 55 908 
2204 1031 732 1273 
2205 50 49 913 
2206 982 983 1125 
2207 845 846 847 
2208 1067 1068 1118 
2209 925 889 926 
2210 878 922 1128 
2211 927 926 953 
2212 789 785 790 
2213 781 780 782 
2214 818 817 820 
2215 1074 1076 1077 
2216 806 804 857 
2217 880 933 935 
2218 53 52 997 
2219 60 59 965 
2220 989 987 1006 
2221 967 969 1014 
2222 763 762 766 
2223 59 58 942 
2224 907 1009 1093 
2225 64 63 909 
2226 783 782 862 
2227 841 839 860 
2228 927 954 1124 
2229 943 1041 1048 
2230 958 959 1050 
2231 1042 1044 1047 
2232 772 770 856 
2233 953 926 1020 
2234 890 951 952 
2235 971 973 1015 
2236 985 984 1031 
2237 821 820 863 
2238 1139 935 1159 
2239 880 846 932 
2240 952 1003 1098 
2241 884 1226 1254 
2242 930 931 966 
2243 800 799 1128 
2244 979 911 1028 
2245 1050 1051 1085 
2246 897 928 930 
2247 999 900 1150 
2248 786 867 868 
2249 57 56 917 
2250 836 835 838 
2251 764 757 765 
2252 923 921 960 
2253 1055 1057 1112 
2254 825 823 851 
2255 960 921 1097 
2256 1110 1060 1192 
2257 862 782 876 
2258 945 934 1002 
2259 902 958 1016 
2260 845 843 846 
2261 811 809 819 
2262 786 765 787 
2263 933 932 934 
2264 795 793 855 
2265 898 929 943 
2266 885 1139 1159 
2267 750 752 753 
2268 928 870 1151 
2269 946 903 964 
2270 791 790 861 
2271 867 787 869 
2272 887 865 900 
2273 799 866 878 
2274 905 1011 1012 
2275 948 1105 1155 
2276 1068 1071 1118 
2277 878 898 903 
2278 890 869 891 
2279 943 944 1041 
2280 706 54 749 
2281 820 817 864 
2282 889 876 902 
2283 858 849 885 
2284 838 835 870 
2285 1077 1078 1079 
2286 887 900 936 
2287 829 827 837 
2288 1012 1011 1013 
2289 767 766 769 
2290 862 876 889 
2291 1090 855 1180 
2292 799 797 866 
2293 776 774 807 
2294 753 755 756 
2295 936 998 1104 
2296 936 900 998 
2297 804 803 1123 
2298 803 800 1128 
2299 756 757 758 
2300 847 846 880 
2301 883 897 921 
2302 941 1091 1092 
2303 839 838 1140 
2304 878 866 898 
2305 883 870 897 
2306 833 831 852 
2307 766 762 768 
2308 1085 1051 1120 
2309 710 915 916 
2310 838 870 883 
2311 780 778 854 
2312 707 62 912 
2313 815 813 853 
2314 754 871 895 
2315 933 934 945 
2316 710 51 914 
2317 880 932 933 
2318 1072 1074 1126 
2319 935 1143 1144 
2320 991 989 1130 
2321 883 923 1140 
2322 952 951 1003 
2323 752 751 754 
2324 750 749 751 
2325 890 891 951 
2326 867 869 890 
2327 1017 979 1018 
2328 786 787 867 
2329 764 765 786 
2330 857 804 1123 
2331 880 935 1139 
2332 929 866 1146 
2333 783 862 1129 
2334 785 783 1129 
2335 758 757 764 
2336 756 755 757 
2337 969 971 1132 
2338 799 878 1128 
2339 753 752 755 
2340 1058 1084 1192 
2341 750 751 752 
2342 962 919 1087 
2343 923 961 1148 
2344 706 749 750 
2345 754 895 939 
2346 973 975 1134 
2347 959 924 1149 
2348 860 839 1140 
2349 838 883 1140 
2350 849 847 1139 
2351 940 912 941 
2352 1074 1077 1126 
2353 915 914 919 
2354 891 905 1131 
2355 939 895 1026 
2356 1019 996 1191 
2357 790 785 1129 
2358 962 1087 1088 
2359 989 1006 1130 
2360 1097 1137 1138 
2361 975 977 1135 
2362 988 990 1157 
2363 940 941 1008 
2364 926 889 1133 
2365 809 806 1141 
2366 847 880 1139 
2367 902 1016 1133 
2368 1020 926 1133 
2369 1014 969 1132 
2370 741 1174 1210 
2371 915 919 962 
2372 889 902 1133 
2373 1097 921 1137 
2374 971 1015 1132 
2375 935 933 1143 
2376 812 814 1188 
2377 843 841 1142 
2378 1015 973 1134 
2379 710 914 915 
2380 872 834 1196 
2381 707 912 940 
2382 943 1048 1136 
2383 964 903 1136 
2384 797 795 1146 
2385 903 898 1136 
2386 974 1033 1214 
2387 931 928 1156 
2388 806 857 1141 
2389 951 891 1131 
2390 706 750 1152 
2391 921 897 1137 
2392 958 1050 1147 
2393 905 1012 1131 
2394 897 930 1137 
2395 1063 1064 1174 
2396 1016 958 1147 
2397 1030 976 1214 
2398 841 860 1142 
2399 885 849 1139 
2400 898 943 1136 
2401 865 858 1150 
2402 932 846 1142 
2403 1143 945 1145 
2404 933 945 1143 
2405 750 753 1152 
2406 819 809 1141 
2407 836 840 1196 
2408 795 855 1146 
2409 835 833 1151 
2410 900 865 1150 
2411 846 843 1142 
2412 858 885 1150 
2413 1098 1078 1296 
2414 866 797 1146 
2415 895 948 1155 
2416 1121 755 1154 
2417 870 835 1151 
2418 876 782 1153 
2419 1134 975 1135 
2420 782 780 1153 
2421 1129 925 1162 
2422 944 929 1158 
2423 833 852 1151 
2424 1159 1144 1160 
2425 780 854 1153 
2426 752 754 1154 
2427 803 1128 1163 
2428 913 963 1175 
2429 935 1144 1159 
2430 754 939 1154 
2431 776 807 1166 
2432 808 810 1168 
2433 755 752 1154 
2434 854 778 1166 
2435 811 819 1171 
2436 1026 895 1155 
2437 896 826 1236 
2438 861 790 1162 
2439 778 776 1166 
2440 790 1129 1162 
2441 1008 941 1165 
2442 853 813 1171 
2443 1128 922 1163 
2444 828 881 1236 
2445 1078 1098 1297 
2446 852 831 1172 
2447 829 837 1172 
2448 1123 803 1163 
2449 791 861 1180 
2450 941 1092 1165 
2451 813 811 1171 
2452 1138 1137 1167 
2453 1137 930 1167 
2454 1028 877 1294 
2455 1236 1034 1244 
2456 930 966 1167 
2457 1131 1012 1161 
2458 855 793 1180 
2459 831 829 1172 
2460 1159 1160 1183 
2461 978 1030 1233 
2462 934 932 1184 
2463 1025 1001 1233 
2464 1056 1054 1177 
2465 1018 1108 1281 
2466 1160 1144 1169 
2467 1064 1067 1174 
2468 772 856 1185 
2469 1133 1016 1178 
2470 737 1138 1167 
2471 1279 1199 1310 
2472 1020 1133 1178 
2473 992 994 1179 
2474 864 817 1186 
2475 1244 920 1277 
2476 807 774 1185 
2477 1045 1235 1243 
2478 1071 1072 1211 
2479 825 851 1187 
2480 1212 742 1225 
2481 972 970 1181 
2482 815 853 1186 
2483 837 827 1187 
2484 738 1104 1189 
2485 934 1184 1219 
2486 793 791 1180 
2487 240 241 1195 
2488 954 953 1232 
2489 732 1031 1306 
2490 1226 1032 1254 
2491 742 1112 1225 
2492 1045 1090 1235 
2493 748 1216 1217 
2494 893 1096 1256 
2495 856 770 1224 
2496 884 1121 1226 
2497 708 938 1262 
2498 773 893 1256 
2499 840 842 1249 
2500 1113 771 1256 
2501 821 863 1229 
2502 1112 1057 1225 
2503 1142 860 1184 
2504 991 1130 1223 
2505 241 714 1195 
2506 47 733 1230 
2507 932 1142 1184 
2508 744 240 1195 
2509 774 772 1185 
2510 860 1148 1184 
2511 899 812 1188 
2512 999 1150 1183 
2513 851 823 1229 
2514 817 815 1186 
2515 1003 951 1228 
2516 885 1159 1183 
2517 827 825 1187 
2518 1108 822 1281 
2519 1150 885 1183 
2520 272 727 1222 
2521 1184 1148 1219 
2522 1085 1120 1280 
2523 769 766 1234 
2524 824 896 1281 
2525 1060 1058 1192 
2526 1002 934 1219 
2527 996 1005 1191 
2528 999 1170 1250 
2529 1175 963 1182 
2530 1191 1005 1290 
2531 1075 1081 1271 
2532 1106 901 1275 
2533 872 1089 1311 
2534 1059 1061 1242 
2535 727 273 1199 
2536 728 287 1198 
2537 286 728 1200 
2538 33 724 1201 
2539 268 720 1205 
2540 722 250 1203 
2541 275 717 1204 
2542 995 993 1190 
2543 253 715 1207 
2544 712 34 1208 
2545 713 43 1209 
2546 715 40 1210 
2547 717 276 1218 
2548 721 257 1212 
2549 718 233 1213 
2550 45 736 1199 
2551 288 735 1198 
2552 735 289 1201 
2553 736 274 1204 
2554 743 48 1200 
2555 863 820 1240 
2556 739 267 1205 
2557 251 747 1203 
2558 747 252 1207 
2559 230 737 1208 
2560 266 739 1209 
2561 254 741 1210 
2562 41 742 1212 
2563 35 748 1213 
2564 1034 881 1282 
2565 1112 742 1231 
2566 729 248 1220 
2567 731 236 1197 
2568 740 246 1215 
2569 748 234 1216 
2570 1082 1076 1271 
2571 247 729 1215 
2572 235 731 1216 
2573 834 836 1196 
2574 1098 729 1297 
2575 976 974 1214 
2576 1131 1161 1228 
2577 229 712 1227 
2578 832 872 1311 
2579 745 228 1227 
2580 881 830 1311 
2581 1120 1053 1247 
2582 273 45 1199 
2583 287 288 1198 
2584 274 275 1204 
2585 289 33 1201 
2586 48 286 1200 
2587 267 268 1205 
2588 1180 861 1235 
2589 250 251 1203 
2590 252 253 1207 
2591 34 230 1208 
2592 43 266 1209 
2593 40 254 1210 
2594 276 277 1218 
2595 946 964 1246 
2596 257 41 1212 
2597 233 35 1213 
2598 236 237 1197 
2599 248 249 1220 
2600 1080 1107 1313 
2601 1209 739 1232 
2602 246 247 1215 
2603 234 235 1216 
2604 904 1119 1270 
2605 977 1000 1238 
2606 1024 1040 1253 
2607 1055 1112 1247 
2608 1212 1225 1242 
2609 280 726 1221 
2610 734 271 1222 
2611 742 258 1231 
2612 1072 1126 1211 
2613 259 730 1231 
2614 271 272 1222 
2615 279 280 1221 
2616 1061 1063 1303 
2617 730 1120 1247 
2618 1190 993 1223 
2619 984 981 1260 
2620 760 758 1255 
2621 727 1199 1279 
2622 993 991 1223 
2623 1265 899 1317 
2624 911 909 1267 
2625 739 1205 1206 
2626 1145 945 1251 
2627 920 709 1277 
2628 786 868 1264 
2629 281 47 1230 
2630 770 769 1224 
2631 709 910 1277 
2632 1057 1059 1225 
2633 1164 716 1194 
2634 228 229 1227 
2635 62 61 1314 
2636 54 53 1316 
2637 732 278 1241 
2638 1148 961 1219 
2639 985 1031 1273 
2640 1000 1023 1292 
2641 1235 1124 1243 
2642 726 281 1230 
2643 967 1014 1272 
2644 265 713 1245 
2645 1108 1018 1294 
2646 873 1113 1237 
2647 746 264 1245 
2648 890 952 1278 
2649 823 821 1229 
2650 1046 1045 1243 
2651 1006 987 1273 
2652 258 259 1231 
2653 912 62 1314 
2654 723 1085 1319 
2655 951 1131 1228 
2656 749 54 1316 
2657 1063 1176 1303 
2658 1090 1180 1235 
2659 1237 1096 1257 
2660 868 867 1278 
2661 1169 1144 1268 
2662 1213 748 1252 
2663 826 828 1236 
2664 1154 939 1226 
2665 1001 978 1233 
2666 1143 1145 1268 
2667 1044 1046 1312 
2668 36 725 1259 
2669 733 1190 1230 
2670 861 1124 1235 
2671 1042 1047 1300 
2672 723 262 1261 
2673 1135 977 1238 
2674 719 245 1263 
2675 263 746 1261 
2676 1121 1154 1226 
2677 873 1237 1248 
2678 877 1108 1294 
2679 55 706 1318 
2680 38 740 1263 
2681 39 722 1266 
2682 766 768 1234 
2683 725 1169 1268 
2684 908 55 1318 
2685 44 270 1258 
2686 735 1135 1238 
2687 1126 1077 1299 
2688 1147 723 1261 
2689 1085 1280 1319 
2690 1178 746 1245 
2691 979 1028 1294 
2692 1197 1145 1251 
2693 725 238 1284 
2694 1161 1012 1308 
2695 239 744 1284 
2696 730 260 1280 
2697 729 1220 1297 
2698 232 718 1289 
2699 737 231 1289 
2700 278 279 1241 
2701 1136 1048 1279 
2702 820 864 1240 
2703 1138 737 1289 
2704 1120 730 1280 
2705 1161 719 1263 
2706 42 723 1319 
2707 1104 998 1315 
2708 1118 715 1283 
2709 1210 1174 1283 
2710 739 1206 1232 
2711 1032 957 1254 
2712 719 1161 1308 
2713 46 732 1306 
2714 963 1034 1282 
2715 1097 718 1288 
2716 279 1221 1241 
2717 1118 1071 1287 
2718 711 1091 1314 
2719 269 44 1304 
2720 264 265 1245 
2721 938 1095 1305 
2722 1109 873 1248 
2723 1124 954 1243 
2724 842 888 1249 
2725 1169 725 1284 
2726 980 946 1246 
2727 1004 995 1293 
2728 950 908 1318 
2729 1079 1220 1266 
2730 997 1116 1316 
2731 964 1279 1310 
2732 1053 1055 1247 
2733 1145 1197 1259 
2734 1209 1232 1269 
2735 1189 1104 1315 
2736 1119 884 1254 
2737 1038 1102 1295 
2738 957 886 1286 
2739 61 711 1314 
2740 1198 735 1238 
2741 771 773 1256 
2742 1197 237 1259 
2743 53 997 1316 
2744 711 1239 1274 
2745 1173 1004 1293 
2746 1067 1118 1283 
2747 998 999 1250 
2748 1023 1024 1253 
2749 945 1002 1251 
2750 1089 1182 1282 
2751 734 1041 1300 
2752 270 734 1258 
2753 1249 888 1276 
2754 748 1217 1252 
2755 1220 249 1266 
2756 721 1212 1242 
2757 953 1020 1269 
2758 758 764 1255 
2759 237 36 1259 
2760 1091 711 1274 
2761 916 915 1298 
2762 1225 1059 1242 
2763 1266 722 1299 
2764 981 980 1260 
2765 262 263 1261 
2766 1031 1218 1306 
2767 245 38 1263 
2768 886 887 1286 
2769 1152 950 1318 
2770 1047 1258 1300 
2771 1255 764 1264 
2772 1029 911 1267 
2773 737 1167 1307 
2774 1079 1078 1297 
2775 1251 1002 1285 
2776 249 39 1266 
2777 764 786 1264 
2778 1017 1244 1277 
2779 1010 904 1270 
2780 1071 1211 1287 
2781 1076 1075 1271 
2782 1286 887 1291 
2783 731 1251 1285 
2784 1218 277 1306 
2785 940 1008 1265 
2786 1144 1143 1268 
2787 901 956 1275 
2788 1092 1295 1309 
2789 888 1021 1276 
2790 1174 1067 1283 
2791 987 985 1273 
2792 966 967 1272 
2793 718 1213 1288 
2794 1208 737 1307 
2795 1213 1252 1288 
2796 887 936 1291 
2797 822 824 1281 
2798 1028 1029 1317 
2799 731 1197 1251 
2800 743 1200 1253 
2801 910 1017 1277 
2802 260 261 1280 
2803 1291 936 1301 
2804 867 890 1278 
2805 238 239 1284 
2806 1274 1038 1295 
2807 864 1191 1290 
2808 936 1104 1301 
2809 964 1136 1279 
2810 1217 1216 1285 
2811 1232 953 1269 
2812 231 232 1289 
2813 1029 1265 1317 
2814 960 1097 1288 
2815 915 962 1298 
2816 713 1209 1269 
2817 1010 1286 1291 
2818 1211 747 1287 
2819 966 1272 1307 
2820 1116 749 1316 
2821 1188 1028 1317 
2822 1079 1266 1299 
2823 1011 1010 1291 
2824 720 269 1304 
2825 952 1098 1296 
2826 1078 1082 1296 
2827 1182 963 1282 
2828 1083 1080 1313 
2829 830 832 1311 
2830 1242 1061 1303 
2831 1091 912 1314 
2832 1011 1291 1301 
2833 1094 1009 1305 
2834 1018 979 1294 
2835 277 46 1306 
2836 1013 1011 1301 
2837 1077 1079 1299 
2838 261 42 1319 
2839 1240 864 1290 
2840 1041 1042 1300 
2841 1238 1000 1292 
2842 1270 957 1286 
2843 715 1210 1283 
2844 1047 1044 1312 
2845 1012 1013 1308 
2846 1246 964 1310 
2847 1216 731 1285 
2848 706 1152 1318 
2849 747 1207 1287 
2850 733 1173 1293 
2851 995 1190 1293 
2852 1013 1202 1308 
2853 1239 965 1275 
2854 1280 261 1319 
2855 1202 719 1308 
2856 1190 733 1293 
2857 1250 714 1315 
2858 1165 1092 1309 
2859 1167 966 1307 
2860 956 1239 1275 
2861 1220 1079 1297 
2862 1176 721 1303 
2863 728 1198 1292 
2864 714 1189 1315 
2865 899 1188 1317 
2866 1198 1238 1292 
2867 1199 736 1310 
2868 1252 960 1288 
2869 721 1242 1303 
2870 1010 1270 1286 
2871 962 1276 1298 
2872 1258 734 1300 
2873 736 1246 1310 
2874 998 1250 1315 
2875 1276 1021 1298 
2876 1304 1047 1312 
2877 720 1304 1312 
2 9 2 64
2878 1325 1320 1334 
2879 1320 1332 1334 
2880 1320 1325 1338 
2881 1328 1323 1329 
2882 1327 1328 1329 
2883 51 52 1324 
2884 59 60 1325 
2885 63 64 1326 
2886 57 58 1323 
2887 53 54 1321 
2888 55 56 1327 
2889 61 62 1320 
2890 49 50 1322 
2891 1332 1320 1343 
2892 1331 1329 1332 
2893 1329 1323 1334 
2894 1334 1323 1337 
2895 1333 1326 1340 
2896 1322 1333 1340 
2897 1327 1329 1330 
2898 1325 1334 1337 
2899 1331 1332 1333 
2900 1330 1329 1331 
2901 59 1325 1337 
2902 53 1321 1335 
2903 1324 52 1335 
2904 60 61 1338 
2905 49 1322 1340 
2906 51 1324 1336 
2907 1325 60 1338 
2908 63 1326 1339 
2909 52 53 1335 
2910 1321 54 1341 
2911 56 57 1328 
2912 1323 58 1337 
2913 50 51 1336 
2914 1322 50 1336 
2915 55 1327 1341 
2916 57 1323 1328 
2917 58 59 1337 
2918 61 1320 1338 
2919 62 63 1339 
2920 1320 62 1339 
2921 64 49 1340 
2922 54 55 1341 
2923 1327 56 1328 
2924 1326 64 1340 
2925 1332 1329 1334 
2926 1330 1331 1344 
2927 1326 1333 1343 
2928 1333 1332 1343 
2929 1327 1330 1341 
2930 1330 1321 1341 
2931 1342 1324 1344 
2932 1331 1342 1344 
2933 1321 1330 1344 
2934 1331 1333 1342 
2935 1333 1322 1342 
2936 1322 1336 1342 
2937 1336 1324 1342 
2938 1320 1339 1343 
2939 1339 1326 1343 
2940 1324 1335 1344 
2941 1335 1321 1344 
$EndElements
