$MeshFormat
4.1 0 8
$EndMeshFormat
$PhysicalNames
20
0 1001 "e1"
0 1002 "e2"
0 1003 "e3"
0 1004 "e4"
0 1005 "e5"
0 1006 "e6"
0 1007 "e7"
0 1008 "e8"
0 1009 "e9"
0 1010 "e10"
0 1011 "e11"
0 1012 "e12"
0 1013 "e13"
0 1014 "e14"
0 1015 "e15"
0 1016 "e16"
2 201 "Skin"
2 202 "Fat"
2 203 "Muscle"
2 204 "Bone"
$EndPhysicalNames
$Entities
65 64 4 0
1 0.06166600254761978 0.02554289459255794 0 1 1001 
2 0.04719711503031502 0.04719711503031501 0 1 1002 
3 0.02554289459255795 0.06166600254761978 0 1 1003 
4 4.087062759734452e-18 0.06674680018075455 0 1 1004 
5 -0.02554289459255794 0.06166600254761978 0 1 1005 
6 -0.04719711503031501 0.04719711503031502 0 1 1006 
7 -0.06166600254761978 0.02554289459255795 0 1 1007 
8 -0.06674680018075455 8.174125519468903e-18 0 1 1008 
9 -0.06166600254761979 -0.02554289459255794 0 1 1009 
10 -0.04719711503031503 -0.04719711503031501 0 1 1010 
11 -0.02554289459255798 -0.06166600254761977 0 1 1011 
12 -1.226118827920335e-17 -0.06674680018075455 0 1 1012 
13 0.02554289459255796 -0.06166600254761977 0 1 1013 
14 0.04719711503031501 -0.04719711503031503 0 1 1014 
15 0.06166600254761977 -0.02554289459255799 0 1 1015 
16 0.06674680018075455 -1.634825103893781e-17 0 1 1016 
17 0.05898086034639839 0.0244306722759117 0 0 
18 0.0451419961624115 0.0451419961624115 0 0 
19 0.0244306722759117 0.05898086034639839 0 0 
20 3.909098496739964e-18 0.06384042320547656 0 0 
21 -0.02443067227591169 0.05898086034639839 0 0 
22 -0.0451419961624115 0.0451419961624115 0 0 
23 -0.05898086034639839 0.0244306722759117 0 0 
24 -0.06384042320547656 7.818196993479928e-18 0 0 
25 -0.05898086034639839 -0.02443067227591169 0 0 
26 -0.04514199616241151 -0.0451419961624115 0 0 
27 -0.02443067227591173 -0.05898086034639837 0 0 
28 -1.172729549021989e-17 -0.06384042320547656 0 0 
29 0.02443067227591171 -0.05898086034639838 0 0 
30 0.04514199616241149 -0.04514199616241151 0 0 
31 0.05898086034639837 -0.02443067227591173 0 0 
32 0.06384042320547656 -1.563639398695986e-17 0 0 
33 0.03651293128433514 0.01512415133996849 0 0 
34 0.02794578773920007 0.02794578773920007 0 0 
35 0.01512415133996849 0.03651293128433514 0 0 
36 2.41998241390319e-18 0.03952131203197649 0 0 
37 -0.01512415133996848 0.03651293128433514 0 0 
38 -0.02794578773920007 0.02794578773920007 0 0 
39 -0.03651293128433514 0.01512415133996849 0 0 
40 -0.03952131203197649 4.839964827806379e-18 0 0 
41 -0.03651293128433514 -0.01512415133996848 0 0 
42 -0.02794578773920008 -0.02794578773920007 0 0 
43 -0.01512415133996851 -0.03651293128433512 0 0 
44 -7.259947241709568e-18 -0.03952131203197649 0 0 
45 0.01512415133996849 -0.03651293128433513 0 0 
46 0.02794578773920006 -0.02794578773920008 0 0 
47 0.03651293128433512 -0.01512415133996851 0 0 
48 0.03952131203197649 -9.679929655612758e-18 0 0 
49 0.00536129988888328 0.002220723125924822 0 0 
50 0.004103361286832857 0.004103361286832856 0 0 
51 0.002220723125924823 0.00536129988888328 0 0 
52 3.553330557255179e-19 0.005803029183155741 0 0 
53 -0.002220723125924822 0.00536129988888328 0 0 
54 -0.004103361286832856 0.004103361286832857 0 0 
55 -0.00536129988888328 0.002220723125924823 0 0 
56 -0.005803029183155741 7.106661114510358e-19 0 0 
57 -0.005361299888883281 -0.002220723125924822 0 0 
58 -0.004103361286832857 -0.004103361286832856 0 0 
59 -0.002220723125924825 -0.005361299888883279 0 0 
60 -1.065999167176554e-18 -0.005803029183155741 0 0 
61 0.002220723125924823 -0.005361299888883279 0 0 
62 0.004103361286832855 -0.004103361286832857 0 0 
63 0.005361299888883279 -0.002220723125924826 0 0 
64 0.005803029183155741 -1.421332222902072e-18 0 0 
1000 0 0 0 0 
1 0.04719711503031501 0.02554289459255794 0 0.06166600254761978 0.04719711503031501 0 0 2 1 -2 
2 0.02554289459255795 0.04719711503031501 0 0.04719711503031502 0.06166600254761977 0 0 2 2 -3 
3 0 0.06166600254761978 0 0.02554289459255794 0.06674680018075455 0 0 2 3 -4 
4 -0.02554289459255794 0.06166600254761978 0 3.469446951953614e-18 0.06674680018075455 0 0 2 4 -5 
5 -0.04719711503031503 0.04719711503031501 0 -0.02554289459255793 0.06166600254761979 0 0 2 5 -6 
6 -0.06166600254761977 0.02554289459255795 0 -0.04719711503031501 0.04719711503031502 0 0 2 6 -7 
7 -0.06674680018075455 3.469446951953614e-18 0 -0.06166600254761978 0.02554289459255795 0 0 2 7 -8 
8 -0.06674680018075455 -0.02554289459255793 0 -0.06166600254761978 8.673617379884035e-18 0 0 2 8 -9 
9 -0.06166600254761978 -0.04719711503031501 0 -0.04719711503031501 -0.02554289459255793 0 0 2 9 -10 
10 -0.04719711503031502 -0.06166600254761977 0 -0.02554289459255798 -0.04719711503031501 0 0 2 10 -11 
11 -0.02554289459255798 -0.06674680018075455 0 -1.387778780781446e-17 -0.06166600254761977 0 0 2 11 -12 
12 -1.214306433183765e-17 -0.06674680018075455 0 0.02554289459255796 -0.06166600254761978 0 0 2 12 -13 
13 0.02554289459255795 -0.06166600254761977 0 0.04719711503031501 -0.04719711503031503 0 0 2 13 -14 
14 0.04719711503031501 -0.04719711503031503 0 0.06166600254761977 -0.02554289459255799 0 0 2 14 -15 
15 0.06166600254761976 -0.02554289459255798 0 0.06674680018075455 -3.469446951953614e-18 0 0 2 15 -16 
16 0.06166600254761978 -1.561251128379126e-17 0 0.06674680018075455 0.02554289459255794 0 0 2 16 -1 
17 0.0451419961624115 0.0244306722759117 0 0.05898086034639839 0.0451419961624115 0 0 2 17 -18 
18 0.0244306722759117 0.0451419961624115 0 0.0451419961624115 0.05898086034639839 0 0 2 18 -19 
19 3.469446951953614e-18 0.05898086034639839 0 0.0244306722759117 0.06384042320547656 0 0 2 19 -20 
20 -0.02443067227591169 0.05898086034639839 0 3.469446951953614e-18 0.06384042320547656 0 0 2 20 -21 
21 -0.0451419961624115 0.0451419961624115 0 -0.02443067227591169 0.05898086034639839 0 0 2 21 -22 
22 -0.05898086034639839 0.0244306722759117 0 -0.0451419961624115 0.0451419961624115 0 0 2 22 -23 
23 -0.06384042320547656 6.938893903907228e-18 0 -0.05898086034639839 0.0244306722759117 0 0 2 23 -24 
24 -0.06384042320547656 -0.02443067227591169 0 -0.05898086034639839 8.673617379884035e-18 0 0 2 24 -25 
25 -0.05898086034639841 -0.04514199616241151 0 -0.04514199616241152 -0.0244306722759117 0 0 2 25 -26 
26 -0.04514199616241151 -0.05898086034639838 0 -0.02443067227591173 -0.0451419961624115 0 0 2 26 -27 
27 -0.02443067227591173 -0.06384042320547656 0 -1.387778780781446e-17 -0.05898086034639837 0 0 2 27 -28 
28 -1.214306433183765e-17 -0.06384042320547656 0 0.02443067227591171 -0.05898086034639839 0 0 2 28 -29 
29 0.02443067227591171 -0.05898086034639838 0 0.0451419961624115 -0.04514199616241152 0 0 2 29 -30 
30 0.04514199616241149 -0.04514199616241151 0 0.05898086034639836 -0.02443067227591174 0 0 2 30 -31 
31 0.05898086034639837 -0.02443067227591173 0 0.06384042320547656 -1.734723475976807e-17 0 0 2 31 -32 
32 0.05898086034639839 -1.561251128379126e-17 0 0.06384042320547656 0.0244306722759117 0 0 2 32 -17 
33 0.02794578773920007 0.01512415133996849 0 0.03651293128433514 0.02794578773920008 0 0 2 33 -34 
34 0.01512415133996849 0.02794578773920007 0 0.02794578773920007 0.03651293128433514 0 0 2 34 -35 
35 -3.469446951953614e-18 0.03651293128433514 0 0.0151241513399685 0.03952131203197651 0 0 2 35 -36 
36 -0.01512415133996848 0.03651293128433514 0 2.602085213965211e-18 0.03952131203197649 0 0 2 36 -37 
37 -0.02794578773920007 0.02794578773920007 0 -0.01512415133996848 0.03651293128433514 0 0 2 37 -38 
38 -0.03651293128433514 0.01512415133996849 0 -0.02794578773920007 0.02794578773920007 0 0 2 38 -39 
39 -0.03952131203197651 -1.734723475976807e-18 0 -0.03651293128433514 0.0151241513399685 0 0 2 39 -40 
40 -0.03952131203197649 -0.01512415133996848 0 -0.03651293128433514 5.204170427930421e-18 0 0 2 40 -41 
41 -0.03651293128433514 -0.02794578773920007 0 -0.02794578773920008 -0.01512415133996848 0 0 2 41 -42 
42 -0.02794578773920008 -0.03651293128433513 0 -0.01512415133996851 -0.02794578773920007 0 0 2 42 -43 
43 -0.0151241513399685 -0.03952131203197648 0 3.469446951953614e-18 -0.03651293128433512 0 0 2 43 -44 
44 -6.938893903907228e-18 -0.03952131203197649 0 0.01512415133996849 -0.03651293128433513 0 0 2 44 -45 
45 0.01512415133996849 -0.03651293128433512 0 0.02794578773920006 -0.02794578773920007 0 0 2 45 -46 
46 0.02794578773920006 -0.02794578773920008 0 0.03651293128433512 -0.01512415133996851 0 0 2 46 -47 
47 0.03651293128433512 -0.01512415133996851 0 0.03952131203197648 -1.734723475976807e-18 0 0 2 47 -48 
48 0.03651293128433514 -9.540979117872439e-18 0 0.03952131203197649 0.01512415133996849 0 0 2 48 -33 
49 0.004103361286832858 0.002220723125924822 0 0.005361299888883281 0.004103361286832856 0 0 2 49 -50 
50 0.002220723125924823 0.004103361286832857 0 0.004103361286832858 0.005361299888883281 0 0 2 50 -51 
51 8.673617379884035e-19 0.005361299888883281 0 0.002220723125924823 0.005803029183155743 0 0 2 51 -52 
52 -0.002220723125924822 0.00536129988888328 0 4.336808689942018e-19 0.005803029183155741 0 0 2 52 -53 
53 -0.004103361286832856 0.004103361286832857 0 -0.002220723125924822 0.005361299888883281 0 0 2 53 -54 
54 -0.005361299888883281 0.002220723125924823 0 -0.004103361286832857 0.004103361286832858 0 0 2 54 -55 
55 -0.005803029183155742 1.301042606982605e-18 0 -0.005361299888883281 0.002220723125924823 0 0 2 55 -56 
56 -0.005803029183155741 -0.002220723125924821 0 -0.00536129988888328 6.505213034913027e-19 0 0 2 56 -57 
57 -0.005361299888883281 -0.004103361286832857 0 -0.004103361286832858 -0.002220723125924822 0 0 2 57 -58 
58 -0.004103361286832858 -0.00536129988888328 0 -0.002220723125924825 -0.004103361286832857 0 0 2 58 -59 
59 -0.002220723125924826 -0.005803029183155741 0 -4.336808689942018e-19 -0.005361299888883279 0 0 2 59 -60 
60 -1.084202172485504e-18 -0.005803029183155741 0 0.002220723125924823 -0.005361299888883279 0 0 2 60 -61 
61 0.002220723125924824 -0.005361299888883281 0 0.004103361286832856 -0.004103361286832858 0 0 2 61 -62 
62 0.004103361286832857 -0.004103361286832858 0 0.00536129988888328 -0.002220723125924827 0 0 2 62 -63 
63 0.00536129988888328 -0.002220723125924827 0 0.005803029183155743 -1.734723475976807e-18 0 0 2 63 -64 
64 0.00536129988888328 -1.517883041479706e-18 0 0.005803029183155741 0.002220723125924822 0 0 2 64 -49 
6 -0.06674680018075455 -0.06674680018075455 0 0.06674680018075455 0.06674680018075455 0 1 201 32 1 2 3 4 5 6 7 8 9 10 11 12 13 14 15 16 -32 -31 -30 -29 -28 -27 -26 -25 -24 -23 -22 -21 -20 -19 -18 -17 
7 -0.06384042320547656 -0.06384042320547656 0 0.06384042320547656 0.06384042320547656 0 1 202 32 17 18 19 20 21 22 23 24 25 26 27 28 29 30 31 32 -48 -47 -46 -45 -44 -43 -42 -41 -40 -39 -38 -37 -36 -35 -34 -33 
8 -0.03952131203197651 -0.03952131203197649 0 0.03952131203197649 0.03952131203197651 0 1 203 32 33 34 35 36 37 38 39 40 41 42 43 44 45 46 47 48 -64 -63 -62 -61 -60 -59 -58 -57 -56 -55 -54 -53 -52 -51 -50 -49 
9 -0.005803029183155742 -0.005803029183155741 0 0.005803029183155742 0.005803029183155743 0 1 204 16 49 50 51 52 53 54 55 56 57 58 59 60 61 62 63 64 
$EndEntities
$Nodes
116 1422 1 1423
0 1 0 1
1
0.06166600254761978 0.02554289459255794 0
0 2 0 1
2
0.04719711503031502 0.04719711503031501 0
0 3 0 1
3
0.02554289459255795 0.06166600254761978 0
0 4 0 1
4
4.087062759734452e-18 0.06674680018075455 0
0 5 0 1
5
-0.02554289459255794 0.06166600254761978 0
0 6 0 1
6
-0.04719711503031501 0.04719711503031502 0
0 7 0 1
7
-0.06166600254761978 0.02554289459255795 0
0 8 0 1
8
-0.06674680018075455 8.174125519468903e-18 0
0 9 0 1
9
-0.06166600254761979 -0.02554289459255794 0
0 10 0 1
10
-0.04719711503031503 -0.04719711503031501 0
0 11 0 1
11
-0.02554289459255798 -0.06166600254761977 0
0 12 0 1
12
-1.226118827920335e-17 -0.06674680018075455 0
0 13 0 1
13
0.02554289459255796 -0.06166600254761977 0
0 14 0 1
14
0.04719711503031501 -0.04719711503031503 0
0 15 0 1
15
0.06166600254761977 -0.02554289459255799 0
0 16 0 1
16
0.06674680018075455 -1.634825103893781e-17 0
0 17 0 1
17
0.05898086034639839 0.0244306722759117 0
0 18 0 1
18
0.0451419961624115 0.0451419961624115 0
0 19 0 1
19
0.0244306722759117 0.05898086034639839 0
0 20 0 1
20
3.909098496739964e-18 0.06384042320547656 0
0 21 0 1
21
-0.02443067227591169 0.05898086034639839 0
0 22 0 1
22
-0.0451419961624115 0.0451419961624115 0
0 23 0 1
23
-0.05898086034639839 0.0244306722759117 0
0 24 0 1
24
-0.06384042320547656 7.818196993479928e-18 0
0 25 0 1
25
-0.05898086034639839 -0.02443067227591169 0
0 26 0 1
26
-0.04514199616241151 -0.0451419961624115 0
0 27 0 1
27
-0.02443067227591173 -0.05898086034639837 0
0 28 0 1
28
-1.172729549021989e-17 -0.06384042320547656 0
0 29 0 1
29
0.02443067227591171 -0.05898086034639838 0
0 30 0 1
30
0.04514199616241149 -0.04514199616241151 0
0 31 0 1
31
0.05898086034639837 -0.02443067227591173 0
0 32 0 1
32
0.06384042320547656 -1.563639398695986e-17 0
0 33 0 1
33
0.03651293128433514 0.01512415133996849 0
0 34 0 1
34
0.02794578773920007 0.02794578773920007 0
0 35 0 1
35
0.01512415133996849 0.03651293128433514 0
0 36 0 1
36
2.41998241390319e-18 0.03952131203197649 0
0 37 0 1
37
-0.01512415133996848 0.03651293128433514 0
0 38 0 1
38
-0.02794578773920007 0.02794578773920007 0
0 39 0 1
39
-0.03651293128433514 0.01512415133996849 0
0 40 0 1
40
-0.03952131203197649 4.839964827806379e-18 0
0 41 0 1
41
-0.03651293128433514 -0.01512415133996848 0
0 42 0 1
42
-0.02794578773920008 -0.02794578773920007 0
0 43 0 1
43
-0.01512415133996851 -0.03651293128433512 0
0 44 0 1
44
-7.259947241709568e-18 -0.03952131203197649 0
0 45 0 1
45
0.01512415133996849 -0.03651293128433513 0
0 46 0 1
46
0.02794578773920006 -0.02794578773920008 0
0 47 0 1
47
0.03651293128433512 -0.01512415133996851 0
0 48 0 1
48
0.03952131203197649 -9.679929655612758e-18 0
0 49 0 1
49
0.00536129988888328 0.002220723125924822 0
0 50 0 1
50
0.004103361286832857 0.004103361286832856 0
0 51 0 1
51
0.002220723125924823 0.00536129988888328 0
0 52 0 1
52
3.553330557255179e-19 0.005803029183155741 0
0 53 0 1
53
-0.002220723125924822 0.00536129988888328 0
0 54 0 1
54
-0.004103361286832856 0.004103361286832857 0
0 55 0 1
55
-0.00536129988888328 0.002220723125924823 0
0 56 0 1
56
-0.005803029183155741 7.106661114510358e-19 0
0 57 0 1
57
-0.005361299888883281 -0.002220723125924822 0
0 58 0 1
58
-0.004103361286832857 -0.004103361286832856 0
0 59 0 1
59
-0.002220723125924825 -0.005361299888883279 0
0 60 0 1
60
-1.065999167176554e-18 -0.005803029183155741 0
0 61 0 1
61
0.002220723125924823 -0.005361299888883279 0
0 62 0 1
62
0.004103361286832855 -0.004103361286832857 0
0 63 0 1
63
0.005361299888883279 -0.002220723125924826 0
0 64 0 1
64
0.005803029183155741 -1.421332222902072e-18 0
1 1 0 5
66
67
68
69
70
0.05986338566062882 0.02952135484046072 0
0.05780442457025136 0.03337340010355096 0
0.05549793605413622 0.03708253535157192 0
0.05295379687158928 0.04063287746704675 0
0.05018290139399248 0.04400922337477001 0
1 2 0 5
71
72
73
74
75
0.04400922336713347 0.05018290140068954 0
0.0406328774496563 0.05295379688493344 0
0.03708253531505564 0.05549793607853562 0
0.03337340008083071 0.05780442458336892 0
0.02952135482564796 0.05986338566793367 0
1 3 0 5
76
77
78
79
80
0.02145505575114108 0.06320455614182416 0
0.01727534306350875 0.06447245812288883 0
0.0130216547083286 0.06546427913776061 0
0.008712205645370889 0.06617577205565753 0
0.004365449587912972 0.06660389015864587 0
1 4 0 5
81
82
83
84
85
-0.004365449609786864 0.06660389015721219 0
-0.008712205695891626 0.06617577204900633 0
-0.01302165477429425 0.06546427912463923 0
-0.01727534310612272 0.06447245811147045 0
-0.021455055769104 0.06320455613572658 0
1 5 0 5
86
87
88
89
90
-0.02952135484008733 0.05986338566081297 0
-0.03337340010069446 0.05780442457190056 0
-0.03708253535726656 0.05549793605033118 0
-0.04063287748081321 0.05295379686102591 0
-0.04400922337523383 0.05018290139358572 0
1 6 0 5
91
92
93
94
95
-0.05018290140400376 0.04400922336335433 0
-0.05295379688768517 0.04063287744607019 0
-0.05549793608283016 0.03708253530862841 0
-0.05780442458511345 0.03337340007780908 0
-0.05986338566972182 0.02952135482202194 0
1 7 0 5
96
97
98
99
100
-0.06320455614164533 0.02145505575166794 0
-0.06447245812224121 0.01727534306592573 0
-0.06546427913770363 0.01302165470861508 0
-0.06617577205582452 0.008712205644102345 0
-0.06660389015875266 0.004365449586283782 0
1 8 0 5
101
102
103
104
105
-0.06660389015720279 -0.00436544960993032 0
-0.06617577204924931 -0.00871220569404603 0
-0.06546427912507503 -0.01302165477210329 0
-0.06447245811193798 -0.01727534310437787 0
-0.0632045561350992 -0.02145505577095218 0
1 9 0 5
106
107
108
109
110
-0.05986338565915553 -0.02952135484344828 0
-0.05780442456111597 -0.03337340011937392 0
-0.05549793604417604 -0.03708253536647839 0
-0.05295379685732866 -0.04063287748563155 0
-0.05018290139028989 -0.04400922337899199 0
1 10 0 5
111
112
113
114
115
-0.04400922335521751 -0.05018290141113955 0
-0.04063287743607133 -0.05295379689535756 0
-0.03708253529826541 -0.05549793608975451 0
-0.03337340006166924 -0.0578044245944318 0
-0.02952135481920573 -0.05986338567111062 0
1 11 0 5
116
117
118
119
120
-0.02145505574325237 -0.06320455614450202 0
-0.01727534306100594 -0.06447245812355948 0
-0.01302165470026457 -0.06546427913936465 0
-0.008712205638621354 -0.06617577205654612 0
-0.00436544958066748 -0.06660389015912077 0
1 12 0 5
121
122
123
124
125
0.004365449609209236 -0.06660389015725005 0
0.008712205693379823 -0.06617577204933703 0
0.01302165477913534 -0.06546427912367626 0
0.01727534311695366 -0.06447245810856832 0
0.02145505577689706 -0.06320455613308118 0
1 13 0 5
126
127
128
129
130
0.02952135484065594 -0.05986338566053256 0
0.03337340010872536 -0.05780442456726392 0
0.03708253535582243 -0.05549793605129612 0
0.04063287746940716 -0.05295379686977806 0
0.04400922338363987 -0.05018290138621381 0
1 14 0 5
131
132
133
134
135
0.05018290141136621 -0.04400922335495907 0
0.05295379689167008 -0.04063287744087694 0
0.05549793608115815 -0.03708253531113074 0
0.05780442458613327 -0.03337340007604268 0
0.05986338567080596 -0.02952135481982354 0
1 15 0 5
136
137
138
139
140
0.06320455614310387 -0.02145505574737118 0
0.0644724581248335 -0.01727534305625116 0
0.06546427913834728 -0.01302165470537919 0
0.06617577205590731 -0.008712205643473483 0
0.06660389015867371 -0.004365449587488288 0
1 16 0 5
141
142
143
144
145
0.06660389015706568 0.00436544961202217 0
0.06617577204895604 0.008712205696273598 0
0.06546427912420746 0.01302165477646485 0
0.06447245810985901 0.0172753431121367 0
0.06320455613611559 0.02145505576795802 0
1 17 0 5
146
147
148
149
150
0.0572567353738766 0.02823589717682471 0
0.05528742827008856 0.03192021162733986 0
0.05308137190535731 0.03546783883604265 0
0.05064801297153033 0.03886358729054801 0
0.04799777147862738 0.04209291589020431 0
1 18 0 5
151
152
153
154
155
0.04209291587141881 0.04799777149510183 0
0.03886358724876698 0.05064801300359005 0
0.03546783877191774 0.05308137194820418 0
0.03192021158575144 0.05528742829409965 0
0.02823589715221251 0.057256735386014 0
1 19 0 5
156
157
158
159
160
0.02052083148760649 0.06045242021715597 0
0.01652311734737245 0.06166511354225588 0
0.01245464868726145 0.06261374738131592 0
0.008332847326235952 0.06329425953822347 0
0.004175363435532712 0.06370373595979725 0
1 20 0 5
161
162
163
164
165
-0.00417536346194183 0.06370373595806632 0
-0.008332847375802361 0.06329425953169793 0
-0.0124546487600147 0.0626137473668444 0
-0.01652311740219333 0.06166511352756667 0
-0.02052083151399576 0.06045242020819802 0
1 21 0 5
166
167
168
169
170
-0.02823589717525344 0.05725673537465147 0
-0.03192021162346034 0.05528742827232839 0
-0.03546783883114468 0.05308137190863002 0
-0.03886358728600413 0.05064801297501698 0
-0.04209291587821504 0.04799777148914169 0
1 22 0 5
171
172
173
174
175
-0.04799777149510183 0.04209291587141881 0
-0.05064801300359005 0.03886358724876698 0
-0.05308137194820418 0.03546783877191774 0
-0.05528742829409965 0.03192021158575144 0
-0.057256735386014 0.02823589715221251 0
1 23 0 5
176
177
178
179
180
-0.06045242021636994 0.0205208314899221 0
-0.06166511354248228 0.01652311734652755 0
-0.06261374738246983 0.01245464868146041 0
-0.0632942595388491 0.008332847321483849 0
-0.06370373595990755 0.00417536343384993 0
1 24 0 5
181
182
183
184
185
-0.06370373595806632 -0.004175363461941826 0
-0.06329425953169793 -0.008332847375802357 0
-0.0626137473668444 -0.01245464876001469 0
-0.06166511352756667 -0.01652311740219333 0
-0.06045242020819802 -0.02052083151399576 0
1 25 0 5
186
187
188
189
190
-0.05725673537866945 -0.02823589716710582 0
-0.05528742827801949 -0.03192021161360312 0
-0.053081371912435 -0.03546783882545014 0
-0.05064801298378079 -0.03886358727458293 0
-0.04799777147911628 -0.04209291588964685 0
1 26 0 5
191
192
193
194
195
-0.04209291586863342 -0.04799777149754453 0
-0.03886358724210993 -0.05064801300869819 0
-0.03546783876413726 -0.05308137195340295 0
-0.03192021158008244 -0.05528742829737264 0
-0.02823589715012996 -0.057256735387041 0
1 27 0 5
196
197
198
199
200
-0.02052083149575162 -0.06045242021439108 0
-0.0165231173537308 -0.06166511354055217 0
-0.01245464868631799 -0.06261374738150359 0
-0.008332847326248106 -0.06329425953822188 0
-0.004175363431416983 -0.06370373596006702 0
1 28 0 5
201
202
203
204
205
0.004175363458159018 -0.06370373595831424 0
0.008332847369074602 -0.06329425953258365 0
0.01245464875467052 -0.06261374736790742 0
0.01652311740132177 -0.06166511352780021 0
0.02052083151777239 -0.06045242020691603 0
1 29 0 5
206
207
208
209
210
0.02823589716582264 -0.05725673537930222 0
0.03192021161157465 -0.05528742827919061 0
0.03546783882909968 -0.05308137190999644 0
0.03886358726867646 -0.05064801298831296 0
0.04209291588706226 -0.04799777148138289 0
1 30 0 5
211
212
213
214
215
0.04799777149403415 -0.04209291587263625 0
0.05064801300354695 -0.03886358724882315 0
0.05308137195537054 -0.03546783876119251 0
0.05528742829707248 -0.03192021158060233 0
0.05725673538606029 -0.02823589715211864 0
1 31 0 5
216
217
218
219
220
0.06045242021428671 -0.02052083149605909 0
0.06166511354097901 -0.01652311735213776 0
0.06261374738157451 -0.01245464868596148 0
0.0632942595384923 -0.008332847324193985 0
0.06370373596003652 -0.004175363431882257 0
1 32 0 5
221
222
223
224
225
0.06370373595822963 0.004175363459450061 0
0.06329425953241359 0.008332847370366313 0
0.06261374736917311 0.01245464874830751 0
0.06166511352962862 0.01652311739449805 0
0.06045242020880122 0.02052083151221879 0
1 33 0 3
226
227
228
0.03485468546794671 0.01863021754192245 0
0.03286076998069118 0.02195686455314045 0
0.03055038732643304 0.02507205494038671 0
1 34 0 3
229
230
231
0.02507205492203304 0.0305503873414955 0
0.02195686451625163 0.03286077000533949 0
0.0186302175162859 0.03485468548164972 0
1 35 0 3
232
233
234
0.01147243129284267 0.03781953760901705 0
0.00771022545937059 0.03876192110944096 0
0.003873765962968741 0.03933100611468 0
1 36 0 3
235
236
237
-0.003873765999484395 0.03933100611108351 0
-0.00771022551402215 0.03876192109857007 0
-0.0114724313196576 0.03781953760088282 0
1 37 0 3
238
239
240
-0.01863021754030418 0.03485468546881169 0
-0.02195686455472915 0.03286076997962965 0
-0.02507205494847368 0.03055038731979624 0
1 38 0 3
241
242
243
-0.0305503873414955 0.02507205492203304 0
-0.03286077000533949 0.02195686451625163 0
-0.03485468548164972 0.0186302175162859 0
1 39 0 3
244
245
246
-0.03781953760994054 0.01147243128979833 0
-0.03876192111103585 0.007710225451352529 0
-0.039331006115295 0.003873765956724513 0
1 40 0 3
247
248
249
-0.03933100611108351 -0.003873765999484393 0
-0.03876192109857007 -0.007710225514022148 0
-0.03781953760088282 -0.01147243131965759 0
1 41 0 3
250
251
252
-0.03485468547189248 -0.01863021753454043 0
-0.03286076998212707 -0.02195686455099149 0
-0.03055038732042249 -0.02507205494771059 0
1 42 0 3
253
254
255
-0.02507205491747435 -0.03055038734523673 0
-0.0219568645132045 -0.03286077000737553 0
-0.01863021751647796 -0.03485468548154707 0
1 43 0 3
256
257
258
-0.01147243129982327 -0.03781953760689948 0
-0.00771022546776342 -0.0387619211077715 0
-0.003873765967396081 -0.03933100611424393 0
1 44 0 3
259
260
261
0.003873765994520735 -0.03933100611157239 0
0.007710225509720543 -0.03876192109942572 0
0.01147243132125678 -0.03781953760039771 0
1 45 0 3
262
263
264
0.01863021753992381 -0.03485468546901498 0
0.02195686455917846 -0.0328607699766567 0
0.02507205494742239 -0.03055038732065899 0
1 46 0 3
265
266
267
0.03055038733947062 -0.02507205492450036 0
0.03286077000858068 -0.02195686451140086 0
0.03485468548043071 -0.01863021751856652 0
1 47 0 3
268
269
270
0.03781953760711409 -0.01147243129911581 0
0.03876192110732517 -0.007710225470007255 0
0.03933100611398501 -0.0038737659700249 0
1 48 0 3
271
272
273
0.03933100611151659 0.003873765995087286 0
0.03876192109964985 0.007710225508593727 0
0.03781953760109289 0.01147243131896509 0
2 6 0 96
274
275
276
277
278
279
280
281
282
283
284
285
286
287
288
289
290
291
292
293
294
295
296
297
298
299
300
301
302
303
304
305
306
307
308
309
310
311
312
313
314
315
316
317
318
319
320
321
322
323
324
325
326
327
328
329
330
331
332
333
334
335
336
337
338
339
340
341
342
343
344
345
346
347
348
349
350
351
352
353
354
355
356
357
358
359
360
361
362
363
364
365
366
367
368
369
0.03446099647630553 -0.05541779020193677 0
0.05944174598213089 0.02693270472143876 0
0.01063033914906507 -0.06438701451837608 0
-0.0269327047209526 0.05944174598237065 0
-0.006396466535855671 0.06494441442399569 0
-0.06522371237537505 -0.002135203267968032 0
-0.002135203267932171 0.0652237123753774 0
-0.05304527948057738 0.03801170969384583 0
0.0652237123753816 0.00213520326786805 0
-0.01481869095032982 -0.06355389954624496 0
0.01894358691240719 0.06244863700603121 0
-0.03801170968514598 -0.05304527948680329 0
-0.06494441442405408 -0.006396466535430132 0
-0.06244863700568468 0.01894358691351083 0
0.0229873635268043 0.06107595981324957 0
0.002135203266842058 -0.06522371237544886 0
-0.06107595981300835 0.02298736352751492 0
-0.04461031260414437 -0.04762994602535265 0
-0.03446099647814151 0.05541779020079753 0
0.06244863700580077 -0.01894358691295479 0
0.006396466532455669 -0.06494441442437124 0
0.04139965098424389 0.05044562069607871 0
0.05304527948293644 -0.03801170969050583 0
-0.01063033915150073 0.06438701451804696 0
0.06494441442416624 0.006396466534528035 0
-0.05944174598296079 -0.02693270471975593 0
0.06355389954643358 -0.0148186909499324 0
0.01481869095161781 0.06355389954605531 0
-0.06438701451821666 -0.01063033915049159 0
-0.02298736352686843 -0.0610759598132278 0
-0.04762994602295802 0.04461031260687491 0
0.06107595981285217 -0.022987363527975 0
0.04139965100219644 -0.05044562068142193 0
-0.06355389954622423 0.01481869095063219 0
0.02693270471873706 -0.05944174598346323 0
0.0446103126078197 0.04762994602212947 0
-0.05044562069759519 0.04139965098240257 0
0.04762994602453171 -0.04461031260508046 0
0.03801170969634917 0.05304527947881583 0
0.06438701451868754 0.01063033914785307 0
-0.05541779019893663 -0.03446099648122639 0
-0.01894358691343518 -0.06244863700575118 0
-0.04139965097550805 -0.05044562070318497 0
0.05755299346871134 0.03076271593704406 0
-0.05755299346924011 -0.03076271593588278 0
0.05541779019995836 0.03446099647962635 0
0.03076271593169465 -0.05755299347157233 0
-0.03076271593487389 0.05755299346992334 0
-0.04461031261154384 0.04762994601886348 0
0.05044562070015435 -0.04139965097932385 0
0.01481869101302032 -0.06355389953198805 0
0.06438701452858034 -0.01063033908975203 0
-0.03446099642603859 -0.05541779023374047 0
0.01063033909179923 0.06438701452823938 0
0.02693270471158253 0.05944174598699146 0
-0.0594417459874385 0.02693270471067602 0
0.0594417459877211 -0.02693270471010297 0
-0.05044562067762891 -0.04139965100721333 0
0.06355389953321704 0.01481869100785178 0
-0.05755299348373723 0.03076271590944874 0
0.06107595980973374 0.02298736353716161 0
0.01894358695323622 -0.06244863699409143 0
-0.006396466494238481 -0.06494441442848894 0
0.002135203255861423 0.06522371237616856 0
-0.02693270470945135 -0.05944174598804244 0
-0.06438701452871176 0.01063033908891542 0
-0.010630339087863 -0.06438701452890905 0
-0.02298736353789235 0.06107595980948569 0
-0.06107595980932885 -0.02298736353835439 0
-0.06522371237622282 0.002135203255033432 0
0.006396466498763131 0.06494441442808102 0
-0.05541779022756187 0.03446099643602667 0
0.06244863699610111 0.01894358694670289 0
-0.03801170973880714 0.05304527944875102 0
0.057552993485018 -0.0307627159071468 0
0.03076271591111065 0.05755299348285405 0
0.06522371237623534 -0.002135203254842644 0
0.06494441442827745 -0.006396466496759502 0
0.04461031261585716 -0.0476299460150808 0
-0.002135203253021122 -0.06522371237635471 0
0.03446099643838888 0.05541779022605209 0
-0.06494441442833346 0.006396466496429976 0
-0.03076271590277184 -0.057552993487489 0
0.02298736354078478 -0.06107595980850384 0
-0.06244863699570048 -0.01894358694787979 0
-0.04762994601553317 -0.04461031261534133 0
0.04762994601633659 0.0446103126144252 0
-0.01481869101065625 0.06355389953263017 0
-0.01894358694785395 0.06244863699574043 0
-0.06355389953285601 -0.0148186910096723 0
-0.05304527944943012 -0.03801170973803576 0
0.05541779022993361 -0.03446099643224206 0
0.03801170973075144 -0.05304527945484588 0
-0.04139965100506655 0.05044562067969258 0
0.05044562067893487 0.04139965100564227 0
0.05304527945065328 0.03801170973630233 0
2 7 0 515
370
371
372
373
374
375
376
377
378
379
380
381
382
383
384
385
386
387
388
389
390
391
392
393
394
395
396
397
398
399
400
401
402
403
404
405
406
407
408
409
410
411
412
413
414
415
416
417
418
419
420
421
422
423
424
425
426
427
428
429
430
431
432
433
434
435
436
437
438
439
440
441
442
443
444
445
446
447
448
449
450
451
452
453
454
455
456
457
458
459
460
461
462
463
464
465
466
467
468
469
470
471
472
473
474
475
476
477
478
479
480
481
482
483
484
485
486
487
488
489
490
491
492
493
494
495
496
497
498
499
500
501
502
503
504
505
506
507
508
509
510
511
512
513
514
515
516
517
518
519
520
521
522
523
524
525
526
527
528
529
530
531
532
533
534
535
536
537
538
539
540
541
542
543
544
545
546
547
548
549
550
551
552
553
554
555
556
557
558
559
560
561
562
563
564
565
566
567
568
569
570
571
572
573
574
575
576
577
578
579
580
581
582
583
584
585
586
587
588
589
590
591
592
593
594
595
596
597
598
599
600
601
602
603
604
605
606
607
608
609
610
611
612
613
614
615
616
617
618
619
620
621
622
623
624
625
626
627
628
629
630
631
632
633
634
635
636
637
638
639
640
641
642
643
644
645
646
647
648
649
650
651
652
653
654
655
656
657
658
659
660
661
662
663
664
665
666
667
668
669
670
671
672
673
674
675
676
677
678
679
680
681
682
683
684
685
686
687
688
689
690
691
692
693
694
695
696
697
698
699
700
701
702
703
704
705
706
707
708
709
710
711
712
713
714
715
716
717
718
719
720
721
722
723
724
725
726
727
728
729
730
731
732
733
734
735
736
737
738
739
740
741
742
743
744
745
746
747
748
749
750
751
752
753
754
755
756
757
758
759
760
761
762
763
764
765
766
767
768
769
770
771
772
773
774
775
776
777
778
779
780
781
782
783
784
785
786
787
788
789
790
791
792
793
794
795
796
797
798
799
800
801
802
803
804
805
806
807
808
809
810
811
812
813
814
815
816
817
818
819
820
821
822
823
824
825
826
827
828
829
830
831
832
833
834
835
836
837
838
839
840
841
842
843
844
845
846
847
848
849
850
851
852
853
854
855
856
857
858
859
860
861
862
863
864
865
866
867
868
869
870
871
872
873
874
875
876
877
878
879
880
881
882
883
884
-0.04259124643189016 0.002299066038217725 0
-0.0285838874638962 0.03212337949317699 0
0.002059271806786498 0.042733856480206 0
-0.001614763947684077 -0.04274559683385027 0
0.02530287847641756 -0.03410986000192714 0
-0.03173681313092954 -0.02876457074748025 0
0.03673868854972335 -0.02202032246660464 0
0.04254750199514124 -0.002499688363059953 0
0.0349369384372997 0.02592005649706653 0
0.0144402231919086 -0.04085759822253085 0
-0.02202032246847268 -0.03673868855304969 0
-0.01477333109584429 0.04020341313175452 0
-0.04038155095012416 -0.01424222167227698 0
0.0406522404624822 0.01440895076374978 0
-0.03871896686844414 0.01817257069365533 0
0.01796514012526467 0.03866525283901586 0
0.0313562808851106 -0.02897121717731795 0
-0.0149299260205358 -0.04006625616598046 0
0.02866302708142573 0.03177051457251403 0
0.03992633872531643 -0.01492901759380313 0
-0.03424134717929728 0.02567843820110317 0
0.04236893499642126 0.006284837827776776 0
0.005701105902126373 -0.04272191671003398 0
-0.00628483783304913 0.04236893499520651 0
-0.04264576230932732 -0.006174248444798797 0
-0.02184680945423063 0.03662057899010683 0
-0.03643312354393176 -0.02204618046663746 0
0.01045696119790856 0.04119516269974882 0
-0.04124499073678796 0.01026176631588726 0
0.02859088777404236 -0.05314974933868562 0
-0.03802289016599382 -0.04696881943724839 0
0.05333578535022217 0.02851952128686999 0
-0.009804407190980888 -0.05938441877268897 0
0.05949276275124404 -0.00980198687624443 0
0.03213944503180453 0.05130069262646907 0
-0.06006145769205135 -0.002137864909441248 0
0.04406113587076564 0.04111454881117965 0
0.002717568250321189 -0.05986643746022172 0
0.04136624979193752 -0.0441212258833079 0
-0.03499854184420568 0.0490498771379472 0
0.0488812487976724 -0.03506690619940656 0
-0.002030950177687555 0.06055306712294754 0
0.05965840224703517 0.001890171246906894 0
-0.02504484720781021 -0.05456964630194677 0
-0.05461101603770133 -0.02455488479526673 0
-0.0439937375863993 0.04106745450872638 0
-0.04915098347661756 -0.03522061350539329 0
0.05475581204540407 -0.02525788684551791 0
-0.01394908457482161 0.05856653433600192 0
-0.05907782999958604 -0.01379301266238924 0
-0.02547698807205663 0.0548778148277109 0
-0.05149608268946942 0.03204626063355923 0
-0.05618875548725703 0.02118188457068944 0
0.0214291050536179 0.05620500717312116 0
-0.05921569402433673 0.009903274346465752 0
0.01351646087510798 -0.05883607502351663 0
0.05834425400390932 0.01332849651719964 0
0.009901110815366737 0.05924202111615562 0
0.03509380418330665 -0.04903199945800522 0
-0.04395260113627076 -0.04143452489758332 0
0.03808448133098735 0.04653667564757417 0
0.05748806944905357 -0.01733304252971587 0
-0.01733646264754249 -0.0577036443624202 0
0.02123831823804808 -0.0563461939888148 0
0.04892388801584965 0.03505836241284802 0
-0.03191806154195902 -0.05119569432570981 0
0.0564735028107673 0.02144461224473702 0
0.02555113414330972 0.03431635039496932 0
0.02931622636070216 0.03567299782194054 0
0.03241341437957845 0.03326313310817741 0
0.02628467866249084 0.03805743041187295 0
0.03300183670964543 0.03713071522282695 0
0.0360979723402326 0.03468330577590639 0
0.03664757395536881 0.03865210071500624 0
0.03361728681515395 0.04100653460469238 0
0.03978778316852449 0.0361475656201124 0
0.03924128044347511 0.03217989234004521 0
0.04279118107458009 0.0336612979325891 0
0.04245543846988379 0.02973845295483789 0
0.03870652399248117 0.02824919830050654 0
0.04194120393613526 0.02585502690336557 0
0.04560056408784202 0.02724616637428598 0
0.04501859834277415 0.02327882332841504 0
0.04102911060174654 0.02159131810090164 0
0.04458989810458404 0.01919881345202549 0
0.0481812645992441 0.02074341177842829 0
0.04756077133194753 0.01676728925859068 0
0.05125391406241134 0.01812632513854313 0
0.05074697585118997 0.01425467778046867 0
0.04690803429876777 0.01279120645347981 0
0.04989340695070725 0.01029644156372702 0
0.05381134819189855 0.01170110089760131 0
0.05315323390738319 0.007712290880326905 0
0.04939207994765434 0.006270000785126669 0
0.05252176011173797 0.003718272854390675 0
0.048931090619397 0.002263278025899002 0
0.05190156049087181 -0.0002569173868036946 0
0.04820864573208877 -0.001692866041865002 0
0.05124642313509796 -0.004218585820897222 0
0.04769412127367564 -0.005673156024126415 0
0.05062197979751949 -0.00817981594303702 0
0.0471101539680561 -0.009639993064876607 0
0.04999226580141134 -0.0121390125912265 0
0.05479272343812109 -0.002765247350453497 0
0.04664106411323372 -0.01362609768624852 0
0.04938239356211889 -0.01610384312654006 0
0.04579870032117692 -0.01755574586938335 0
0.0486916622966056 -0.02006175360890203 0
0.04494322753865686 -0.02149463955468115 0
0.04800718082298004 -0.02403081909318023 0
0.0442409576215281 -0.02545881653559491 0
0.04736282977914439 -0.02799930859838732 0
0.04357900291123404 -0.02941589224867671 0
0.04052429380178454 -0.02702441255974622 0
0.03981328865329659 -0.0308733752493288 0
0.04285141283800412 -0.03327716693560169 0
0.03914004136724822 -0.03484029617995481 0
0.04247612662587978 -0.03749144362772117 0
0.03835037198259929 -0.03872798577541282 0
0.0353161826340971 -0.03624603024108501 0
0.03459363287678979 -0.04021411957569995 0
0.03162154621891439 -0.03768853655800437 0
0.03087572297757743 -0.04163448894287367 0
0.05356024452291503 -0.01068927908017382 0
0.02793739203708401 -0.03926389354604468 0
0.02713309002715928 -0.04305648487022232 0
0.02411020923802865 -0.04043378375810889 0
0.02342912834805561 -0.04429400795996308 0
0.02632614308943091 -0.04689424814771555 0
0.02262197154705794 -0.04828256477540496 0
0.01920911151806977 -0.0453541063616473 0
0.01879388925309109 -0.04967000865980217 0
0.01576625567662962 -0.04716819939353167 0
0.01504028440271551 -0.05108044030119714 0
0.01195075561474127 -0.04847932359137765 0
0.01124275437818992 -0.05243093448854522 0
0.008151605169529364 -0.04984120716372149 0
0.007462240346470345 -0.05385308188122923 0
0.004386842327878456 -0.05128315858274275 0
0.05700469620784193 0.009010229624704234 0
0.005095541110145331 -0.04733904346351506 0
0.001340057983885268 -0.04876315169697798 0
0.0006079196994253881 -0.05266964626958762 0
-0.002440704946739582 -0.05013074855165798 0
-0.003180590930342654 -0.05404229419891166 0
-0.006251449014794666 -0.05143164141425986 0
-0.00538783276074616 -0.0477647324385315 0
-0.009298446130258421 -0.04885776044294306 0
-0.0100888613148942 -0.05267534607683628 0
-0.0131198698370769 -0.05013906399141104 0
-0.008136558164913451 -0.04518107278289635 0
0.05265025535468791 -0.01861443175568158 0
0.04402900592616191 -0.007046668793057983 0
0.04179441209464891 -0.01893629471739949 0
0.03710532470130684 -0.02845692887087785 0
0.03233340177596205 -0.03316414497171019 0
-0.01432735214356334 -0.05449170101702333 0
-0.01695238884449446 -0.05147753319682739 0
-0.01623833115975453 -0.04755185539043492 0
-0.02001665556706542 -0.04884157517857247 0
-0.01925387884268215 -0.04508923804417456 0
-0.02305725494754772 -0.0462369527959316 0
-0.02218547378385212 -0.04265382685754975 0
-0.02608831759736952 -0.04363529762211299 0
-0.02677682609719628 -0.0474779409276992 0
-0.02980892419926849 -0.04478032909605206 0
-0.02913380806016626 -0.04091136042099069 0
-0.03290286164814257 -0.04216163277504406 0
-0.03220125787081244 -0.03827798263502571 0
-0.03595943439734871 -0.03951787309637261 0
-0.0352581437549848 -0.03562690080534738 0
-0.03899537138788056 -0.03685242438976972 0
-0.03828490656895369 -0.03294965373218372 0
-0.02847898959963487 -0.03685953165527488 0
-0.04204966889502966 -0.03421020829064092 0
-0.04132842632052219 -0.03030318059232793 0
-0.03730945864160105 -0.02872506601421996 0
-0.04072210543391916 -0.0263147591675826 0
-0.04437736905094034 -0.02765294999652203 0
-0.04367929086381812 -0.02368521585305565 0
-0.04738421717265779 -0.02499898972970837 0
-0.04659177777416649 -0.02105072455424981 0
-0.04858554709460203 -0.02901730086153675 0
-0.04294560734340916 -0.01984973681443299 0
-0.04591094420806885 -0.01725084852031226 0
-0.04961165694065951 -0.01841300650587948 0
-0.0487992553312476 -0.0144635925007981 0
-0.05251311817533495 -0.01574008441377731 0
-0.05168015600424201 -0.01178035499225718 0
-0.04802180225444622 -0.0104440862257393 0
-0.05095183027025608 -0.007802315057912507 0
-0.05485717128979099 -0.009000552710414479 0
-0.05389656289595882 -0.005098081429776025 0
-0.0501060131530568 -0.003835407245530385 0
-0.05302486779129212 -0.001152653070193284 0
-0.04937715680699541 0.000129985480437895 0
-0.05226234452631907 0.002806961940793219 0
-0.0486918803319565 0.003945124965352908 0
-0.05146347739495026 0.006720292989748048 0
-0.04787303734191817 0.007749266091599543 0
-0.05063398969134675 0.01062240887792481 0
-0.04702144323970334 0.01179115450378118 0
-0.04973935828677678 0.01458601170500307 0
-0.04609230437961129 0.015892373207563 0
-0.04892987867518588 0.01852517481386878 0
-0.04514545511553948 0.01987106242998839 0
-0.04808388502722194 0.02247046316325818 0
-0.04425157368010114 0.02372859951507148 0
-0.05340770063976254 0.01331057479984445 0
-0.04716874469918685 0.02632114397274473 0
-0.0433830416677628 0.0276197887371655 0
-0.05087735513152096 0.02533515447206643 0
-0.04051341369858434 0.02492911466823695 0
-0.0397262621139177 0.02888786433776084 0
-0.04256668988479119 0.03156565653486164 0
-0.03872609380169579 0.03279345937479556 0
-0.05520830526911853 0.005315001016565539 0
-0.04146385924360414 0.03546160665824385 0
-0.03780318420586457 0.03672355849760933 0
-0.03488175237460773 0.03414247326675511 0
-0.03396771993921353 0.03796406199251262 0
-0.03690518436159731 0.04066926229404513 0
-0.03307868609507997 0.04187781965245135 0
-0.03011521691831025 0.03915066979824376 0
-0.02922991223739209 0.04306779673040671 0
-0.04551255280354291 0.03435820269920152 0
-0.02649624802917305 0.04038877440914139 0
-0.02541027205660375 0.04426574759527592 0
-0.02832243920179991 0.04700047835220215 0
-0.02444994522056663 0.04809813191845434 0
-0.02151786501709266 0.0454248352351825 0
-0.02057804241112193 0.04925778351113314 0
-0.0176695166229752 0.04663365815207033 0
-0.01674647848497109 0.05052508545668695 0
-0.01381835149835125 0.04782978127686549 0
-0.01287766130368851 0.05166228185421876 0
-0.009950314972838825 0.04896978440063453 0
-0.009016745757564218 0.05282986020655595 0
-0.006086439594303328 0.05013562365639269 0
-0.005135340895744257 0.05393827935319588 0
-0.002218114330948336 0.05130238679174212 0
-0.003171438878319716 0.04770954968788246 0
0.0007757411414432669 0.04875415339304934 0
0.001636043958198257 0.05249702530321016 0
0.004608908635192451 0.04977936159397756 0
0.005481886431340289 0.05361053785200474 0
0.008416649103097723 0.05084190042663716 0
-0.007652353146463378 0.0565918878887355 0
0.007395737689127518 0.04704083978088128 0
0.0112781233961569 0.04820923699668983 0
0.01227288628566022 0.05200943320680519 0
0.0151759431181555 0.04922556461205872 0
0.01416458234647282 0.04570737750835317 0
0.01809866276733563 0.04648806978728413 0
0.01895360204363268 0.05022884101473255 0
0.02194166775250606 0.04751696871040989 0
0.02095750686033093 0.04367044455871504 0
0.02471745320201987 0.04466769522146691 0
0.02569437617388286 0.04858420268652578 0
0.02839670876274326 0.04589356327237716 0
0.002543027769313983 0.0563918698985082 0
-0.0196996200049815 0.05330789133862316 0
-0.0107353248915213 0.04507303578601111 0
-0.04632043826638996 -0.002759350819112748 0
-0.05340778787337136 -0.01973966378934995 0
-0.02751761173144551 0.03643887100372339 0
-0.05771627566012703 -0.0059279713909707 0
-0.0185763774902466 0.04269189120254948 0
0.01268291479894406 -0.04459364372784162 0
0.001826292023402554 -0.04496236324916421 0
-0.02876457073731545 -0.03173681315127684 0
-0.03168086417373704 0.02878189603475399 0
-0.04001793631161539 0.01429086707064596 0
-0.002088550986600013 0.04245608774856065 0
0.0180854403435547 -0.03876261528290031 0
0.01421765207397274 0.0399467564919076 0
0.04257651377431314 0.002196897269805419 0
-0.034358419255303 -0.02588537365933343 0
-0.04194577963671892 0.006235900503862659 0
0.006504783645429186 0.04285936118917902 0
0.04149529040892606 0.01022077919905636 0
-0.0371441036168966 0.02241505092988755 0
-0.04160613556435919 -0.01059157632790907 0
-0.0183409279875719 -0.03826690626873753 0
0.03171334517010807 0.02884710367494351 0
0.02196680528513091 0.03714232853592803 0
0.03408458457886709 -0.04487865279109769 0
-0.02694784105908057 0.05087561511432 0
0.03680589252794694 0.02191900642623565 0
0.05216541723909826 0.02209950050117437 0
0.05478337845364074 0.01582062870205224 0
-0.02086772883347288 -0.05269246124695538 0
0.03860681204770547 0.01819797445199152 0
-0.03353213950913341 -0.04657062904736356 0
-0.03914934234345546 -0.01840269295714936 0
0.04136154784747526 -0.01051865928231786 0
-0.03596296241628189 0.04465085602883666 0
-0.04046919838515659 0.04371708374141878 0
0.0220092219557568 -0.03683087257261512 0
0.04542609604179158 0.009045039005311442 0
0.008996477673097775 -0.04574700991240899 0
0.03537039658840709 0.03051822859861469 0
0.03634368697745469 -0.03225297564594324 0
-0.03108474832927369 0.03527887343472486 0
-0.04711447666647439 -0.006614254985729504 0
0.04074093360643726 -0.02298644340718571 0
-0.02240500980250086 0.04086049894706231 0
-0.02493566130859194 -0.03924775484835825 0
-0.0355512983860026 0.02981898817325812 0
-0.04456933700993916 -0.0132204666494518 0
-0.03451082731077224 -0.03163964898425828 0
-0.01840293532384631 0.03868511033645064 0
0.02862570670433875 -0.03170185220219975 0
-0.01221000349709247 -0.04619872049686992 0
0.003653644516845117 -0.05534538490547999 0
0.006703234621317198 -0.05773223103022673 0
0.0465834978459724 0.03166048925021279 0
0.009278512803973613 0.05484853179863881 0
0.01310224599068313 0.05594363434664288 0
-0.03990562474996263 -0.04052674395408005 0
-0.007241627082438253 -0.05600517916157249 0
-0.0037058418070226 -0.05753512462188812 0
0.05633763626324628 0.005051814815085136 0
-0.00695662355028886 0.04632715816296242 0
0.0227057872205376 0.0520131567615638 0
0.02666772272305339 0.05267247654613225 0
-0.01084747144844754 -0.04204728842221279 0
-0.03213095622036601 0.04589464576014397 0
-0.05045496296479385 -0.02251023128680319 0
-0.0461252758109269 0.03016839618736881 0
-0.02390404769263748 -0.05026143634260261 0
-0.02780640686641036 -0.05101780299952661 0
0.05101977874232408 -0.02654159288378831 0
0.05087650532112022 -0.03109084836787191 0
-0.04500072996530758 -0.03138296693742423 0
0.03018615220427779 -0.04558502315066797 0
-0.001259570325380988 0.0550556077905142 0
0.01601181797133466 0.05300888904006237 0
0.01726197920032753 0.0571775408043527 0
0.0486742281306701 0.02457695563107949 0
-0.05671112942375589 0.001137910734922911 0
-0.05913638772790492 0.004268769733312656 0
-0.01564460921643526 0.0544035947284047 0
0.0556267835987181 0.001168662032269268 0
0.05411957239342663 -0.006719765948850809 0
0.05802313368315998 -0.005365117618522475 0
-0.0535405816116562 0.0176556345090966 0
-0.05681329214426389 0.01565237266318361 0
-0.05488520048269221 0.009264971675831546 0
0.05334961046549633 -0.01469644134363592 0
0.05670601215765234 -0.01260140159713875 0
-0.05204763291105707 0.02154775791908235 0
0.02188817062523636 -0.05226466964199464 0
-0.000176806821497678 -0.05664966799214177 0
-0.02550465744480561 -0.03438904967486935 0
0.01811805365688483 -0.0536362539577703 0
0.0277063293770827 0.04198009177769687 0
0.01016722973284235 -0.04175027121210646 0
0.03719620940264911 0.04266223445516592 0
0.03441039224288906 0.04500764496372893 0
-0.05682336007608922 -0.01718547475829048 0
-0.03167444337558879 -0.03436472714260692 0
-0.05100220552073648 -0.02605865110211454 0
-0.04130471745885241 0.0211773093429954 0
0.01759201440026604 -0.04228594261298321 0
0.02365019865155077 0.04105683761362511 0
0.05599433050994519 -0.02145523516906108 0
0.005862428562374942 0.05755803078789413 0
0.03437612420022462 -0.02594069155071715 0
-0.03063666528223895 0.04986218905765835 0
0.04575127837133081 0.004464828401885443 0
0.05179185444423381 -0.0226357892885338 0
0.0465981793672626 -0.03194156533357682 0
0.02500011422081751 -0.05476648748184269 0
0.03510170452756112 0.04902583235919081 0
0.04425671732610324 0.01551169013662082 0
0.04113674169668408 0.04391238350648367 0
0.01736550801673533 -0.05763280064592842 0
-0.01432235399429032 0.04396601630517794 0
-0.05950016665244112 -0.009841619050425611 0
0.03816758595645316 -0.04657681089104433 0
-0.04662424854790356 -0.03841813185198889 0
0.04677954614544401 0.03829813707819817 0
-0.01357589499528136 -0.05866192850065061 0
0.03200138826061785 -0.05136250579524895 0
0.05133187578459057 0.0319202116243862 0
0.05505914815771522 0.0249469754884959 0
-0.04265824832614626 -0.00187709159595681 0
0.01050908376230572 -0.05627684965508518 0
-0.0103612223668033 0.04136431828181675 0
0.04662838396131597 -0.0383474714536462 0
0.04411822385132105 -0.04132122586137487 0
-0.05133187579869636 -0.03192021162340469 0
0.06065579355667622 -0.00247394083444244 0
0.002360571318990038 0.06011370364023574 0
-0.05476571648160415 0.02486457735997778 0
-0.05325152740592827 0.02850264964298684 0
-0.006024147688936915 0.06024187325480464 0
-0.04683093970594697 0.03827957082090505 0
0.0600848877492815 0.006256583128013908 0
0.01712955504452058 0.04265480909539835 0
0.04956555687359909 0.02822458278106019 0
-0.006050288731750451 -0.04216057778650412 0
-0.01806184493872649 0.05750690615714796 0
-0.0211233012324513 -0.05652831006717389 0
0.003787852622071236 0.04605453648346476 0
0.03792585498901911 -0.04254594219186024 0
-0.01528041689044107 -0.04380595091542083 0
-0.04062384122146459 0.03933606781133605 0
0.0142922838665481 -0.05494751753355345 0
-0.001732649840363356 -0.04654386237137196 0
0.04035108493559786 0.03996983116741018 0
-0.04927804555609432 0.03527254696794567 0
-0.01150811656734873 0.05567791936840739 0
-0.04247400455802256 0.01710322899616947 0
0.0255619587859189 -0.05080112838681694 0
-0.05678310481049309 -0.02137164732676646 0
-0.04093915070271368 -0.04421686070798807 0
0.03818407943143512 -0.01840670785183338 0
-0.03664939389146686 -0.04326621532188211 0
0.03003460546619214 0.03929244399570245 0
-0.05635131379608928 -0.002587422214835431 0
-0.04020602777592847 -0.02241530268705128 0
0.02861261364553069 -0.03548529354678747 0
0.009588148387384154 -0.05996671107552832 0
0.05790374250568115 0.01769843200804438 0
-0.04467130930473311 -0.009066961118434811 0
0.04325668903520136 0.03742010579623088 0
-0.04274561782166959 -0.0377751882734969 0
-0.05933430350937955 0.01328385590223026 0
-0.03556090344466669 -0.04969290555448458 0
-0.009986866352231279 0.05949770362441529 0
-0.04354116774348536 0.01301515774290299 0
-0.05525150969566177 -0.01307240042048842 0
-0.02319770728128979 0.05217718658572246 0
0.02469383688506662 0.05542564724264592 0
-0.04583135939225184 0.0010427928277603 0
0.02906242487172276 -0.04936259665644194 0
-0.03860312640863874 0.04712338050911081 0
0.02070921082367067 -0.04117672802989169 0
-0.05373305139498717 -0.02872091434875718 0
0.03861814245437438 0.02481952791972497 0
-0.001752154757228427 -0.06048742952676346 0
-0.01100848735561333 -0.05617966469300058 0
-0.03208794443265378 0.03208794442695372 0
0.01027535754449497 0.04480572839318889 0
0.01384660682486785 0.05938485809411273 0
-0.02502178749855298 0.03413966445552381 0
-0.04562779115110022 -0.03484359145778729 0
-0.006145130474569282 -0.06021142577881768 0
0.04559557113090812 0.0002392763452762188 0
-0.0005062596546812636 0.0453977560237483 0
-0.003686748318912747 0.05738151735453183 0
-0.04439632723517172 0.008751556363371098 0
0.05383790865107469 -0.02871559422041946 0
-0.04953562751574143 0.02915089890576865 0
0.03789707297189532 -0.02528575977102631 0
0.03096714120437641 0.0434751116135319 0
0.03166310103299172 0.04736843614364371 0
-0.03759727106387549 -0.02514539032844688 0
0.06029065341571724 0.009954027187890747 0
0.00599225732265957 0.06084040979003317 0
-0.02996847164279351 -0.04820847927927024 0
-0.0375148246261089 0.02636084157068447 0
-0.06076009140488538 0.001331808152618334 0
-0.02193676198747589 0.05633966645162199 0
0.01927245829789008 0.05372668695876651 0
-0.02917048610159938 0.05358150691790586 0
0.04333368102710237 -0.01446811186039287 0
0.04178601194177533 0.01751420253917112 0
-0.04263665926634172 -0.01660432273710079 0
-0.01843043102724368 -0.04166027858825824 0
0.04553331308300256 -0.03523172191054041 0
0.02525444377231207 -0.03740233079804704 0
0.0290507718137163 0.04984802432741656 0
-0.04525805681264595 0.004865400207673693 0
-0.06104446378344896 -0.006012354923680361 0
0.05186739004229735 0.02542415251952671 0
0.006012614941828909 -0.06104710384385033 0
-0.01805838103867759 -0.05446525800954769 0
0.002051031142356304 -0.04174969793946352 0
0.04093973853051577 -0.04078772792604799 0
0.0456962297356628 0.03525098582941008 0
-0.05662621881530357 0.01216954033351194 0
-0.04362426820433064 0.03789560698858043 0
0.03199112170675547 -0.0481754348503577 0
0.04561496921159514 -0.003334620575366628 0
0.0563803451016796 -0.009035510224186055 0
-0.004244537274430677 0.04472352753007042 0
-0.04810216266697987 -0.03220841109380346 0
0.061189128067861 -0.006026603072347037 0
-0.05785582335055422 0.007088686211645125 0
0.05435141209608071 0.01893160258545302 0
-0.02114964473033856 -0.03958999069894675 0
-0.004118947394298139 -0.04489658145804987 0
-0.02467422913431164 0.03791151443698295 0
0.05760427823780516 -0.001291499759832602 0
-0.03447887958465146 -0.02875366485132299 0
0.05988432621235066 -0.01392341313768903 0
0.04383215345317086 0.01239386032337633 0
-0.05803737697812811 0.01871607778158752 0
-0.0001213675448069301 0.05790598462608175 0
0.04111635535171736 -0.00615563650060885 0
0.02026841852224938 0.04082303517607087 0
0.03435388273281741 -0.02993707836270279 0
0.04448002306076305 -0.0112428560132049 0
-0.0316716636386515 -0.03162644000640557 0
-0.02902671248314174 -0.05412055836378943 0
0.01296934316838632 0.04275419474516969 0
-0.03256716574415064 0.05237226263676308 0
0.02974327715782205 0.05326877468935143 0
0.03933964043015976 -0.02064824250044214 0
-0.06083352924871866 0.006691414286050136 0
0.01565507519211167 -0.04424904992971609 0
-0.04831944031059685 0.03244522890304197 0
2 8 0 514
885
886
887
888
889
890
891
892
893
894
895
896
897
898
899
900
901
902
903
904
905
906
907
908
909
910
911
912
913
914
915
916
917
918
919
920
921
922
923
924
925
926
927
928
929
930
931
932
933
934
935
936
937
938
939
940
941
942
943
944
945
946
947
948
949
950
951
952
953
954
955
956
957
958
959
960
961
962
963
964
965
966
967
968
969
970
971
972
973
974
975
976
977
978
979
980
981
982
983
984
985
986
987
988
989
990
991
992
993
994
995
996
997
998
999
1000
1001
1002
1003
1004
1005
1006
1007
1008
1009
1010
1011
1012
1013
1014
1015
1016
1017
1018
1019
1020
1021
1022
1023
1024
1025
1026
1027
1028
1029
1030
1031
1032
1033
1034
1035
1036
1037
1038
1039
1040
1041
1042
1043
1044
1045
1046
1047
1048
1049
1050
1051
1052
1053
1054
1055
1056
1057
1058
1059
1060
1061
1062
1063
1064
1065
1066
1067
1068
1069
1070
1071
1072
1073
1074
1075
1076
1077
1078
1079
1080
1081
1082
1083
1084
1085
1086
1087
1088
1089
1090
1091
1092
1093
1094
1095
1096
1097
1098
1099
1100
1101
1102
1103
1104
1105
1106
1107
1108
1109
1110
1111
1112
1113
1114
1115
1116
1117
1118
1119
1120
1121
1122
1123
1124
1125
1126
1127
1128
1129
1130
1131
1132
1133
1134
1135
1136
1137
1138
1139
1140
1141
1142
1143
1144
1145
1146
1147
1148
1149
1150
1151
1152
1153
1154
1155
1156
1157
1158
1159
1160
1161
1162
1163
1164
1165
1166
1167
1168
1169
1170
1171
1172
1173
1174
1175
1176
1177
1178
1179
1180
1181
1182
1183
1184
1185
1186
1187
1188
1189
1190
1191
1192
1193
1194
1195
1196
1197
1198
1199
1200
1201
1202
1203
1204
1205
1206
1207
1208
1209
1210
1211
1212
1213
1214
1215
1216
1217
1218
1219
1220
1221
1222
1223
1224
1225
1226
1227
1228
1229
1230
1231
1232
1233
1234
1235
1236
1237
1238
1239
1240
1241
1242
1243
1244
1245
1246
1247
1248
1249
1250
1251
1252
1253
1254
1255
1256
1257
1258
1259
1260
1261
1262
1263
1264
1265
1266
1267
1268
1269
1270
1271
1272
1273
1274
1275
1276
1277
1278
1279
1280
1281
1282
1283
1284
1285
1286
1287
1288
1289
1290
1291
1292
1293
1294
1295
1296
1297
1298
1299
1300
1301
1302
1303
1304
1305
1306
1307
1308
1309
1310
1311
1312
1313
1314
1315
1316
1317
1318
1319
1320
1321
1322
1323
1324
1325
1326
1327
1328
1329
1330
1331
1332
1333
1334
1335
1336
1337
1338
1339
1340
1341
1342
1343
1344
1345
1346
1347
1348
1349
1350
1351
1352
1353
1354
1355
1356
1357
1358
1359
1360
1361
1362
1363
1364
1365
1366
1367
1368
1369
1370
1371
1372
1373
1374
1375
1376
1377
1378
1379
1380
1381
1382
1383
1384
1385
1386
1387
1388
1389
1390
1391
1392
1393
1394
1395
1396
1397
1398
0.006674525979792606 -0.003936863901307609 0
0.006128003577361026 0.004495708830396973 0
-0.004109818494480916 -0.006384075999506906 0
-0.007515903910073049 -0.001456300050159536 0
-0.001608343833329978 0.007421051203180569 0
-0.006383266854113928 0.004445409018914349 0
0.001397992931162927 -0.007564631344952551 0
0.03604886955105304 -0.001763253731135169 0
0.01553373316821174 0.03256202342867393 0
-0.0357239922394266 0.005299153634801866 0
0.0215136096818697 -0.02900774463633205 0
-0.02174729728118995 0.02846103958585475 0
-0.005343221808351516 -0.0359143457431554 0
-0.029604399269096 -0.02150348764050919 0
0.00215482088632731 0.03618563890604512 0
0.0340116170921726 0.01224521919421041 0
0.03264746600795349 -0.01544110143906333 0
0.02647526352061993 0.02446573270873731 0
-0.01904096739351491 -0.03091956160034911 0
-0.03471134217414423 -0.00911908517489615 0
-0.0314564287613256 0.01821600456057373 0
0.008738474989388293 -0.03544383877067455 0
-0.008442635150264102 0.03483575372320474 0
-0.01207429902848158 -0.03426842952508122 0
-0.03263573537163243 -0.0155451758594563 0
0.01571607165682411 -0.03276992668941307 0
-0.03423730490961414 0.01214301950341297 0
0.02900774465136064 -0.0215136096434606 0
0.03046030397374366 0.01813077060442609 0
0.008267932357845082 0.03543324782132637 0
0.03574467722192444 0.00491361878274708 0
-0.02391777281022756 -0.02657049720964184 0
-0.02655073999299806 0.02452171015085258 0
-0.03607137932645094 -0.001772073238681418 0
0.001849771287990517 -0.03619912401718298 0
0.0351127316207381 -0.009163864072739539 0
0.02158878349778574 0.02914083353350385 0
-0.01546062666490896 0.03260691511060222 0
0.007555874034719447 -0.001818995360878822 0
0.008888162875783647 -0.003672608124851128 0
0.008084736480688692 -0.005981203120901052 0
0.01000230565204112 -0.001526840154006619 0
0.0113010080805629 -0.003562404702231866 0
0.01247957010095384 -0.001317929583988406 0
0.01384884634472829 -0.003575197929234554 0
0.01514433591188971 -0.001145332242571701 0
0.01661576323341413 -0.003434602488534277 0
0.01523157268223919 -0.005958713899638151 0
0.0178638294146751 -0.0009230593140835127 0
0.01634918008251972 0.001412451516538667 0
0.01918850883490104 0.001626467413793262 0
0.0175862363991638 0.004068720837507941 0
0.0181499718766334 -0.005753626371262003 0
0.01674570650489817 -0.008390923461356115 0
0.02048396190859358 0.004287148242472312 0
0.01888550591150295 0.006729281590401542 0
0.01977614705019468 -0.008211181926870816 0
0.01832857603310618 -0.01092759914746217 0
0.01529223187406199 -0.01099582172502878 0
0.01685374353355602 -0.01359592620916872 0
0.01376606583542913 -0.01365267037083403 0
0.01537257044380657 -0.01628772439988942 0
0.0122304000949101 -0.01633688200179804 0
0.0222447015666876 0.001628052984490921 0
0.01591979675641663 0.006530346238180156 0
0.01721769086111036 0.00919451287733598 0
0.01428798426128129 0.008998390481409905 0
0.01554709223716965 0.01166102314209692 0
0.01260534808136729 0.01146117093134266 0
0.01385998618913268 0.01413617572641007 0
0.01081314645246177 0.01391432928744061 0
0.0121547442601415 0.01660219068038719 0
0.009063853876733219 0.01640287082715145 0
0.01053324167086927 0.01909398169594066 0
0.007371277646986611 0.01892132576415118 0
0.01809248167470248 0.01148051248310701 0
0.005980140531340006 0.01617563282099893 0
0.004267824061394785 0.01866088424161439 0
0.005613491650577927 0.02147059980066741 0
0.002515497614864617 0.02116853098336245 0
0.001212012127938724 0.01837571183949455 0
-0.0005517021787438032 0.02085754186374414 0
-0.001825321591694369 0.01807537917136823 0
-0.003586709776185964 0.02053210388730593 0
-0.00486016943533382 0.01776503566566213 0
-0.006632273993567568 0.02022836345672177 0
-0.007914975320270533 0.01741160152898377 0
-0.009699755629489779 0.01993436199940073 0
-0.01099726615381493 0.01706560391390746 0
-0.002422037102909946 0.02337593308039324 0
0.01521526625638915 0.0168752032006918 0
0.01386109499505171 -0.0190352803970793 0
0.01071894910847591 -0.01904808029583941 0
0.009116222874538747 -0.01637838057833674 0
0.007616937292671538 -0.01904550367164059 0
-0.0128167967009186 0.01963929568783011 0
-0.01409215187444102 0.01675714599405993 0
-0.01227493871850204 0.01421557191022598 0
-0.01531873671433828 0.01389210873857179 0
-0.01350356032675841 0.01144100355467004 0
-0.01652130057396874 0.01108884081978227 0
-0.01470466394125662 0.008701198369450155 0
-0.0177029336670036 0.008321968874995275 0
-0.01591776801935195 0.005941797665115494 0
-0.01890471683062807 0.005566520769444744 0
-0.01713133269254406 0.003138629301403527 0
-0.02008926720298676 0.002804822034654329 0
-0.01833037197677205 0.0004013983349198925 0
-0.02131493823705367 3.766567463076707e-05 0
-0.01950763180307342 -0.002446084456310725 0
-0.01961201856858787 0.01065004704005586 0
-0.02259777091617839 -0.002773622442953143 0
-0.0207344146969043 -0.005257060729847373 0
-0.01767168617478285 -0.004925001400794626 0
-0.01887211197710873 -0.007713805547267383 0
-0.01587026808698417 -0.007336541989840796 0
-0.01702198994679385 -0.01011282458800647 0
-0.01406493469313796 -0.009742524513389087 0
-0.01520755252321383 -0.01251209869390715 0
-0.01226926690159643 -0.01214449397177116 0
-0.0134108709044099 -0.01491934310222519 0
-0.01040196138949873 -0.01468427777733244 0
-0.01158539133276303 -0.01740192809728409 0
-0.008479358240687979 -0.01716019144386815 0
-0.009714411279862162 -0.01992302852755032 0
-0.006550417019957893 -0.01953107315120273 0
-0.01650981738092852 -0.01522671287470947 0
-0.005422662162221059 -0.01684275756915767 0
-0.01998676327572308 -0.01065648111508992 0
-0.02211408488420599 0.005320038204845677 0
0.006114483093101118 -0.0163752080929154 0
0.02159361103496597 0.006841504600247201 0
0.009153908531656357 -0.02177818705702006 0
0.005977010646768885 -0.02175486143656184 0
-0.007804488314042011 -0.02247711049570975 0
-0.01287353662833595 -0.02026460749149641 0
-0.01723722606082994 0.01640017993714259 0
-0.02425641827208021 -0.0001800090791796793 0
0.01704943562547481 -0.0189829274928465 0
0.02141558191584937 -0.01086777248740508 0
0.02289357268939075 -0.008029208424594536 0
-0.008420855361030759 0.02278510516715922 0
0.003809552681319415 0.02406333732807384 0
-0.02372531860317226 -0.005656852513329359 0
-0.01079997011791838 0.01184893207169591 0
0.007023093417615815 0.02436282194167647 0
-0.004569565745866237 -0.0220634131589711 0
-0.01421703935546 0.003695116013966032 0
5.023495966398942e-05 0.01569490088680161 0
0.01551923552888642 -0.02180597843836107 0
-0.005846759658737788 -0.02510765354971892 0
-0.002547277327850482 -0.02468806454611435 0
0.007544284673437286 -0.02458823697254355 0
0.009383996474176565 0.01076633516147914 0
-0.01470419593143594 -0.004665966011641006 0
-0.01129722041691038 -0.009364825562785719 0
0.007407540518506035 -0.01387670047591435 0
0.004639626688466413 -0.01381754117586252 0
0.003212886564018626 -0.01634906088002942 0
0.002172436278267079 -0.0139748399926796 0
0.01108114106678273 0.0008263602778940066 0
-0.009155977161483718 -0.0254985368747189 0
0.02460634022061708 -0.01078016708258463 0
0.02306143185249281 -0.01351166343629029 0
0.02610316695769808 -0.00790464933764707 0
0.005159666859538947 0.02705114021884185 0
0.01879785705344571 -0.02176709237908157 0
0.008481710792613169 0.0273352804734004 0
-0.003840872784974581 -0.02780855172952029 0
-0.0005235889517714644 -0.02742812744333849 0
-0.005977929650434183 0.01514328724374245 0
0.01236011630792358 -0.01112950239571677 0
0.01313971433439384 0.006360090205956929 0
0.02434572773342206 -0.005128234601470686 0
0.02759386058993598 -0.004976577675908367 0
-0.0008447938673188376 -0.02131965020305755 0
0.006062223991920003 -0.01135665202239476 0
0.004561629703020704 0.006261959971169173 0
-0.005974203913530166 -0.005481223342257737 0
-0.00630403135286974 -0.007544607586667394 0
-0.004142819428884505 -0.008806176730320059 0
-0.006575782829182957 -0.0100997183426944 0
0.000733705048811594 0.007802675771926713 0
-0.000791297396173118 0.009641536121523081 0
-0.003269364209123242 0.009130819739420213 0
0.001595646067460147 0.01026074154501689 0
-0.00812031862615179 0.0003802106836756875 0
-0.009750699027198941 -0.000833850069386302 0
0.006759207241461012 0.006759207241461011 0
-0.004358211454972947 -0.01135787988151618 0
0.0005621896921241911 -0.01637648738154252 0
0.0103822713147354 0.02459517987994577 0
0.001851993947721242 0.02672558470420144 0
0.003927568922807057 -0.006687440134300841 0
-0.009262892149557155 -0.003155283155196637 0
0.01079965162552028 -0.02462775773345176 0
0.009179626452431224 -0.02752711169056277 0
0.02789510532889963 -0.01069258561945468 0
-0.002305504574894626 0.01139712676648827 0
0.005940701902870685 -0.02740815637927931 0
0.01721531877484376 -0.0244434204059643 0
-0.001806542771246451 -0.03046768988474 0
-0.002067177882293038 -0.01009684955296124 0
0.005272271946357231 0.008656088267053812 0
0.02027618580961498 -0.01889673535035293 0
0.02217350564828641 -0.02169079544415729 0
0.003235750614558857 0.02982363561218809 0
-0.0001647979408772469 0.02951063542588753 0
0.02368430262955899 -0.01873484152434144 0
0.008856958238497484 0.004815823188862009 0
0.01183500384055374 0.02759335921114883 0
0.01382705413452892 0.02478280848677214 0
0.02590092818943008 -0.002240367721343505 0
0.02914875916177956 -0.002008784388460911 0
0.02741042168278193 0.0007639237954691384 0
0.03070633273036969 0.001013428345319835 0
0.028821286604673 0.003860639232213203 0
-0.004886746971427391 0.01093300711232916 0
-0.005718532450060727 0.008589367872712302 0
0.01284236004056277 -0.02764378149069065 0
-0.01004473614030894 0.001743130486110325 0
-0.01205299417247091 -0.0001687062416638669 0
0.03082719627662184 -0.004749836679773663 0
0.001519636587591675 -0.03019707077458624 0
-0.002345223540180109 -0.01290410432324356 0
0.007511270916143832 0.002408541647891627 0
-0.006401386553886546 -0.01243740253552676 0
0.01554715016477681 0.02852226676360876 0
0.01725666150166253 0.02506718689824357 0
0.01547228973003824 0.0220172199333621 0
0.01843578782532781 0.02167560417205919 0
0.003701191873482817 -0.009003988431026014 0
0.00158921151294408 -0.01003029562844446 0
0.02258817997988619 -0.002093936783702574 0
-0.005374320651509149 -0.03083984915902573 0
-0.00822138120844129 -0.005736232258568025 0
0.001746675867496291 -0.01885433579008522 0
0.01088314555653201 -0.03053823212890523 0
0.009096701173539109 0.007628108596240835 0
0.01004275810201184 0.0303737751277579 0
0.006338614875482216 -0.008095251335342921 0
0.008310234467313504 -0.009692089790542773 0
-0.0072952719107461 0.01040052696598056 0
-0.007926612820398754 0.007905116598395857 0
0.02536314880031935 0.003581752525417097 0
0.02702542626455315 0.006738268313128883 0
0.03021381329362821 0.00688441839115435 0
0.0283308497536368 0.009768556465540708 0
0.02527999694937936 0.009565760502253657 0
0.02644270429315217 0.0126106022954155 0
0.02340610970564413 0.01245331729171441 0
0.02451729886824074 0.01542640485794237 0
0.02116946254507877 0.01518551463168937 0
0.0226678667181797 0.01817282318863047 0
0.02592704489061329 0.01850994199042378 0
0.01902025637577796 0.01794476101166931 0
0.030222155439956 0.01304302363914222 0
0.02450174245892055 0.02124714308762705 0
-0.009016996286515686 0.0143656952161768 0
-0.01305876167359719 -0.007085652403996911 0
0.01040280523478662 -0.01348670933808669 0
-0.01641636276108603 -0.002221771127912194 0
-0.01488141655765873 0.0006650247766689501 0
-0.002883442000200125 0.0155270705168532 0
-0.01193086136434472 0.009074907227882885 0
-0.01308460738862641 0.006288586233460984 0
0.002941948812326931 0.01592189999709235 0
0.004666206847048111 0.01350337273079441 0
0.001853268950816711 0.01301779991108242 0
0.007781105614583597 0.01362090036266977 0
0.01473855949173907 0.003852864249849372 0
0.01178000592036326 0.003751537025296221 0
-0.01185205644564975 -0.004308098130688102 0
-0.004251448992155588 0.006362743061338442 0
0.02074003312661848 0.02510422187443909 0
-0.001492910353398136 -0.007505367177841994 0
0.01379719678358522 -0.008528210101079896 0
0.006657263906110782 0.01099989891141705 0
-0.00345426205804264 -0.01910858094852438 0
0.0109059370224912 -0.008548291504970324 0
-0.01150857473930056 0.00402940082145376 0
0.01253546448301394 -0.005920585171742057 0
0.000849442233096555 -0.02435577697935659 0
-0.008951465462701766 -0.01175005600159805 0
0.021180134327842 -0.005414664893663075 0
0.03225564247946588 0.004097112265732946 0
0.01206667265031903 0.02189112415316924 0
-0.0159879499065522 0.01934552690517824 0
-0.0146549385377098 0.02231373165227368 0
-0.01923574492146732 0.01899617884425038 0
-0.02049916439566621 0.01594631889257601 0
-0.02255753487968908 0.01859395086093293 0
-0.02388062294285243 0.0154843758383671 0
-0.02125895735909767 0.0217030924006228 0
-0.02583464116375626 0.01811334233087147 0
-0.02714030339146565 0.01489833440545883 0
-0.02516000244892294 0.01226330614625099 0
-0.02847985594239094 0.01168069448478751 0
-0.02652653395092038 0.009014107045333453 0
-0.02980055771936065 0.008448771832178802 0
-0.02783979158035946 0.005776102828909892 0
-0.03139866231538706 0.005343767763544124 0
-0.02919890793267819 0.002450729093774333 0
-0.03258490940347308 0.002086110441975136 0
-0.03049625232668176 -0.0006920746008780424 0
-0.02303116546958237 0.009415275444074077 0
-0.03072160135991529 0.01445992718792945 0
-0.0256449945167015 0.003013934679986967 0
-0.0332660196541214 0.008291061197628954 0
0.008831674725184008 0.02172250553925845 0
-0.01019676238372179 0.006454234138120381 0
-0.008941970345670791 0.004050480656218998 0
0.004284918095025342 -0.02452596532015954 0
-0.01794137927845692 0.02205051227997712 0
-0.01654805544638172 0.02510593167164669 0
-0.01313149120347413 0.02544736850333679 0
-0.01528736087681773 0.02883627748038939 0
-0.01121570629256299 0.02860339806144249 0
0.01991376702427585 -0.01353028026886651 0
0.01359546542904139 0.00122999187383636 0
0.007699934591036663 -0.03021187122283792 0
0.0293501730268289 -0.007732968755123658 0
0.03141917853696582 -0.01029089108956462 0
0.001250987141783822 0.03264398764326269 0
-0.002358658107991711 0.03250106718576029 0
-0.003684977017132738 0.02908077700266338 0
0.004978177681733121 0.03326481193743769 0
-0.00588625564770581 0.03198132224264326 0
-0.007397232047922199 0.02828922413741989 0
-0.004586320424939989 0.02583457847691345 0
-0.004949222127784423 0.03567016036036083 0
-0.009679284237930054 0.03141196277338902 0
-0.009331779933724667 0.02605594860872768 0
-0.007356019631688098 -0.02830049386724676 0
-0.010658402206732 -0.02861729991191315 0
-0.01262072154703123 -0.02583864069982163 0
-0.01396805413075102 -0.02892295152066966 0
-0.01596665312144065 -0.0261228605660194 0
-0.0145716504391797 -0.02312003025450116 0
-0.01807933532963632 -0.02338272433911909 0
-0.01959625937119319 -0.02687023994217145 0
-0.01661957022909313 -0.02027751434183231 0
-0.02010033494513691 -0.02053788330096562 0
-0.02165393935789401 -0.02367711059027444 0
-0.02356270532169365 -0.02071495822066934 0
-0.0220194766240219 -0.01763075765374052 0
-0.02535846130346368 -0.01771271807733054 0
-0.02394201514330332 -0.01471766542572868 0
-0.02722516426900727 -0.01476124418710448 0
-0.02575473176692618 -0.01173290570584717 0
-0.02917064034198931 -0.01185511722514936 0
-0.02772334054837707 -0.008807904731346119 0
-0.02041633181818591 -0.01451332813975104 0
-0.03099847761632266 -0.008942636049082884 0
-0.0299555991434831 -0.00614327261053854 0
-0.02901491836880932 -0.01765309029266042 0
0.01234277067845113 -0.02181532296702957 0
0.03405594187186767 0.001377082987638056 0
0.0006364107694064818 0.02377694594480678 0
-0.0217981580793783 -0.008356017940971662 0
0.006559273447551571 0.03006168513847603 0
-0.00471070491660081 -0.01413603828280843 0
-0.01112346422832246 -0.02285365905729969 0
0.02787516395464264 0.01562888907572421 0
0.02843353103455697 0.02120604332814366 0
-0.01849813529053329 0.01349880232075777 0
-0.00139206483317649 0.02640883918293134 0
0.02098073892773591 -0.02521728995570339 0
0.02404740293026989 -0.02437773755246792 0
0.002855227843382906 -0.0217727187795113 0
0.01765765893352714 0.01429760236256881 0
0.003565099718677927 -0.0113310749772592 0
-0.02460463904106813 0.02140183217903249 0
-0.0283044585344591 0.02097083744261497 0
0.01841867126323329 -0.01620539820431881 0
-0.01863508169383692 -0.01759722778355283 0
0.01983992664170266 0.009381427579625366 0
0.0263284302545754 -0.01351802615518236 0
0.02968711045182227 -0.01356510723100255 0
0.02815544329844209 -0.01638648176046362 0
0.004675592524167407 -0.01895070118464684 0
-0.02180036542980872 0.01301531849641812 0
-0.02557413582421587 -0.00305801530790763 0
-0.01458348479029194 -0.01768917787141739 0
0.0115338782685326 0.00864384481590361 0
0.03240006940167688 -0.001731345034811854 0
-0.03607368111348437 0.001456140424666048 0
-0.01134260289439129 0.02269596860312136 0
0.03068102207580558 -0.01881971051268294 0
-0.01211852398495066 0.03383956578580678 0
-0.02330766179439138 0.0244964549952345 0
-0.01346729863335789 -0.002282332363794459 0
-0.01986990971172702 0.024942062168691 0
0.02546633617896564 -0.02161538750535027 0
0.01209841091312507 -0.03373382294869431 0
-0.0153781931050981 -0.0321980169049006 0
-0.03470316508331706 -0.01255050924169308 0
0.005369259388806013 -0.03600409147104514 0
0.003409543904066819 -0.03311840642842367 0
-0.03586445684030942 -0.005409973116852275 0
-0.03272358956782843 -0.003548104715639862 0
0.03280486078959957 0.0154826164447302 0
0.02422351060919341 0.0269141959260424 0
-0.008860532104481513 -0.03537322705288626 0
-0.009034628827002756 -0.03167745599945374 0
0.01876988905726056 -0.03097099970446853 0
0.01589832571751448 -0.02930739552349411 0
-0.02710614788670483 -0.02424909380928097 0
-0.001789305208471262 -0.03642214448331602 0
0.03537322705243177 0.008860532125129151 0
-0.01868745675736441 0.0311435816397224 0
0.03587106527573299 -0.00570710183535206 0
0.01862711688424372 0.03097937364503203 0
0.01164807400210261 0.03365991856264125 0
0.004037603611860327 0.01088679127485851 0
-0.002370528351085741 -0.01602014961431167 0
-0.008652295956261848 -0.008598566327991724 0
0.03434184268355927 -0.01237568078696752 0
-0.005486076713433688 0.02293740856403066 0
-0.0219167838011229 -0.02955429122095493 0
0.01403999052427788 -0.02448557249712756 0
-0.02027298388400159 0.007854770066683127 0
0.01948736786398819 -0.003050629004314457 0
0.008721665884919367 0.0003839951370897762 0
-0.01782849098896904 -0.01260428908229281 0
-0.01841610711084451 0.02783534207881018 0
-0.00652115678503242 0.006636502002844872 0
-0.02503131408035394 0.006507891640630013 0
0.03189497087190393 0.00961180381913079 0
0.000140557719619694 -0.03319285026898204 0
0.003070263250572471 0.008204926119818061 0
0.002731462299061215 -0.02729502222136133 0
-0.02275815531327123 -0.01187489865731326 0
0.00539698446964897 0.03659532517778603 0
-0.001207978573756721 0.01338903804899273 0
0.01368283872597503 0.0192886417622487 0
-0.02268394062260563 0.002199290302987612 0
0.02732503820625203 -0.02438535266453164 0
0.01856998737365482 0.02789065898330906 0
-0.02727470660034935 -0.0002841708301789214 0
0.02168476633843121 -0.01613834801273478 0
-0.01053796663961949 -0.006884112750237693 0
0.01305510841369774 0.03052295372493445 0
0.02027451753202763 -0.0005626209407632723 0
-0.003509966807391588 -0.03335943886479845 0
-0.02472113765992432 -0.008903647582227607 0
0.01831641477610456 -0.02758733736220506 0
0.009780062864147008 0.00261189868856926 0
-0.0003102355621857658 -0.01136993873306941 0
-0.001295973034524899 0.03597552870641482 0
-0.006616592398358279 0.01270876647489851 0
0.01083843577107634 0.006186186089658291 0
0.01012262724229913 -0.005911955007587147 0
-0.02478782209740378 0.0273491471405739 0
0.02470147604382103 0.0003278849600662154 0
-0.003979699028178553 0.01318304936055072 0
-0.02669617708481853 -0.005968213752036455 0
0.01636528778270164 0.01956028601600622 0
0.007433888148328941 0.008961927635530368 0
-0.0008721437433653473 -0.01833584078750427 0
0.02486721096011352 -0.01613835183256288 0
0.009995470691617226 -0.01089552428464286 0
0.03269894359254286 -0.006983561529168802 0
-0.03299033766443758 -0.006565604966803657 0
0.00463053656432985 -0.03024143277517007 0
-0.007390166794450963 0.002256260240008985 0
-0.00679536807587598 -0.003589357804624806 0
-0.02847753072973856 -0.003239589766869477 0
-0.009497159711350343 0.009727591094122348 0
-0.01127718808564693 -0.002149653992145873 0
0.03309646618387085 0.006873497076778862 0
-0.00725133435548971 -0.01484551412158657 0
-0.01254759584310367 0.002041795464428679 0
-0.03354507183389094 0.0158656373758914 0
-0.03183147963497873 -0.01907905467350926 0
0.006481940101352043 -0.03321806962453199 0
0.02427988059459157 -0.02746974266409598 0
0.02288714921206 0.00462490693100784 0
-0.03130106791708048 0.01100469484118754 0
0.02346506800087038 0.02366875437834835 0
0.005993223865598618 -0.005960092460811054 0
0.03702387348228968 0.00175023322324838 0
-0.0002203883744039337 -0.009258863138002268 0
-0.03340360735168188 -0.0006194438850318819 0
-0.02647726746584915 -0.02074850685526668 0
-0.0001891432284428711 -0.01387761399988404 0
-0.01222271545961309 -0.03113683077240367 0
-0.01306642342708242 0.03103580711790139 0
-0.006718442583339992 -0.03336097439093172 0
-0.02444338614478096 -0.02337852162939113 0
0.02656002300806588 -0.01898998820314274 0
-0.03610966322558951 0.009038551267609156 0
0.009020454511254388 -0.00778663742082646 0
-0.009996739848466614 -0.004991071936697076 0
0.02420137701348597 0.006753974583259737 0
-0.01677780228475658 -0.02888442009187057 0
0.008211839274173235 0.03251385069309022 0
0.02147179241761581 0.02130221795212891 0
-0.008156550884634347 0.005889299493493755 0
-0.0299765474674058 -0.01426126601577149 0
-0.0285462383424442 0.0173723809041435 0
0.01362408100910298 -0.03059458045397545 0
-3.877074995265601e-05 0.01150946476212611 0
0.03356922881952552 -0.00418701976204831 0
0.02250334810026956 0.009632668483236257 0
0.001585907609133418 -0.01196615753245461 0
-0.0319078432555899 -0.01169357171268465 0
-0.008592350849712625 0.01198457224467706 0
0.009180381230286817 -0.0326291669391288 0
-0.007154074476173189 0.02502759470097598 0
0.008112117817089721 -0.01168363428426075 0
0.02056935501683801 0.01242850293908913 0
0.03035281221370421 0.01553997119567322 0
0.01559299194090179 -0.02663652471697633 0
2 9 0 25
1399
1400
1401
1402
1403
1404
1405
1406
1407
1408
1409
1410
1411
1412
1413
1414
1415
1416
1417
1418
1419
1420
1421
1422
1423
0.002207659059305738 -0.003282306377928939 0
-0.002177309721913889 0.002720513554531917 0
-0.003188304737925218 -0.002015820431791996 0
0.003101918114377696 0.002072635420602089 0
-0.0006926299605346603 -0.003795232161485085 0
0.0007278127725266884 0.003658961894197026 0
0.003990230032172294 -0.0008007184979790093 0
-0.003781555239644672 0.000910016014030235 0
-0.002444840174663187 -0.003658961894197024 0
-0.0010644388169174 -0.001606272387391548 0
0.0007819295434843386 -0.002476161914561801 0
0.0009849555993342639 -0.0003840039792596514 0
-0.0006539474449720937 0.0009933279550785623 0
0.001225304056416559 0.001796494193630683 0
-0.002196341439681163 -7.082092780758176e-06 0
0.000858513701068249 -0.004316039833911535 0
-0.003855881534318674 0.002488653495329958 0
-0.004066106097858015 -0.0006667219272934679 0
0.004316039833911534 0.000858513701068249 0
0.003604599520328743 -0.002400191795564859 0
-0.0008439121548829022 0.004112970360036231 0
0.002444840174663187 0.003658961894197027 0
0.002550326806173206 0.0005072915426077143 0
-0.0003444104985651274 0.002656453591494883 0
0.002353283426799764 -0.001472681837114424 0
$EndNodes
$Elements
20 2762 1 3083
0 1 15 1
1 1 
0 2 15 1
2 2 
0 3 15 1
3 3 
0 4 15 1
4 4 
0 5 15 1
5 5 
0 6 15 1
6 6 
0 7 15 1
7 7 
0 8 15 1
8 8 
0 9 15 1
9 9 
0 10 15 1
10 10 
0 11 15 1
11 11 
0 12 15 1
12 12 
0 13 15 1
13 13 
0 14 15 1
14 14 
0 15 15 1
15 15 
0 16 15 1
16 16 
2 6 2 384
338 68 148 319 
339 88 168 292 
340 187 107 314 
341 186 106 318 
342 216 136 293 
343 196 116 315 
344 30 14 311 
345 191 111 316 
346 211 131 323 
347 26 10 291 
348 98 178 307 
349 197 117 283 
350 207 127 274 
351 202 122 276 
352 133 213 296 
353 128 208 274 
354 27 11 303 
355 97 177 287 
356 103 183 302 
357 206 126 320 
358 73 153 312 
359 77 157 284 
360 25 9 299 
361 66 146 275 
362 83 163 297 
363 67 147 317 
364 222 142 313 
365 69 149 369 
366 221 141 298 
367 192 112 285 
368 86 166 277 
369 31 15 305 
370 82 162 278 
371 102 182 286 
372 29 13 308 
373 32 16 282 
374 201 121 294 
375 17 1 275 
376 101 181 279 
377 81 161 280 
378 70 150 368 
379 76 156 288 
380 217 137 300 
381 123 203 276 
382 21 5 277 
383 93 173 281 
384 171 91 310 
385 161 81 278 
386 78 158 301 
387 24 8 279 
388 20 4 280 
389 87 167 321 
390 172 92 281 
391 28 12 289 
392 141 221 282 
393 96 176 290 
394 118 198 283 
395 156 76 284 
396 113 193 285 
397 181 101 286 
398 176 96 287 
399 19 3 288 
400 22 6 304 
401 121 201 289 
402 23 7 290 
403 111 191 291 
404 72 152 295 
405 167 87 292 
406 137 217 293 
407 122 202 294 
408 151 71 295 
409 212 132 296 
410 162 82 297 
411 142 222 298 
412 106 186 299 
413 138 218 300 
414 157 77 301 
415 182 102 302 
416 116 196 303 
417 134 214 365 
418 130 210 306 
419 91 171 304 
420 136 216 305 
421 209 129 306 
422 177 97 307 
423 71 151 309 
424 126 206 308 
425 18 2 309 
426 92 172 310 
427 131 211 311 
428 152 72 312 
429 143 223 313 
430 108 188 314 
431 74 154 354 
432 117 197 315 
433 89 169 347 
434 112 192 316 
435 75 155 349 
436 104 184 363 
437 146 66 317 
438 99 179 339 
439 95 175 333 
440 107 187 318 
441 147 67 319 
442 127 207 320 
443 84 164 361 
444 3 19 328 
445 105 185 358 
446 223 143 332 
447 166 86 321 
448 188 108 364 
449 135 215 348 
450 85 165 362 
451 198 118 340 
452 203 123 324 
453 94 174 345 
454 170 90 322 
455 2 18 360 
456 6 22 322 
457 132 212 323 
458 7 23 329 
459 193 113 326 
460 79 159 327 
461 1 17 334 
462 139 219 325 
463 124 204 324 
464 5 21 341 
465 199 119 336 
466 15 31 330 
467 140 220 351 
468 4 20 337 
469 218 138 325 
470 189 109 331 
471 11 27 338 
472 114 194 326 
473 16 32 350 
474 158 78 327 
475 9 25 342 
476 100 180 355 
477 10 26 359 
478 80 160 344 
479 155 75 328 
480 8 24 343 
481 175 95 329 
482 125 205 335 
483 215 135 330 
484 110 190 331 
485 144 224 332 
486 174 94 333 
487 225 145 334 
488 145 225 346 
489 204 124 335 
490 120 200 336 
491 160 80 337 
492 195 115 338 
493 178 98 339 
494 119 199 340 
495 165 85 341 
496 185 105 342 
497 180 100 343 
498 159 79 344 
499 173 93 345 
500 224 144 346 
501 168 88 347 
502 214 134 348 
503 13 29 357 
504 154 74 349 
505 210 130 352 
506 12 28 353 
507 220 140 350 
508 219 139 351 
509 14 30 352 
510 194 114 356 
511 129 209 366 
512 200 120 353 
513 153 73 354 
514 179 99 355 
515 115 195 356 
516 205 125 357 
517 184 104 358 
518 190 110 359 
519 150 70 360 
520 163 83 361 
521 90 170 367 
522 164 84 362 
523 183 103 363 
524 109 189 364 
525 213 133 365 
526 208 128 366 
527 169 89 367 
528 149 69 368 
529 148 68 369 
530 1 66 275 
531 145 1 334 
532 70 2 360 
533 2 71 309 
534 75 3 328 
535 3 76 288 
536 80 4 337 
537 4 81 280 
538 85 5 341 
539 5 86 277 
540 90 6 322 
541 6 91 304 
542 95 7 329 
543 7 96 290 
544 100 8 343 
545 8 101 279 
546 105 9 342 
547 9 106 299 
548 110 10 359 
549 10 111 291 
550 115 11 338 
551 11 116 303 
552 120 12 353 
553 12 121 289 
554 125 13 357 
555 13 126 308 
556 130 14 352 
557 14 131 311 
558 135 15 330 
559 15 136 305 
560 140 16 350 
561 16 141 282 
562 146 17 275 
563 17 225 334 
564 18 150 360 
565 151 18 309 
566 19 155 328 
567 156 19 288 
568 20 160 337 
569 161 20 280 
570 21 165 341 
571 166 21 277 
572 22 170 322 
573 171 22 304 
574 23 175 329 
575 176 23 290 
576 24 180 343 
577 181 24 279 
578 25 185 342 
579 186 25 299 
580 26 190 359 
581 191 26 291 
582 27 195 338 
583 196 27 303 
584 28 200 353 
585 201 28 289 
586 29 205 357 
587 206 29 308 
588 30 210 352 
589 211 30 311 
590 31 215 330 
591 216 31 305 
592 32 220 350 
593 221 32 282 
594 66 67 317 
595 67 68 319 
596 68 69 369 
597 69 70 368 
598 71 72 295 
599 72 73 312 
600 73 74 354 
601 74 75 349 
602 76 77 284 
603 77 78 301 
604 78 79 327 
605 79 80 344 
606 81 82 278 
607 82 83 297 
608 83 84 361 
609 84 85 362 
610 86 87 321 
611 87 88 292 
612 88 89 347 
613 89 90 367 
614 91 92 310 
615 92 93 281 
616 93 94 345 
617 94 95 333 
618 96 97 287 
619 97 98 307 
620 98 99 339 
621 99 100 355 
622 101 102 286 
623 102 103 302 
624 103 104 363 
625 104 105 358 
626 106 107 318 
627 107 108 314 
628 108 109 364 
629 109 110 331 
630 111 112 316 
631 112 113 285 
632 113 114 326 
633 114 115 356 
634 116 117 315 
635 117 118 283 
636 118 119 340 
637 119 120 336 
638 121 122 294 
639 122 123 276 
640 123 124 324 
641 124 125 335 
642 126 127 320 
643 127 128 274 
644 128 129 366 
645 129 130 306 
646 131 132 323 
647 132 133 296 
648 133 134 365 
649 134 135 348 
650 136 137 293 
651 137 138 300 
652 138 139 325 
653 139 140 351 
654 141 142 298 
655 142 143 313 
656 143 144 332 
657 144 145 346 
658 147 146 317 
659 148 147 319 
660 149 148 369 
661 150 149 368 
662 152 151 295 
663 153 152 312 
664 154 153 354 
665 155 154 349 
666 157 156 284 
667 158 157 301 
668 159 158 327 
669 160 159 344 
670 162 161 278 
671 163 162 297 
672 164 163 361 
673 165 164 362 
674 167 166 321 
675 168 167 292 
676 169 168 347 
677 170 169 367 
678 172 171 310 
679 173 172 281 
680 174 173 345 
681 175 174 333 
682 177 176 287 
683 178 177 307 
684 179 178 339 
685 180 179 355 
686 182 181 286 
687 183 182 302 
688 184 183 363 
689 185 184 358 
690 187 186 318 
691 188 187 314 
692 189 188 364 
693 190 189 331 
694 192 191 316 
695 193 192 285 
696 194 193 326 
697 195 194 356 
698 197 196 315 
699 198 197 283 
700 199 198 340 
701 200 199 336 
702 202 201 294 
703 203 202 276 
704 204 203 324 
705 205 204 335 
706 207 206 320 
707 208 207 274 
708 209 208 366 
709 210 209 306 
710 212 211 323 
711 213 212 296 
712 214 213 365 
713 215 214 348 
714 217 216 293 
715 218 217 300 
716 219 218 325 
717 220 219 351 
718 222 221 298 
719 223 222 313 
720 224 223 332 
721 225 224 346 
2 7 2 1190
722 683 696 777 
723 561 749 803 
724 394 633 674 
725 521 431 719 
726 378 449 671 
727 184 185 730 
728 684 407 685 
729 510 392 639 
730 170 22 667 
731 634 414 698 
732 213 214 703 
733 633 394 757 
734 676 395 681 
735 749 419 803 
736 716 422 870 
737 677 380 724 
738 418 164 773 
739 696 387 777 
740 410 213 703 
741 717 716 870 
742 552 732 810 
743 762 552 810 
744 393 632 759 
745 632 393 693 
746 22 415 667 
747 640 543 724 
748 257 696 772 
749 463 460 669 
750 748 381 759 
751 426 461 509 
752 543 640 731 
753 654 378 671 
754 422 716 721 
755 719 431 720 
756 543 677 724 
757 632 748 759 
758 712 418 773 
759 392 510 670 
760 405 710 834 
761 461 426 660 
762 710 405 791 
763 434 686 755 
764 730 185 786 
765 525 386 682 
766 656 428 750 
767 726 627 735 
768 449 378 811 
769 414 634 786 
770 371 635 673 
771 526 432 753 
772 633 757 806 
773 804 631 835 
774 419 184 730 
775 757 370 806 
776 431 521 736 
777 696 520 772 
778 630 737 764 
779 390 641 678 
780 522 377 872 
781 412 692 713 
782 420 804 835 
783 685 407 848 
784 637 676 681 
785 663 435 832 
786 463 669 740 
787 377 522 856 
788 427 687 688 
789 31 216 736 
790 435 663 800 
791 407 684 723 
792 690 402 819 
793 381 637 681 
794 453 658 662 
795 764 737 831 
796 635 371 817 
797 423 694 805 
798 649 397 815 
799 500 497 809 
800 618 649 815 
801 755 686 771 
802 382 652 679 
803 460 459 669 
804 698 414 732 
805 694 423 836 
806 156 157 708 
807 386 525 874 
808 413 661 700 
809 683 520 696 
810 422 721 765 
811 639 392 850 
812 164 165 773 
813 245 398 648 
814 251 396 647 
815 242 390 651 
816 248 394 652 
817 233 397 649 
818 272 391 650 
819 637 381 748 
820 689 787 789 
821 440 726 735 
822 439 388 654 
823 437 440 655 
824 783 617 801 
825 638 379 727 
826 523 389 788 
827 418 783 801 
828 656 750 776 
829 651 582 733 
830 650 391 669 
831 787 400 789 
832 392 670 727 
833 413 700 701 
834 717 177 799 
835 439 654 671 
836 651 390 833 
837 561 636 749 
838 721 581 765 
839 506 504 670 
840 200 812 819 
841 692 412 769 
842 582 651 833 
843 395 676 865 
844 382 679 840 
845 177 717 870 
846 405 636 791 
847 432 526 849 
848 691 690 819 
849 457 458 660 
850 718 424 861 
851 390 678 833 
852 424 718 853 
853 170 667 808 
854 458 461 660 
855 423 156 708 
856 389 523 838 
857 269 665 872 
858 417 31 736 
859 216 431 736 
860 639 373 780 
861 665 522 872 
862 627 626 735 
863 734 500 809 
864 649 618 775 
865 668 644 809 
866 446 442 671 
867 496 668 809 
868 402 690 813 
869 665 389 838 
870 636 405 846 
871 373 639 850 
872 504 638 670 
873 394 674 796 
874 510 506 670 
875 655 440 735 
876 760 487 761 
877 670 638 727 
878 428 656 855 
879 410 703 742 
880 427 688 816 
881 665 838 875 
882 18 151 746 
883 812 691 819 
884 695 155 805 
885 703 214 824 
886 664 553 792 
887 687 427 737 
888 437 388 438 
889 409 666 697 
890 658 453 811 
891 449 446 671 
892 442 439 671 
893 669 391 740 
894 396 664 792 
895 418 712 783 
896 391 646 740 
897 659 436 756 
898 246 245 648 
899 645 385 770 
900 252 251 647 
901 243 242 651 
902 249 248 652 
903 234 233 649 
904 273 272 650 
905 155 695 880 
906 269 268 665 
907 739 657 837 
908 257 256 696 
909 426 509 830 
910 784 573 802 
911 379 638 883 
912 509 692 769 
913 675 376 826 
914 802 571 823 
915 384 651 733 
916 37 381 681 
917 395 238 681 
918 374 263 668 
919 386 46 682 
920 264 374 682 
921 41 382 664 
922 396 250 664 
923 33 383 662 
924 48 377 646 
925 391 271 646 
926 39 384 642 
927 398 244 642 
928 36 372 643 
929 393 235 643 
930 35 385 645 
931 397 232 645 
932 387 43 653 
933 255 380 653 
934 38 371 641 
935 390 241 641 
936 378 227 658 
937 45 379 644 
938 388 34 654 
939 228 378 654 
940 385 231 655 
941 42 375 640 
942 262 644 668 
943 229 388 437 
944 658 226 662 
945 230 437 655 
946 380 254 724 
947 253 640 724 
948 260 392 727 
949 379 261 727 
950 738 386 874 
951 739 837 879 
952 376 675 881 
953 700 534 701 
954 420 657 804 
955 667 415 778 
956 526 753 813 
957 453 662 839 
958 484 524 672 
959 378 658 811 
960 493 719 720 
961 376 266 738 
962 265 386 738 
963 722 743 785 
964 478 523 675 
965 385 655 873 
966 486 484 672 
967 258 257 772 
968 652 394 796 
969 40 370 757 
970 394 247 757 
971 590 589 673 
972 560 559 674 
973 236 393 759 
974 381 237 759 
975 597 596 676 
976 553 664 840 
977 533 532 677 
978 517 520 683 
979 644 379 734 
980 661 413 774 
981 728 430 729 
982 380 677 863 
983 406 18 746 
984 710 711 834 
985 491 489 525 
986 151 430 746 
987 596 593 635 
988 565 563 633 
989 602 600 637 
990 538 536 543 
991 559 556 679 
992 589 585 678 
993 471 469 522 
994 511 510 639 
995 504 502 638 
996 606 604 632 
997 664 382 840 
998 480 478 675 
999 585 583 678 
1000 483 480 675 
1001 556 554 679 
1002 545 542 546 
1003 736 521 741 
1004 610 608 611 
1005 508 506 510 
1006 606 632 693 
1007 536 533 677 
1008 478 476 523 
1009 600 597 676 
1010 448 446 449 
1011 484 483 524 
1012 517 516 520 
1013 611 608 693 
1014 580 577 582 
1015 452 450 453 
1016 542 540 680 
1017 563 560 674 
1018 679 652 796 
1019 482 480 483 
1020 551 549 553 
1021 489 486 672 
1022 543 536 677 
1023 528 519 683 
1024 519 517 683 
1025 593 590 673 
1026 616 614 618 
1027 515 513 516 
1028 490 489 491 
1029 637 600 676 
1030 686 434 852 
1031 438 388 439 
1032 529 528 530 
1033 621 619 622 
1034 823 569 845 
1035 437 438 440 
1036 545 546 547 
1037 492 491 494 
1038 588 585 589 
1039 594 593 596 
1040 610 611 612 
1041 531 530 532 
1042 458 456 459 
1043 464 463 465 
1044 680 540 731 
1045 546 542 680 
1046 527 519 528 
1047 558 556 559 
1048 494 793 843 
1049 508 510 511 
1050 592 590 593 
1051 657 420 837 
1052 633 563 674 
1053 495 494 496 
1054 564 563 565 
1055 488 486 489 
1056 212 213 410 
1057 21 166 420 
1058 24 181 405 
1059 20 161 411 
1060 32 221 412 
1061 28 201 407 
1062 19 156 423 
1063 168 169 409 
1064 23 176 422 
1065 25 186 414 
1066 22 171 415 
1067 203 204 425 
1068 163 164 418 
1069 183 184 419 
1070 223 224 426 
1071 178 179 424 
1072 215 31 417 
1073 158 159 427 
1074 173 174 421 
1075 195 27 413 
1076 210 30 408 
1077 188 189 416 
1078 150 18 406 
1079 218 219 403 
1080 198 199 402 
1081 153 154 404 
1082 191 192 400 
1083 206 207 399 
1084 146 147 401 
1085 642 784 802 
1086 625 623 626 
1087 635 593 673 
1088 204 205 747 
1089 559 679 796 
1090 566 565 567 
1091 448 449 450 
1092 562 560 563 
1093 525 489 672 
1094 462 460 463 
1095 216 217 431 
1096 196 197 432 
1097 151 152 430 
1098 148 149 434 
1099 193 194 435 
1100 225 17 436 
1101 205 29 433 
1102 190 26 429 
1103 208 209 428 
1104 466 465 467 
1105 452 453 454 
1106 580 582 583 
1107 568 567 569 
1108 468 467 469 
1109 601 600 602 
1110 482 483 484 
1111 599 597 600 
1112 551 553 554 
1113 646 377 820 
1114 537 536 538 
1115 616 618 619 
1116 603 602 604 
1117 501 500 502 
1118 708 157 816 
1119 539 538 540 
1120 515 516 517 
1121 470 469 471 
1122 398 802 823 
1123 535 533 536 
1124 570 569 571 
1125 605 604 606 
1126 499 497 500 
1127 503 502 504 
1128 588 589 590 
1129 472 471 474 
1130 572 571 573 
1131 541 540 542 
1132 558 559 560 
1133 621 622 623 
1134 648 398 823 
1135 458 459 460 
1136 527 528 529 
1137 488 489 490 
1138 490 491 492 
1139 505 504 506 
1140 607 606 608 
1141 475 474 476 
1142 544 542 545 
1143 574 573 575 
1144 592 593 594 
1145 529 530 531 
1146 462 463 464 
1147 609 608 610 
1148 594 596 597 
1149 625 626 627 
1150 492 494 495 
1151 477 476 478 
1152 507 506 508 
1153 562 563 564 
1154 576 575 577 
1155 531 532 533 
1156 647 396 829 
1157 564 565 566 
1158 445 442 446 
1159 447 446 448 
1160 464 465 466 
1161 512 511 513 
1162 479 478 480 
1163 548 547 549 
1164 579 577 580 
1165 495 496 497 
1166 613 612 614 
1167 566 567 568 
1168 451 450 452 
1169 466 467 468 
1170 599 600 601 
1171 550 549 551 
1172 481 480 482 
1173 389 47 788 
1174 267 376 788 
1175 615 614 616 
1176 538 543 731 
1177 584 583 585 
1178 601 602 603 
1179 535 536 537 
1180 568 569 570 
1181 468 469 470 
1182 499 500 501 
1183 514 513 515 
1184 678 641 814 
1185 537 538 539 
1186 555 554 556 
1187 455 454 456 
1188 501 502 503 
1189 603 604 605 
1190 485 484 486 
1191 620 619 621 
1192 539 540 541 
1193 587 585 588 
1194 570 571 572 
1195 518 517 519 
1196 470 471 472 
1197 457 456 458 
1198 503 504 505 
1199 591 590 592 
1200 400 663 789 
1201 605 606 607 
1202 557 556 558 
1203 472 474 475 
1204 572 573 574 
1205 608 606 693 
1206 541 542 544 
1207 545 547 548 
1208 487 486 488 
1209 526 519 527 
1210 561 560 562 
1211 546 647 829 
1212 508 511 512 
1213 610 612 613 
1214 607 608 609 
1215 624 623 625 
1216 475 476 477 
1217 505 506 507 
1218 461 460 462 
1219 462 464 692 
1220 574 575 576 
1221 448 450 451 
1222 445 446 447 
1223 507 508 684 
1224 477 478 479 
1225 576 577 579 
1226 628 627 629 
1227 598 597 599 
1228 580 583 584 
1229 229 34 388 
1230 245 244 398 
1231 265 46 386 
1232 233 232 397 
1233 236 235 393 
1234 248 247 394 
1235 260 259 392 
1236 256 43 387 
1237 272 271 391 
1238 268 47 389 
1239 242 241 390 
1240 251 250 396 
1241 239 238 395 
1242 264 263 374 
1243 38 240 371 
1244 45 261 379 
1245 228 227 378 
1246 37 237 381 
1247 41 249 382 
1248 42 252 375 
1249 33 273 383 
1250 48 270 377 
1251 35 231 385 
1252 39 243 384 
1253 255 254 380 
1254 267 266 376 
1255 44 258 373 
1256 36 234 372 
1257 40 246 370 
1258 238 37 681 
1259 452 454 455 
1260 263 262 668 
1261 46 264 682 
1262 250 41 664 
1263 226 33 662 
1264 271 48 646 
1265 244 39 642 
1266 235 36 643 
1267 232 35 645 
1268 43 255 653 
1269 241 38 641 
1270 508 512 684 
1271 227 226 658 
1272 262 45 644 
1273 34 228 654 
1274 231 230 655 
1275 253 42 640 
1276 482 484 485 
1277 479 480 481 
1278 548 549 550 
1279 551 554 555 
1280 230 229 437 
1281 616 619 620 
1282 534 533 535 
1283 515 517 518 
1284 512 513 514 
1285 613 614 615 
1286 447 448 686 
1287 498 497 499 
1288 584 585 587 
1289 558 560 561 
1290 588 590 591 
1291 615 616 687 
1292 448 451 686 
1293 458 460 461 
1294 520 516 864 
1295 621 623 624 
1296 527 529 661 
1297 555 556 557 
1298 370 246 648 
1299 375 252 647 
1300 384 243 651 
1301 382 249 652 
1302 372 234 649 
1303 383 273 650 
1304 268 389 665 
1305 441 443 444 
1306 485 486 487 
1307 438 439 441 
1308 490 492 656 
1309 577 575 733 
1310 455 456 457 
1311 594 597 598 
1312 625 627 628 
1313 514 515 690 
1314 518 519 526 
1315 545 548 704 
1316 441 439 442 
1317 256 387 696 
1318 591 592 666 
1319 616 620 687 
1320 610 613 706 
1321 531 533 534 
1322 561 562 636 
1323 495 497 498 
1324 466 468 473 
1325 566 568 586 
1326 461 462 509 
1327 535 537 663 
1328 624 625 694 
1329 443 442 445 
1330 620 621 707 
1331 601 603 631 
1332 515 518 690 
1333 580 584 699 
1334 687 620 688 
1335 579 580 699 
1336 544 545 704 
1337 550 551 698 
1338 570 572 578 
1339 609 610 706 
1340 470 472 493 
1341 598 599 657 
1342 509 462 692 
1343 551 555 698 
1344 591 666 667 
1345 602 637 748 
1346 539 541 689 
1347 607 609 617 
1348 451 452 709 
1349 452 455 709 
1350 576 579 581 
1351 555 557 634 
1352 507 684 685 
1353 254 253 724 
1354 584 587 595 
1355 475 477 521 
1356 548 550 552 
1357 613 615 630 
1358 455 457 659 
1359 632 604 748 
1360 417 736 741 
1361 403 715 857 
1362 514 690 691 
1363 729 430 744 
1364 702 481 703 
1365 625 628 694 
1366 441 442 443 
1367 409 697 739 
1368 715 403 860 
1369 479 481 702 
1370 509 769 830 
1371 621 624 707 
1372 548 552 704 
1373 524 738 874 
1374 694 628 695 
1375 613 630 706 
1376 499 501 722 
1377 152 153 744 
1378 584 595 699 
1379 666 592 697 
1380 592 594 697 
1381 522 665 875 
1382 529 531 700 
1383 555 634 698 
1384 455 659 709 
1385 564 566 710 
1386 492 495 705 
1387 603 605 712 
1388 688 620 707 
1389 464 466 713 
1390 692 464 713 
1391 468 470 714 
1392 568 570 718 
1393 634 730 786 
1394 572 574 716 
1395 472 475 719 
1396 661 529 700 
1397 261 260 727 
1398 594 598 697 
1399 456 454 745 
1400 688 707 708 
1401 656 492 705 
1402 531 534 700 
1403 574 576 721 
1404 495 498 705 
1405 747 725 779 
1406 793 374 843 
1407 566 586 710 
1408 710 586 711 
1409 631 603 712 
1410 473 468 714 
1411 473 714 715 
1412 466 473 713 
1413 586 568 718 
1414 501 503 725 
1415 578 572 716 
1416 470 493 714 
1417 578 716 717 
1418 425 204 747 
1419 827 729 828 
1420 493 472 719 
1421 570 578 718 
1422 684 512 723 
1423 372 649 775 
1424 475 521 719 
1425 576 581 721 
1426 205 433 747 
1427 512 514 723 
1428 528 683 777 
1429 239 395 817 
1430 371 240 817 
1431 487 760 842 
1432 412 713 866 
1433 711 180 834 
1434 444 728 729 
1435 647 546 867 
1436 514 691 723 
1437 722 501 725 
1438 387 653 841 
1439 629 627 726 
1440 663 400 800 
1441 701 534 832 
1442 716 574 721 
1443 516 513 780 
1444 743 399 785 
1445 772 520 864 
1446 623 622 770 
1447 511 639 780 
1448 614 612 775 
1449 655 735 873 
1450 550 698 732 
1451 482 485 742 
1452 444 443 728 
1453 153 404 744 
1454 454 453 839 
1455 540 538 731 
1456 430 152 744 
1457 821 611 858 
1458 615 687 737 
1459 582 577 733 
1460 436 659 862 
1461 497 496 809 
1462 634 557 730 
1463 377 270 872 
1464 392 259 850 
1465 44 373 850 
1466 29 206 743 
1467 740 646 820 
1468 703 481 742 
1469 433 722 725 
1470 666 409 808 
1471 521 477 741 
1472 552 550 732 
1473 479 702 741 
1474 575 573 784 
1475 642 384 784 
1476 174 175 766 
1477 697 598 739 
1478 817 395 865 
1479 507 685 758 
1480 206 399 743 
1481 643 821 858 
1482 694 695 805 
1483 433 29 743 
1484 266 265 738 
1485 421 174 766 
1486 587 588 778 
1487 589 678 814 
1488 660 426 795 
1489 549 547 792 
1490 595 768 782 
1491 488 490 776 
1492 770 622 878 
1493 630 615 737 
1494 465 463 740 
1495 629 827 828 
1496 565 633 806 
1497 702 417 741 
1498 591 667 778 
1499 481 482 742 
1500 407 723 812 
1501 598 657 739 
1502 459 456 745 
1503 23 422 765 
1504 212 410 760 
1505 188 416 762 
1506 20 411 764 
1507 32 412 763 
1508 411 161 767 
1509 415 171 768 
1510 408 30 761 
1511 150 406 752 
1512 210 408 750 
1513 416 189 751 
1514 198 402 753 
1515 399 207 754 
1516 401 147 755 
1517 146 401 756 
1518 477 479 741 
1519 604 602 748 
1520 432 197 753 
1521 434 149 752 
1522 428 209 750 
1523 190 429 751 
1524 208 428 754 
1525 148 434 755 
1526 436 17 756 
1527 686 451 771 
1528 183 419 749 
1529 525 672 874 
1530 451 709 771 
1531 247 40 757 
1532 435 701 832 
1533 725 503 779 
1534 676 596 865 
1535 453 450 811 
1536 494 491 793 
1537 483 675 826 
1538 237 236 759 
1539 607 617 783 
1540 425 747 779 
1541 656 705 855 
1542 175 23 765 
1543 211 212 760 
1544 187 188 762 
1545 160 20 764 
1546 220 32 763 
1547 161 162 767 
1548 171 172 768 
1549 30 211 761 
1550 149 150 752 
1551 197 198 753 
1552 209 210 750 
1553 189 190 751 
1554 207 208 754 
1555 147 148 755 
1556 17 146 756 
1557 723 691 812 
1558 182 183 749 
1559 682 374 793 
1560 622 619 815 
1561 712 605 783 
1562 412 221 769 
1563 413 27 774 
1564 678 583 833 
1565 636 562 791 
1566 677 532 863 
1567 499 722 785 
1568 505 507 758 
1569 196 432 774 
1570 820 377 856 
1571 728 443 781 
1572 221 222 769 
1573 441 444 790 
1574 663 537 789 
1575 626 623 770 
1576 645 770 878 
1577 539 689 789 
1578 679 554 840 
1579 173 421 782 
1580 523 476 838 
1581 722 433 743 
1582 751 798 818 
1583 564 710 791 
1584 522 469 856 
1585 733 575 784 
1586 471 522 875 
1587 502 500 883 
1588 383 650 869 
1589 558 561 803 
1590 203 425 794 
1591 493 720 857 
1592 433 725 747 
1593 532 530 841 
1594 657 599 804 
1595 373 258 772 
1596 765 581 766 
1597 25 414 786 
1598 191 400 787 
1599 689 541 798 
1600 429 26 787 
1601 618 614 775 
1602 430 728 746 
1603 180 711 882 
1604 768 595 854 
1605 601 631 804 
1606 569 567 845 
1607 398 642 802 
1608 530 528 777 
1609 505 758 779 
1610 689 429 787 
1611 175 765 766 
1612 751 429 798 
1613 720 403 857 
1614 27 196 774 
1615 429 689 798 
1616 792 547 829 
1617 513 511 780 
1618 426 224 795 
1619 746 728 781 
1620 648 823 845 
1621 225 436 795 
1622 406 781 797 
1623 775 612 821 
1624 588 591 778 
1625 490 656 776 
1626 503 505 779 
1627 750 408 776 
1628 690 518 813 
1629 631 712 773 
1630 440 438 790 
1631 443 445 781 
1632 163 418 801 
1633 400 192 800 
1634 193 435 800 
1635 500 734 883 
1636 730 557 803 
1637 211 760 761 
1638 745 383 869 
1639 384 733 784 
1640 617 609 822 
1641 758 425 779 
1642 705 498 807 
1643 172 173 782 
1644 535 663 832 
1645 177 178 799 
1646 571 569 823 
1647 409 169 808 
1648 414 186 810 
1649 726 440 790 
1650 526 527 849 
1651 790 444 827 
1652 158 427 816 
1653 465 740 820 
1654 155 19 805 
1655 419 730 803 
1656 403 720 868 
1657 624 694 836 
1658 595 587 854 
1659 401 755 771 
1660 215 417 824 
1661 720 431 868 
1662 605 607 783 
1663 641 371 814 
1664 200 28 812 
1665 688 708 816 
1666 708 707 836 
1667 674 559 796 
1668 376 738 826 
1669 525 682 793 
1670 223 426 830 
1671 427 159 831 
1672 199 200 819 
1673 768 172 782 
1674 423 708 836 
1675 413 701 877 
1676 578 717 853 
1677 420 166 837 
1678 491 525 793 
1679 701 435 877 
1680 643 372 821 
1681 473 715 866 
1682 734 379 883 
1683 662 383 839 
1684 586 718 861 
1685 405 181 846 
1686 407 201 848 
1687 185 25 786 
1688 417 702 824 
1689 180 24 834 
1690 47 267 788 
1691 165 21 835 
1692 767 617 822 
1693 26 191 787 
1694 168 409 879 
1695 498 499 785 
1696 403 219 860 
1697 195 413 877 
1698 547 546 829 
1699 617 767 801 
1700 218 403 868 
1701 425 758 794 
1702 715 763 866 
1703 435 194 877 
1704 431 217 868 
1705 777 387 841 
1706 771 709 847 
1707 406 746 781 
1708 732 414 810 
1709 781 445 797 
1710 537 539 789 
1711 667 666 808 
1712 447 686 852 
1713 154 155 880 
1714 553 549 792 
1715 176 177 870 
1716 715 714 857 
1717 485 487 842 
1718 612 611 821 
1719 562 564 791 
1720 438 441 790 
1721 788 376 881 
1722 371 673 814 
1723 659 457 862 
1724 532 841 863 
1725 202 203 794 
1726 767 162 801 
1727 372 775 821 
1728 397 645 878 
1729 668 496 843 
1730 374 668 843 
1731 640 375 876 
1732 224 225 795 
1733 488 776 851 
1734 737 427 831 
1735 763 715 860 
1736 579 699 825 
1737 401 771 847 
1738 187 762 810 
1739 178 424 799 
1740 573 571 802 
1741 653 380 863 
1742 393 643 858 
1743 758 685 794 
1744 409 739 879 
1745 761 487 851 
1746 752 406 797 
1747 444 729 827 
1748 769 222 830 
1749 192 193 800 
1750 162 163 801 
1751 445 447 797 
1752 541 544 798 
1753 702 703 824 
1754 557 558 803 
1755 770 385 873 
1756 749 636 846 
1757 19 423 805 
1758 160 764 831 
1759 631 773 835 
1760 396 792 829 
1761 599 601 804 
1762 726 790 827 
1763 567 565 806 
1764 825 699 884 
1765 673 589 814 
1766 753 402 813 
1767 581 579 825 
1768 773 165 835 
1769 182 749 846 
1770 450 449 811 
1771 169 170 808 
1772 795 436 862 
1773 457 660 862 
1774 28 407 812 
1775 220 763 860 
1776 186 187 810 
1777 552 762 859 
1778 650 669 869 
1779 763 412 866 
1780 798 544 818 
1781 619 618 815 
1782 628 629 844 
1783 157 158 816 
1784 695 628 844 
1785 518 526 813 
1786 240 239 817 
1787 622 815 878 
1788 467 465 820 
1789 717 799 853 
1790 402 199 819 
1791 669 459 869 
1792 635 817 865 
1793 774 432 849 
1794 776 408 851 
1795 399 754 807 
1796 524 483 826 
1797 370 648 845 
1798 729 744 828 
1799 214 215 824 
1800 544 704 818 
1801 766 581 825 
1802 644 734 809 
1803 744 404 828 
1804 661 774 849 
1805 742 485 842 
1806 179 180 882 
1807 609 706 822 
1808 467 820 856 
1809 222 223 830 
1810 583 582 833 
1811 487 488 851 
1812 745 454 839 
1813 159 160 831 
1814 24 405 834 
1815 21 420 835 
1816 680 731 876 
1817 421 825 884 
1818 660 795 862 
1819 476 474 838 
1820 534 535 832 
1821 554 553 840 
1822 496 494 843 
1823 416 751 818 
1824 166 167 837 
1825 794 685 848 
1826 411 767 822 
1827 675 523 881 
1828 629 726 827 
1829 659 756 847 
1830 611 693 858 
1831 738 524 826 
1832 785 399 807 
1833 838 474 875 
1834 383 745 839 
1835 672 524 874 
1836 202 794 848 
1837 516 780 864 
1838 707 624 836 
1839 818 704 859 
1840 587 778 854 
1841 424 179 882 
1842 181 182 846 
1843 411 822 871 
1844 201 202 848 
1845 421 766 825 
1846 693 393 858 
1847 469 467 856 
1848 416 818 859 
1849 259 44 850 
1850 705 807 855 
1851 822 706 871 
1852 498 785 807 
1853 410 742 842 
1854 375 680 876 
1855 680 375 867 
1856 596 635 865 
1857 527 661 849 
1858 638 502 883 
1859 546 680 867 
1860 219 220 860 
1861 474 471 875 
1862 422 176 870 
1863 404 154 880 
1864 709 659 847 
1865 217 218 868 
1866 167 168 879 
1867 194 195 877 
1868 711 586 861 
1869 270 269 872 
1870 718 578 853 
1871 626 770 873 
1872 630 764 871 
1873 695 844 880 
1874 760 410 842 
1875 714 493 857 
1876 704 552 859 
1877 699 595 884 
1878 375 647 867 
1879 837 167 879 
1880 713 473 866 
1881 706 630 871 
1882 756 401 847 
1883 806 370 845 
1884 731 640 876 
1885 629 828 844 
1886 408 761 851 
1887 530 777 841 
1888 841 653 863 
1889 434 752 852 
1890 799 424 853 
1891 415 768 854 
1892 754 428 855 
1893 762 416 859 
1894 778 415 854 
1895 764 411 871 
1896 735 626 873 
1897 459 745 869 
1898 782 421 884 
1899 815 397 878 
1900 780 373 864 
1901 595 782 884 
1902 844 404 880 
1903 373 772 864 
1904 797 447 852 
1905 523 788 881 
1906 567 806 845 
1907 752 797 852 
1908 807 754 855 
1909 828 404 844 
1910 861 424 882 
1911 711 861 882 
2 8 2 1108
1912 1137 1140 1255 
1913 1116 1061 1125 
1914 893 1112 1297 
1915 913 1139 1248 
1916 1121 1060 1254 
1917 896 1275 1277 
1918 241 242 1258 
1919 889 1069 1158 
1920 1139 913 1249 
1921 1111 1168 1356 
1922 1140 975 1255 
1923 1190 1014 1306 
1924 1209 1208 1334 
1925 887 1065 1160 
1926 236 907 1215 
1927 1186 894 1188 
1928 1123 1038 1343 
1929 1168 1006 1356 
1930 1110 64 1308 
1931 1079 1120 1351 
1932 1137 1255 1396 
1933 1201 922 1295 
1934 1014 1190 1312 
1935 1014 1192 1321 
1936 1067 51 1315 
1937 1118 948 1328 
1938 1038 1123 1269 
1939 1156 1094 1332 
1940 1192 1014 1312 
1941 1255 960 1396 
1942 1252 895 1361 
1943 1061 1116 1256 
1944 901 1263 1264 
1945 1153 1070 1299 
1946 1297 1112 1323 
1947 1124 1298 1381 
1948 1217 1200 1272 
1949 1159 1115 1382 
1950 235 236 1215 
1951 1195 1128 1353 
1952 1364 1159 1382 
1953 1207 1263 1302 
1954 1094 1156 1336 
1955 1168 1066 1301 
1956 948 1118 1339 
1957 1156 1045 1204 
1958 1106 1147 1276 
1959 1112 893 1327 
1960 901 1264 1273 
1961 242 905 1258 
1962 916 1225 1228 
1963 1069 1103 1158 
1964 1149 1195 1353 
1965 227 228 1249 
1966 923 885 924 
1967 1155 1156 1204 
1968 1119 1218 1289 
1969 49 64 1110 
1970 1060 1121 1344 
1971 1275 896 1338 
1972 52 51 1067 
1973 1263 901 1302 
1974 1196 1105 1350 
1975 1253 1252 1361 
1976 907 1212 1215 
1977 1062 886 1073 
1978 1125 1061 1126 
1979 1202 1213 1216 
1980 1078 891 1116 
1981 1065 1087 1160 
1982 1060 1167 1254 
1983 1208 899 1334 
1984 1260 1226 1268 
1985 1201 1295 1310 
1986 1011 1237 1260 
1987 63 885 923 
1988 1213 1202 1217 
1989 1011 1260 1268 
1990 50 886 1062 
1991 53 889 1158 
1992 890 54 1158 
1993 902 1142 1249 
1994 61 891 1078 
1995 1105 1071 1350 
1996 1147 1146 1276 
1997 59 887 1160 
1998 891 60 1160 
1999 1026 1217 1272 
2000 1319 1148 1340 
2001 1120 1063 1351 
2002 917 241 1258 
2003 1109 1246 1300 
2004 1083 1319 1340 
2005 56 55 1350 
2006 1298 914 1381 
2007 58 57 1351 
2008 1192 1187 1324 
2009 1190 995 1266 
2010 1140 1115 1342 
2011 1142 1139 1249 
2012 1038 955 1154 
2013 1237 1011 1309 
2014 1225 916 1304 
2015 1298 1124 1327 
2016 1109 1300 1370 
2017 1299 1070 1315 
2018 1094 886 1110 
2019 1285 1239 1352 
2020 1094 1110 1332 
2021 64 923 1308 
2022 1214 974 1251 
2023 1188 894 1271 
2024 988 1032 1150 
2025 894 1186 1193 
2026 1237 1013 1317 
2027 1152 1153 1299 
2028 1189 1285 1352 
2029 932 929 1166 
2030 1111 1066 1168 
2031 1154 1152 1162 
2032 1141 900 1286 
2033 1022 1192 1324 
2034 51 1062 1315 
2035 1218 1219 1289 
2036 890 1158 1311 
2037 1040 1168 1301 
2038 1261 1389 1396 
2039 1071 56 1350 
2040 1063 58 1351 
2041 1055 971 1143 
2042 228 902 1249 
2043 1032 990 1147 
2044 945 1056 1145 
2045 913 227 1249 
2046 915 1170 1242 
2047 1120 1079 1378 
2048 1013 1237 1309 
2049 1147 1106 1357 
2050 925 1125 1377 
2051 891 1160 1367 
2052 885 62 1365 
2053 1164 1337 1377 
2054 1164 1166 1337 
2055 1225 903 1380 
2056 903 1225 1304 
2057 895 1252 1331 
2058 1002 1040 1144 
2059 914 1211 1381 
2060 955 957 1154 
2061 992 1146 1147 
2062 62 1078 1365 
2063 929 927 1166 
2064 1211 914 1318 
2065 934 1155 1204 
2066 1181 1190 1266 
2067 1162 1152 1299 
2068 1033 1148 1319 
2069 1171 1076 1194 
2070 961 1151 1152 
2071 46 1322 1361 
2072 896 1277 1310 
2073 1389 1135 1396 
2074 1115 1140 1382 
2075 1149 1150 1195 
2076 1223 1020 1226 
2077 1280 1221 1380 
2078 237 37 1274 
2079 1038 1154 1162 
2080 1210 1214 1251 
2081 958 1171 1194 
2082 1212 907 1216 
2083 1150 1032 1165 
2084 1317 1244 1330 
2085 1033 967 1148 
2086 1038 1162 1343 
2087 1161 932 1166 
2088 912 1273 1375 
2089 1044 1042 1256 
2090 975 1140 1342 
2091 1088 1299 1315 
2092 971 973 1143 
2093 992 994 1146 
2094 899 1208 1211 
2095 947 945 1145 
2096 921 1159 1287 
2097 1129 948 1339 
2098 961 962 1151 
2099 1322 1253 1361 
2100 1165 1105 1196 
2101 909 1240 1384 
2102 922 1201 1372 
2103 1013 1244 1317 
2104 990 992 1147 
2105 1240 909 1359 
2106 986 988 1150 
2107 941 1025 1169 
2108 1202 1200 1217 
2109 1151 1033 1153 
2110 1273 1264 1375 
2111 934 936 1155 
2112 1032 1147 1357 
2113 1215 1209 1334 
2114 1226 1020 1268 
2115 1149 986 1150 
2116 1221 1280 1371 
2117 1152 1151 1153 
2118 1142 1364 1382 
2119 1223 1220 1247 
2120 915 1242 1366 
2121 1012 1010 1163 
2122 1125 925 1365 
2123 899 1211 1318 
2124 937 941 1169 
2125 984 986 1149 
2126 1055 1143 1335 
2127 1020 1223 1247 
2128 1000 1002 1144 
2129 938 932 1161 
2130 1042 1041 1061 
2131 1039 1144 1157 
2132 900 1141 1313 
2133 1015 1041 1042 
2134 982 984 1029 
2135 998 1000 1039 
2136 957 961 1154 
2137 1015 978 1041 
2138 1029 984 1149 
2139 965 967 1033 
2140 1157 1144 1326 
2141 1039 1000 1144 
2142 1125 1126 1377 
2143 995 1190 1306 
2144 988 990 1032 
2145 1155 1057 1156 
2146 920 1207 1302 
2147 1002 1004 1040 
2148 953 955 1038 
2149 962 965 1151 
2150 1330 1028 1341 
2151 907 237 1274 
2152 967 969 1148 
2153 936 949 1155 
2154 943 938 1161 
2155 994 998 1146 
2156 949 951 1057 
2157 969 1055 1148 
2158 37 922 1274 
2159 973 982 1143 
2160 1181 1183 1190 
2161 979 978 1015 
2162 978 947 1145 
2163 969 971 1055 
2164 1056 943 1161 
2165 1232 1230 1237 
2166 982 983 984 
2167 961 1152 1154 
2168 953 1038 1269 
2169 945 943 1056 
2170 1210 1213 1214 
2171 266 267 1273 
2172 1031 1060 1163 
2173 1058 1097 1118 
2174 1185 1187 1192 
2175 965 1033 1151 
2176 974 1214 1303 
2177 1291 1290 1331 
2178 998 999 1000 
2179 949 1057 1155 
2180 1010 1031 1163 
2181 913 1248 1397 
2182 1238 904 1391 
2183 998 1039 1146 
2184 1008 1010 1012 
2185 1056 1161 1164 
2186 977 947 978 
2187 973 981 982 
2188 1041 1145 1395 
2189 1000 1001 1002 
2190 957 959 961 
2191 1099 1101 1129 
2192 984 985 986 
2193 1250 1175 1266 
2194 260 261 906 
2195 242 243 905 
2196 248 249 904 
2197 254 255 903 
2198 267 47 901 
2199 228 34 902 
2200 273 33 900 
2201 234 36 899 
2202 1237 1230 1260 
2203 245 246 894 
2204 257 258 897 
2205 251 252 898 
2206 239 240 896 
2207 263 264 895 
2208 994 997 998 
2209 231 35 893 
2210 270 48 892 
2211 1057 951 1269 
2212 236 237 907 
2213 1025 1058 1169 
2214 965 966 967 
2215 962 964 965 
2216 948 1129 1362 
2217 982 1029 1143 
2218 226 227 913 
2219 39 244 911 
2220 45 262 910 
2221 43 256 908 
2222 41 250 909 
2223 924 885 925 
2224 920 1296 1347 
2225 986 987 988 
2226 42 253 916 
2227 38 241 917 
2228 40 247 918 
2229 44 259 919 
2230 268 269 920 
2231 229 230 921 
2232 232 233 914 
2233 271 272 915 
2234 246 40 1271 
2235 1113 1096 1114 
2236 995 1250 1266 
2237 37 238 922 
2238 1044 1256 1390 
2239 1224 1223 1226 
2240 923 924 926 
2241 1073 886 1094 
2242 265 266 912 
2243 1043 1042 1044 
2244 936 940 949 
2245 1133 1134 1135 
2246 1041 978 1145 
2247 1031 1036 1060 
2248 1243 1077 1251 
2249 1229 1227 1230 
2250 1119 1289 1373 
2251 1130 1132 1133 
2252 1333 1370 1390 
2253 1347 1296 1388 
2254 1115 1114 1342 
2255 1122 1279 1386 
2256 1164 1126 1346 
2257 949 950 951 
2258 1096 1076 1171 
2259 1181 1182 1183 
2260 1197 1167 1316 
2261 1078 1116 1125 
2262 1231 1230 1232 
2263 977 978 979 
2264 982 981 983 
2265 1057 1269 1336 
2266 967 968 969 
2267 1177 1180 1181 
2268 1135 1136 1137 
2269 988 989 990 
2270 1129 1101 1130 
2271 1040 1004 1168 
2272 974 1243 1251 
2273 1116 891 1117 
2274 1121 1254 1265 
2275 1146 1039 1276 
2276 1137 1138 1140 
2277 1002 1003 1004 
2278 1062 1073 1088 
2279 1045 1156 1332 
2280 1141 1286 1397 
2281 1183 1184 1185 
2282 1210 1212 1213 
2283 1167 1197 1254 
2284 1233 1232 1234 
2285 961 959 962 
2286 1145 1346 1395 
2287 1092 1209 1210 
2288 951 952 953 
2289 267 901 1273 
2290 1113 1114 1115 
2291 998 997 999 
2292 984 983 985 
2293 1157 1326 1378 
2294 969 970 971 
2295 1190 1183 1312 
2296 1185 1186 1187 
2297 1224 1226 1227 
2298 1235 1234 1236 
2299 944 943 945 
2300 1254 1018 1265 
2301 965 964 966 
2302 1060 1036 1167 
2303 1015 1042 1043 
2304 1000 999 1001 
2305 990 991 992 
2306 903 1280 1380 
2307 1185 1192 1312 
2308 953 954 955 
2309 1164 1161 1166 
2310 1058 1118 1169 
2311 942 938 943 
2312 912 266 1273 
2313 1193 911 1376 
2314 955 956 957 
2315 1088 1162 1299 
2316 1238 1236 1239 
2317 1228 1227 1229 
2318 894 246 1271 
2319 1177 1181 1266 
2320 986 985 987 
2321 1133 1132 1134 
2322 1058 1059 1097 
2323 1004 1006 1168 
2324 949 940 950 
2325 1065 1074 1087 
2326 1002 1001 1003 
2327 911 1193 1363 
2328 1025 1049 1058 
2329 1227 1226 1260 
2330 1069 1102 1103 
2331 1187 1188 1189 
2332 1220 1046 1247 
2333 1229 1230 1231 
2334 1214 1213 1394 
2335 1232 1237 1317 
2336 1092 1210 1251 
2337 1195 1165 1196 
2338 1224 1227 1228 
2339 1114 1096 1171 
2340 40 918 1271 
2341 1181 1180 1182 
2342 1103 1127 1128 
2343 1097 1098 1099 
2344 967 966 968 
2345 1269 1123 1336 
2346 1052 1030 1076 
2347 1135 1134 1136 
2348 946 945 947 
2349 1210 1209 1212 
2350 1183 1182 1184 
2351 971 972 973 
2352 988 987 989 
2353 1231 1232 1233 
2354 1095 1076 1096 
2355 1042 1061 1256 
2356 1004 1005 1006 
2357 1169 1118 1307 
2358 1219 1046 1220 
2359 992 993 994 
2360 1221 1220 1222 
2361 1236 1330 1341 
2362 1036 1054 1167 
2363 957 958 959 
2364 1137 1136 1138 
2365 1185 1184 1186 
2366 1202 1216 1372 
2367 1233 1234 1235 
2368 1370 1044 1390 
2369 1099 1100 1101 
2370 1191 905 1358 
2371 969 968 970 
2372 1239 1285 1348 
2373 1112 1096 1113 
2374 1235 1236 1238 
2375 926 928 1045 
2376 951 950 952 
2377 1199 1173 1200 
2378 1201 1200 1202 
2379 990 989 991 
2380 1130 1131 1132 
2381 1006 1007 1008 
2382 953 952 954 
2383 930 933 934 
2384 1012 1163 1300 
2385 1008 1009 1010 
2386 1031 1035 1036 
2387 942 943 944 
2388 973 980 981 
2389 1021 1174 1175 
2390 1036 1053 1054 
2391 976 947 977 
2392 1187 1186 1188 
2393 1004 1003 1005 
2394 962 963 964 
2395 944 945 946 
2396 1222 1220 1223 
2397 971 970 972 
2398 1200 1173 1272 
2399 1213 1212 1216 
2400 994 996 997 
2401 1010 1019 1031 
2402 918 1284 1285 
2403 1043 1044 1075 
2404 1175 1176 1177 
2405 955 954 956 
2406 1144 1040 1326 
2407 1023 1051 1089 
2408 1054 1086 1108 
2409 1076 1030 1194 
2410 1027 1077 1243 
2411 992 991 993 
2412 957 956 958 
2413 235 1215 1334 
2414 1207 920 1347 
2415 1027 1050 1077 
2416 934 935 936 
2417 1097 1059 1098 
2418 1021 1175 1250 
2419 1219 1220 1221 
2420 1058 1049 1059 
2421 63 62 885 
2422 50 49 886 
2423 59 58 887 
2424 53 52 889 
2425 57 56 888 
2426 55 54 890 
2427 61 60 891 
2428 1037 1018 1197 
2429 1177 1179 1180 
2430 1114 1171 1320 
2431 1017 979 1018 
2432 1150 1165 1195 
2433 1099 1129 1339 
2434 1222 1223 1224 
2435 1081 1037 1084 
2436 1225 1224 1228 
2437 1077 1091 1092 
2438 1052 1076 1095 
2439 904 1281 1391 
2440 1089 1090 1093 
2441 1213 1217 1394 
2442 64 63 923 
2443 936 939 940 
2444 1118 1097 1339 
2445 1138 1139 1142 
2446 1056 1164 1346 
2447 1070 1153 1387 
2448 905 1191 1385 
2449 1086 1053 1119 
2450 1113 1115 1159 
2451 1015 1043 1265 
2452 983 981 1021 
2453 1130 1101 1131 
2454 1092 1208 1209 
2455 1158 1103 1311 
2456 977 979 1017 
2457 1095 1096 1112 
2458 1036 1035 1053 
2459 1293 1314 1329 
2460 1035 1019 1046 
2461 1099 1098 1100 
2462 962 959 963 
2463 1006 1005 1007 
2464 1054 1053 1086 
2465 1031 1019 1035 
2466 51 50 1062 
2467 54 53 1158 
2468 1084 1037 1197 
2469 973 972 980 
2470 1199 1200 1201 
2471 1008 1007 1009 
2472 1010 1009 1019 
2473 946 947 976 
2474 994 993 996 
2475 1134 1132 1141 
2476 1101 1100 1170 
2477 1103 1102 1127 
2478 1009 1007 1020 
2479 931 929 932 
2480 1231 1233 1240 
2481 1175 1174 1176 
2482 981 980 1172 
2483 941 1024 1025 
2484 1182 1180 1191 
2485 62 61 1078 
2486 916 253 1304 
2487 1212 1209 1215 
2488 1208 1091 1211 
2489 987 985 995 
2490 1222 1224 1225 
2491 1177 1176 1179 
2492 1017 1037 1080 
2493 268 920 1302 
2494 60 59 1160 
2495 1186 1184 1193 
2496 1027 963 1030 
2497 997 996 1028 
2498 1077 1050 1091 
2499 1087 1074 1109 
2500 1293 919 1314 
2501 1176 1174 1178 
2502 1230 1227 1260 
2503 1047 1024 1048 
2504 1187 1189 1324 
2505 1080 1081 1104 
2506 964 963 1027 
2507 1138 1136 1139 
2508 930 934 1204 
2509 1025 1047 1049 
2510 937 932 938 
2511 1001 999 1013 
2512 1167 1054 1316 
2513 1290 895 1331 
2514 946 976 1023 
2515 934 933 935 
2516 1050 1030 1052 
2517 1172 980 1173 
2518 968 966 974 
2519 1294 900 1313 
2520 941 938 942 
2521 1052 1095 1124 
2522 1369 1292 1374 
2523 976 977 1241 
2524 1104 1081 1122 
2525 1092 1091 1208 
2526 1131 1101 1170 
2527 1287 1159 1364 
2528 1005 1003 1011 
2529 889 1068 1069 
2530 996 993 1022 
2531 1021 981 1172 
2532 926 924 927 
2533 1089 1051 1090 
2534 952 950 960 
2535 956 954 975 
2536 972 970 1026 
2537 936 935 939 
2538 1017 1018 1037 
2539 898 1292 1369 
2540 939 935 948 
2541 1080 1037 1081 
2542 940 939 1016 
2543 979 1015 1265 
2544 1045 928 1204 
2545 959 958 1194 
2546 1023 1034 1051 
2547 1021 1172 1174 
2548 1023 976 1034 
2549 1051 1034 1085 
2550 1098 1059 1107 
2551 886 49 1110 
2552 1027 1030 1050 
2553 991 989 1014 
2554 1023 1089 1259 
2555 1198 1199 1277 
2556 951 953 1269 
2557 1279 1122 1393 
2558 888 56 1071 
2559 887 58 1063 
2560 1280 908 1371 
2561 1043 1121 1265 
2562 1025 1024 1047 
2563 906 261 1279 
2564 903 255 1280 
2565 904 249 1281 
2566 248 904 1284 
2567 260 906 1282 
2568 1049 1047 1082 
2569 889 52 1067 
2570 1039 1157 1276 
2571 902 34 1287 
2572 1089 1093 1325 
2573 900 33 1286 
2574 273 900 1294 
2575 263 895 1290 
2576 257 897 1288 
2577 941 942 1024 
2578 898 252 1292 
2579 897 258 1293 
2580 1081 1084 1205 
2581 926 927 928 
2582 1159 921 1323 
2583 937 938 941 
2584 239 896 1295 
2585 270 892 1296 
2586 231 893 1297 
2587 893 35 1298 
2588 910 1290 1291 
2589 928 929 930 
2590 930 931 933 
2591 1257 917 1258 
2592 931 932 937 
2593 1263 1262 1264 
2594 1218 1046 1219 
2595 963 959 1194 
2596 1006 1008 1356 
2597 977 1017 1241 
2598 1198 1173 1199 
2599 928 927 929 
2600 1018 979 1265 
2601 930 929 931 
2602 1069 1083 1102 
2603 888 1072 1079 
2604 45 910 1279 
2605 43 908 1280 
2606 41 909 1281 
2607 919 259 1282 
2608 918 247 1284 
2609 226 913 1286 
2610 908 256 1288 
2611 910 262 1290 
2612 42 916 1292 
2613 44 919 1293 
2614 911 1191 1358 
2615 1073 1094 1123 
2616 1244 1028 1330 
2617 229 921 1287 
2618 915 272 1294 
2619 1170 1100 1242 
2620 920 269 1296 
2621 921 230 1297 
2622 232 914 1298 
2623 922 238 1295 
2624 1119 1053 1218 
2625 1197 1018 1254 
2626 1077 1092 1251 
2627 1043 1075 1121 
2628 1034 976 1241 
2629 1196 890 1383 
2630 1153 1033 1319 
2631 887 1064 1065 
2632 1178 1198 1277 
2633 942 944 1203 
2634 893 1298 1327 
2635 1122 1081 1205 
2636 1172 1173 1198 
2637 1175 1177 1266 
2638 1174 1172 1198 
2639 1307 1118 1328 
2640 1035 1046 1218 
2641 1072 1071 1105 
2642 1030 963 1194 
2643 997 1028 1244 
2644 1068 1067 1070 
2645 1178 1174 1198 
2646 1017 1080 1241 
2647 1053 1035 1218 
2648 1059 1049 1206 
2649 966 964 1243 
2650 1136 1134 1248 
2651 1114 1320 1342 
2652 999 997 1244 
2653 964 1027 1243 
2654 1064 1063 1120 
2655 887 1063 1064 
2656 889 1067 1068 
2657 1065 1066 1074 
2658 1046 1019 1247 
2659 983 1021 1250 
2660 1192 1022 1321 
2661 1048 1024 1203 
2662 928 930 1204 
2663 1145 1056 1346 
2664 985 983 1250 
2665 916 1228 1374 
2666 1069 1068 1083 
2667 909 1384 1391 
2668 1211 1091 1245 
2669 1116 1117 1256 
2670 1072 1105 1106 
2671 1009 1020 1247 
2672 1134 1141 1248 
2673 940 1016 1261 
2674 1052 1124 1245 
2675 1024 942 1203 
2676 1142 902 1364 
2677 954 952 1255 
2678 888 1071 1072 
2679 950 940 1261 
2680 1206 1082 1207 
2681 917 1257 1275 
2682 1019 1009 1247 
2683 1050 1052 1245 
2684 1049 1082 1206 
2685 1179 1257 1258 
2686 1074 1066 1111 
2687 944 946 1259 
2688 1020 1007 1268 
2689 1090 1252 1253 
2690 1246 1012 1300 
2691 974 966 1243 
2692 901 47 1302 
2693 1191 911 1363 
2694 1091 1050 1245 
2695 1093 1090 1278 
2696 1051 1085 1252 
2697 1176 1178 1257 
2698 1335 1143 1392 
2699 1139 1136 1248 
2700 234 899 1318 
2701 1013 999 1244 
2702 995 985 1250 
2703 1179 1176 1257 
2704 1070 1067 1315 
2705 1107 1059 1206 
2706 946 1023 1259 
2707 261 45 1279 
2708 255 43 1280 
2709 249 41 1281 
2710 247 248 1284 
2711 259 260 1282 
2712 1047 1048 1262 
2713 33 226 1286 
2714 1090 1051 1252 
2715 34 229 1287 
2716 262 263 1290 
2717 256 257 1288 
2718 252 42 1292 
2719 258 44 1293 
2720 272 273 1294 
2721 1007 1005 1268 
2722 238 239 1295 
2723 269 270 1296 
2724 230 231 1297 
2725 35 232 1298 
2726 975 954 1255 
2727 892 1242 1270 
2728 952 960 1255 
2729 914 233 1318 
2730 1173 980 1272 
2731 254 903 1304 
2732 1100 1098 1270 
2733 960 950 1261 
2734 1065 1064 1066 
2735 1028 996 1267 
2736 1109 1074 1246 
2737 1005 1011 1268 
2738 980 972 1272 
2739 1207 1082 1263 
2740 996 1022 1267 
2741 1082 1047 1262 
2742 1216 907 1274 
2743 1257 1178 1275 
2744 937 1169 1307 
2745 1141 1132 1313 
2746 1098 1107 1270 
2747 972 1026 1272 
2748 926 1045 1308 
2749 47 268 1302 
2750 1090 1253 1278 
2751 1242 1100 1270 
2752 987 995 1306 
2753 1294 1313 1355 
2754 1281 909 1391 
2755 1203 944 1259 
2756 1171 958 1320 
2757 1026 970 1303 
2758 890 1196 1350 
2759 253 254 1304 
2760 896 240 1338 
2761 968 974 1303 
2762 1325 1093 1345 
2763 1082 1262 1263 
2764 1074 1111 1246 
2765 1034 1241 1305 
2766 1110 1308 1332 
2767 1001 1013 1309 
2768 1279 910 1386 
2769 38 917 1338 
2770 1275 1178 1277 
2771 970 968 1303 
2772 1014 989 1306 
2773 1113 1159 1323 
2774 1183 1185 1312 
2775 1163 1060 1344 
2776 1011 1003 1309 
2777 989 987 1306 
2778 1080 1104 1305 
2779 1241 1080 1305 
2780 1148 1055 1340 
2781 251 898 1359 
2782 905 243 1358 
2783 1140 1138 1382 
2784 908 1288 1289 
2785 1308 1045 1332 
2786 931 937 1307 
2787 892 48 1366 
2788 919 1282 1283 
2789 1216 1274 1372 
2790 1156 1057 1336 
2791 1188 1271 1368 
2792 909 250 1359 
2793 1271 918 1368 
2794 39 911 1358 
2795 245 894 1376 
2796 1103 1128 1311 
2797 960 1261 1396 
2798 271 915 1366 
2799 958 956 1320 
2800 1003 1001 1309 
2801 923 926 1308 
2802 1085 1034 1305 
2803 1022 993 1321 
2804 911 244 1376 
2805 1095 1112 1327 
2806 1157 1079 1354 
2807 36 235 1334 
2808 46 265 1322 
2809 1064 1120 1301 
2810 1199 1201 1310 
2811 1234 1317 1330 
2812 991 1014 1321 
2813 1079 1157 1378 
2814 948 935 1328 
2815 1040 1301 1326 
2816 933 931 1307 
2817 1238 1239 1348 
2818 1132 1131 1313 
2819 1234 1232 1317 
2820 1277 1199 1310 
2821 1062 1088 1315 
2822 1300 1075 1370 
2823 1066 1064 1301 
2824 1162 1088 1343 
2825 264 46 1361 
2826 1117 891 1367 
2827 1108 1086 1314 
2828 894 1193 1376 
2829 1295 896 1310 
2830 1258 905 1385 
2831 1222 1225 1380 
2832 898 1240 1359 
2833 1084 1197 1316 
2834 904 1238 1348 
2835 1191 1180 1385 
2836 265 912 1322 
2837 1182 1191 1363 
2838 1129 1130 1379 
2839 1231 1240 1369 
2840 233 234 1318 
2841 1193 1184 1363 
2842 1054 1108 1316 
2843 1105 1165 1357 
2844 890 1311 1383 
2845 1239 1236 1341 
2846 917 1275 1338 
2847 1242 892 1366 
2848 1246 1111 1356 
2849 888 1079 1351 
2850 1084 1316 1349 
2851 1240 1233 1384 
2852 1166 927 1337 
2853 1283 1108 1314 
2854 1236 1234 1330 
2855 1160 1087 1367 
2856 1301 1120 1326 
2857 899 36 1334 
2858 1179 1258 1385 
2859 939 948 1362 
2860 993 991 1321 
2861 1201 1202 1372 
2862 1264 1262 1345 
2863 1112 1113 1323 
2864 1259 1089 1325 
2865 1133 1135 1389 
2866 956 975 1320 
2867 1285 1284 1348 
2868 1075 1300 1344 
2869 1106 1276 1354 
2870 933 1307 1328 
2871 1029 1149 1353 
2872 1124 1095 1327 
2873 1240 898 1369 
2874 1314 1086 1329 
2875 919 1283 1314 
2876 1072 1106 1354 
2877 1316 1108 1349 
2878 1086 1119 1329 
2879 1203 1259 1325 
2880 935 933 1328 
2881 1337 925 1377 
2882 1055 1335 1340 
2883 1126 1164 1377 
2884 1097 1099 1339 
2885 1012 1246 1356 
2886 921 1297 1323 
2887 897 1293 1329 
2888 1008 1012 1356 
2889 1267 1022 1324 
2890 1083 1068 1387 
2891 1206 1207 1347 
2892 892 1270 1388 
2893 1264 1345 1375 
2894 1329 1119 1373 
2895 1291 1104 1386 
2896 906 1279 1393 
2897 1048 1203 1325 
2898 240 38 1338 
2899 1048 1325 1345 
2900 1278 1253 1322 
2901 1320 975 1342 
2902 1300 1163 1344 
2903 1349 1283 1360 
2904 1130 1133 1379 
2905 1087 1109 1333 
2906 1285 1189 1368 
2907 1313 1131 1355 
2908 1123 1094 1336 
2909 1252 1085 1331 
2910 1291 1331 1398 
2911 912 1278 1322 
2912 1127 1102 1335 
2913 895 264 1361 
2914 897 1329 1373 
2915 1205 1349 1360 
2916 1284 904 1348 
2917 1143 1029 1392 
2918 1104 1291 1398 
2919 924 925 1337 
2920 918 1285 1368 
2921 1108 1283 1349 
2922 1106 1105 1357 
2923 1296 892 1388 
2924 1333 1109 1370 
2925 1278 912 1375 
2926 927 924 1337 
2927 1135 1137 1396 
2928 1104 1122 1386 
2929 243 39 1358 
2930 250 251 1359 
2931 1170 915 1355 
2932 1126 1061 1395 
2933 1165 1032 1357 
2934 1102 1083 1340 
2935 1121 1075 1344 
2936 1335 1102 1340 
2937 1128 1195 1383 
2938 1061 1041 1395 
2939 1292 916 1374 
2940 1345 1093 1375 
2941 48 271 1366 
2942 1088 1073 1343 
2943 1128 1127 1353 
2944 1211 1245 1381 
2945 902 1287 1364 
2946 1217 1026 1394 
2947 925 885 1365 
2948 1078 1125 1365 
2949 1073 1123 1343 
2950 55 890 1350 
2951 57 888 1351 
2952 1028 1267 1341 
2953 1205 1084 1349 
2954 1075 1044 1370 
2955 244 245 1376 
2956 1262 1048 1345 
2957 1276 1157 1354 
2958 1319 1083 1387 
2959 1131 1170 1355 
2960 1184 1182 1363 
2961 1331 1085 1398 
2962 1195 1196 1383 
2963 1189 1188 1368 
2964 1107 1206 1347 
2965 1016 939 1362 
2966 1282 906 1360 
2967 1229 1231 1369 
2968 1138 1142 1382 
2969 1362 1129 1379 
2970 1079 1072 1354 
2971 1228 1229 1374 
2972 1283 1282 1360 
2973 1219 1221 1371 
2974 1229 1369 1374 
2975 915 1294 1355 
2976 1221 1222 1380 
2977 910 1291 1386 
2978 1289 1219 1371 
2979 1379 1133 1389 
2980 1107 1347 1388 
2981 1233 1235 1384 
2982 1324 1189 1352 
2983 1286 913 1397 
2984 1180 1179 1385 
2985 1153 1319 1387 
2986 1341 1267 1352 
2987 1288 897 1373 
2988 908 1289 1371 
2989 1333 1117 1367 
2990 1087 1333 1367 
2991 1305 1104 1398 
2992 1274 922 1372 
2993 1016 1379 1389 
2994 1093 1278 1375 
2995 1235 1238 1391 
2996 1384 1235 1391 
2997 1026 1303 1394 
2998 1289 1288 1373 
2999 1245 1124 1381 
3000 1353 1127 1392 
3001 1267 1324 1352 
3002 1068 1070 1387 
3003 1239 1341 1352 
3004 1261 1016 1389 
3005 1326 1120 1378 
3006 1256 1117 1390 
3007 1311 1128 1383 
3008 1270 1107 1388 
3009 1122 1205 1393 
3010 1029 1353 1392 
3011 1303 1214 1394 
3012 1248 1141 1397 
3013 1085 1305 1398 
3014 1117 1333 1390 
3015 1016 1362 1379 
3016 1127 1335 1392 
3017 1346 1126 1395 
3018 1205 1360 1393 
3019 1360 906 1393 
2 9 2 64
3020 1400 1406 1413 
3021 1411 1400 1413 
3022 1406 1400 1415 
3023 1401 1407 1408 
3024 1407 1403 1408 
3025 59 60 1403 
3026 57 58 1401 
3027 61 62 1399 
3028 63 64 1405 
3029 51 52 1404 
3030 53 54 1400 
3031 49 50 1402 
3032 55 56 1406 
3033 1400 1411 1422 
3034 1408 1410 1411 
3035 1401 1408 1413 
3036 1401 1413 1416 
3037 1404 1412 1420 
3038 1412 1402 1420 
3039 1408 1403 1409 
3040 1413 1406 1416 
3041 1411 1410 1412 
3042 1408 1409 1410 
3043 59 1403 1407 
3044 1406 56 1416 
3045 51 1404 1420 
3046 1404 52 1419 
3047 53 1400 1419 
3048 60 61 1414 
3049 63 1405 1418 
3050 64 49 1417 
3051 52 53 1419 
3052 57 1401 1416 
3053 58 59 1407 
3054 1401 58 1407 
3055 1399 62 1418 
3056 61 1399 1414 
3057 1402 50 1420 
3058 1400 54 1415 
3059 62 63 1418 
3060 49 1402 1417 
3061 54 55 1415 
3062 55 1406 1415 
3063 56 57 1416 
3064 1403 60 1414 
3065 1405 64 1417 
3066 50 51 1420 
3067 1408 1411 1413 
3068 1410 1409 1423 
3069 1412 1404 1422 
3070 1411 1412 1422 
3071 1399 1409 1414 
3072 1409 1403 1414 
3073 1405 1421 1423 
3074 1421 1410 1423 
3075 1409 1399 1423 
3076 1412 1410 1421 
3077 1402 1412 1421 
3078 1417 1402 1421 
3079 1405 1417 1421 
3080 1419 1400 1422 
3081 1404 1419 1422 
3082 1418 1405 1423 
3083 1399 1418 1423 
$EndElements
