$MeshFormat
4.1 0 8
$EndMeshFormat
$PhysicalNames
20
0 1001 "e1"
0 1002 "e2"
0 1003 "e3"
0 1004 "e4"
0 1005 "e5"
0 1006 "e6"
0 1007 "e7"
0 1008 "e8"
0 1009 "e9"
0 1010 "e10"
0 1011 "e11"
0 1012 "e12"
0 1013 "e13"
0 1014 "e14"
0 1015 "e15"
0 1016 "e16"
2 201 "Skin"
2 202 "Fat"
2 203 "Muscle"
2 204 "Bone"
$EndPhysicalNames
$Entities
65 64 4 0
1 0.06207367210098887 0.02571175685053 0 1 1001 
2 0.04750913179822307 0.04750913179822307 0 1 1002 
3 0.02571175685053001 0.06207367210098887 0 1 1003 
4 4.114082040716152e-18 0.06718805852561793 0 1 1004 
5 -0.02571175685053 0.06207367210098887 0 1 1005 
6 -0.04750913179822307 0.04750913179822307 0 1 1006 
7 -0.06207367210098887 0.02571175685053001 0 1 1007 
8 -0.06718805852561793 8.228164081432304e-18 0 1 1008 
9 -0.06207367210098887 -0.02571175685053 0 1 1009 
10 -0.04750913179822308 -0.04750913179822307 0 1 1010 
11 -0.02571175685053004 -0.06207367210098885 0 1 1011 
12 -1.234224612214845e-17 -0.06718805852561793 0 1 1012 
13 0.02571175685053002 -0.06207367210098886 0 1 1013 
14 0.04750913179822306 -0.04750913179822308 0 1 1014 
15 0.06207367210098885 -0.02571175685053004 0 1 1015 
16 0.06718805852561793 -1.645632816286461e-17 0 1 1016 
17 0.05979082524107582 0.02476617072033319 0 0 
18 0.04576191645439229 0.04576191645439229 0 0 
19 0.02476617072033319 0.05979082524107582 0 0 
20 3.962780869862368e-18 0.06471712288998607 0 0 
21 -0.02476617072033319 0.05979082524107582 0 0 
22 -0.04576191645439229 0.04576191645439229 0 0 
23 -0.05979082524107582 0.0247661707203332 0 0 
24 -0.06471712288998607 7.925561739724736e-18 0 0 
25 -0.05979082524107583 -0.02476617072033318 0 0 
26 -0.0457619164543923 -0.04576191645439229 0 0 
27 -0.02476617072033322 -0.05979082524107581 0 0 
28 -1.18883426095871e-17 -0.06471712288998607 0 0 
29 0.0247661707203332 -0.05979082524107582 0 0 
30 0.04576191645439227 -0.0457619164543923 0 0 
31 0.05979082524107581 -0.02476617072033323 0 0 
32 0.06471712288998607 -1.585112347944947e-17 0 0 
33 0.04752359664424943 0.01968491826279662 0 0 
34 0.03637298616431087 0.03637298616431086 0 0 
35 0.01968491826279662 0.04752359664424943 0 0 
36 3.14974076523548e-18 0.05143917033757737 0 0 
37 -0.01968491826279662 0.04752359664424943 0 0 
38 -0.03637298616431086 0.03637298616431087 0 0 
39 -0.04752359664424943 0.01968491826279663 0 0 
40 -0.05143917033757737 6.29948153047096e-18 0 0 
41 -0.04752359664424943 -0.01968491826279662 0 0 
42 -0.03637298616431087 -0.03637298616431086 0 0 
43 -0.01968491826279665 -0.04752359664424941 0 0 
44 -9.44922229570644e-18 -0.05143917033757737 0 0 
45 0.01968491826279663 -0.04752359664424942 0 0 
46 0.03637298616431086 -0.03637298616431087 0 0 
47 0.04752359664424941 -0.01968491826279665 0 0 
48 0.05143917033757737 -1.259896306094192e-17 0 0 
49 0.00865452886139796 0.003584823230340415 0 0 
50 0.006623889620365008 0.006623889620365006 0 0 
51 0.003584823230340416 0.00865452886139796 0 0 
52 5.7359973325905e-19 0.009367594536782564 0 0 
53 -0.003584823230340415 0.00865452886139796 0 0 
54 -0.006623889620365006 0.006623889620365008 0 0 
55 -0.00865452886139796 0.003584823230340416 0 0 
56 -0.009367594536782564 1.1471994665181e-18 0 0 
57 -0.00865452886139796 -0.003584823230340414 0 0 
58 -0.006623889620365008 -0.006623889620365006 0 0 
59 -0.00358482323034042 -0.008654528861397958 0 0 
60 -1.72079919977715e-18 -0.009367594536782564 0 0 
61 0.003584823230340417 -0.008654528861397958 0 0 
62 0.006623889620365005 -0.006623889620365008 0 0 
63 0.008654528861397958 -0.003584823230340421 0 0 
64 0.009367594536782564 -2.2943989330362e-18 0 0 
1000 0 0 0 0 
1 0.04750913179822305 0.02571175685053 0 0.06207367210098885 0.04750913179822306 0 0 2 1 -2 
2 0.02571175685053001 0.04750913179822307 0 0.04750913179822307 0.06207367210098887 0 0 2 2 -3 
3 0 0.06207367210098885 0 0.02571175685053 0.06718805852561792 0 0 2 3 -4 
4 -0.02571175685053 0.06207367210098887 0 3.469446951953614e-18 0.06718805852561793 0 0 2 4 -5 
5 -0.04750913179822305 0.04750913179822305 0 -0.02571175685052999 0.06207367210098885 0 0 2 5 -6 
6 -0.06207367210098887 0.02571175685053001 0 -0.04750913179822307 0.04750913179822307 0 0 2 6 -7 
7 -0.06718805852561793 -1.040834085586084e-17 0 -0.06207367210098886 0.02571175685053001 0 0 2 7 -8 
8 -0.06718805852561793 -0.02571175685053 0 -0.06207367210098887 8.673617379884035e-18 0 0 2 8 -9 
9 -0.06207367210098887 -0.04750913179822306 0 -0.04750913179822307 -0.02571175685052999 0 0 2 9 -10 
10 -0.04750913179822308 -0.06207367210098886 0 -0.02571175685053005 -0.04750913179822307 0 0 2 10 -11 
11 -0.02571175685053004 -0.06718805852561793 0 3.469446951953614e-18 -0.06207367210098885 0 0 2 11 -12 
12 -1.214306433183765e-17 -0.06718805852561793 0 0.02571175685053002 -0.06207367210098886 0 0 2 12 -13 
13 0.02571175685053001 -0.06207367210098884 0 0.04750913179822305 -0.04750913179822306 0 0 2 13 -14 
14 0.04750913179822306 -0.04750913179822308 0 0.06207367210098885 -0.02571175685053005 0 0 2 14 -15 
15 0.06207367210098885 -0.02571175685053004 0 0.06718805852561793 0 0 0 2 15 -16 
16 0.06207367210098887 -1.561251128379126e-17 0 0.06718805852561793 0.02571175685053001 0 0 2 16 -1 
17 0.04576191645439228 0.02476617072033319 0 0.05979082524107582 0.04576191645439229 0 0 2 17 -18 
18 0.02476617072033318 0.04576191645439227 0 0.04576191645439229 0.05979082524107582 0 0 2 18 -19 
19 3.469446951953614e-18 0.05979082524107582 0 0.02476617072033319 0.06471712288998607 0 0 2 19 -20 
20 -0.02476617072033319 0.05979082524107582 0 3.469446951953614e-18 0.06471712288998607 0 0 2 20 -21 
21 -0.04576191645439227 0.04576191645439227 0 -0.02476617072033318 0.05979082524107581 0 0 2 21 -22 
22 -0.05979082524107582 0.02476617072033318 0 -0.04576191645439227 0.04576191645439229 0 0 2 22 -23 
23 -0.06471712288998607 6.938893903907228e-18 0 -0.05979082524107582 0.0247661707203332 0 0 2 23 -24 
24 -0.06471712288998607 -0.02476617072033318 0 -0.05979082524107582 8.673617379884035e-18 0 0 2 24 -25 
25 -0.05979082524107583 -0.04576191645439229 0 -0.04576191645439229 -0.02476617072033318 0 0 2 25 -26 
26 -0.04576191645439229 -0.0597908252410758 0 -0.02476617072033322 -0.04576191645439227 0 0 2 26 -27 
27 -0.02476617072033322 -0.06471712288998607 0 -1.387778780781446e-17 -0.05979082524107581 0 0 2 27 -28 
28 -1.214306433183765e-17 -0.06471712288998607 0 0.02476617072033321 -0.05979082524107582 0 0 2 28 -29 
29 0.0247661707203332 -0.05979082524107582 0 0.04576191645439229 -0.04576191645439229 0 0 2 29 -30 
30 0.04576191645439227 -0.04576191645439231 0 0.05979082524107581 -0.02476617072033323 0 0 2 30 -31 
31 0.05979082524107581 -0.02476617072033323 0 0.06471712288998607 -1.734723475976807e-17 0 0 2 31 -32 
32 0.05979082524107582 -1.561251128379126e-17 0 0.06471712288998607 0.02476617072033319 0 0 2 32 -17 
33 0.03637298616431087 0.01968491826279662 0 0.04752359664424942 0.03637298616431086 0 0 2 33 -34 
34 0.01968491826279661 0.03637298616431085 0 0.03637298616431087 0.04752359664424941 0 0 2 34 -35 
35 3.469446951953614e-18 0.04752359664424943 0 0.01968491826279662 0.05143917033757737 0 0 2 35 -36 
36 -0.01968491826279662 0.04752359664424943 0 3.469446951953614e-18 0.05143917033757737 0 0 2 36 -37 
37 -0.03637298616431086 0.03637298616431086 0 -0.01968491826279661 0.04752359664424942 0 0 2 37 -38 
38 -0.04752359664424941 0.01968491826279662 0 -0.03637298616431085 0.03637298616431087 0 0 2 38 -39 
39 -0.05143917033757737 -6.938893903907228e-18 0 -0.04752359664424942 0.01968491826279664 0 0 2 39 -40 
40 -0.05143917033757737 -0.01968491826279661 0 -0.04752359664424943 6.938893903907228e-18 0 0 2 40 -41 
41 -0.04752359664424944 -0.03637298616431087 0 -0.03637298616431088 -0.01968491826279662 0 0 2 41 -42 
42 -0.03637298616431087 -0.04752359664424941 0 -0.01968491826279665 -0.03637298616431086 0 0 2 42 -43 
43 -0.01968491826279666 -0.05143917033757738 0 -1.040834085586084e-17 -0.04752359664424943 0 0 2 43 -44 
44 -8.673617379884035e-18 -0.05143917033757737 0 0.01968491826279664 -0.04752359664424942 0 0 2 44 -45 
45 0.01968491826279663 -0.04752359664424941 0 0.03637298616431086 -0.03637298616431087 0 0 2 45 -46 
46 0.03637298616431086 -0.03637298616431087 0 0.04752359664424942 -0.01968491826279665 0 0 2 46 -47 
47 0.04752359664424943 -0.01968491826279666 0 0.05143917033757738 -1.040834085586084e-17 0 0 2 47 -48 
48 0.04752359664424943 -1.214306433183765e-17 0 0.05143917033757737 0.01968491826279662 0 0 2 48 -33 
49 0.006623889620365009 0.003584823230340416 0 0.008654528861397962 0.006623889620365008 0 0 2 49 -50 
50 0.003584823230340416 0.006623889620365006 0 0.006623889620365008 0.00865452886139796 0 0 2 50 -51 
51 4.336808689942018e-19 0.008654528861397962 0 0.003584823230340416 0.009367594536782568 0 0 2 51 -52 
52 -0.003584823230340415 0.00865452886139796 0 6.505213034913027e-19 0.009367594536782564 0 0 2 52 -53 
53 -0.006623889620365007 0.006623889620365008 0 -0.003584823230340415 0.00865452886139796 0 0 2 53 -54 
54 -0.00865452886139796 0.003584823230340416 0 -0.006623889620365006 0.006623889620365008 0 0 2 54 -55 
55 -0.009367594536782568 8.673617379884035e-19 0 -0.008654528861397962 0.003584823230340417 0 0 2 55 -56 
56 -0.009367594536782564 -0.003584823230340414 0 -0.00865452886139796 1.084202172485504e-18 0 0 2 56 -57 
57 -0.00865452886139796 -0.006623889620365005 0 -0.006623889620365008 -0.003584823230340414 0 0 2 57 -58 
58 -0.006623889620365011 -0.008654528861397958 0 -0.003584823230340423 -0.006623889620365006 0 0 2 58 -59 
59 -0.003584823230340423 -0.009367594536782568 0 -3.903127820947816e-18 -0.008654528861397958 0 0 2 59 -60 
60 -1.734723475976807e-18 -0.009367594536782564 0 0.003584823230340417 -0.008654528861397958 0 0 2 60 -61 
61 0.003584823230340416 -0.008654528861397956 0 0.006623889620365003 -0.006623889620365007 0 0 2 61 -62 
62 0.006623889620365005 -0.006623889620365008 0 0.008654528861397958 -0.003584823230340419 0 0 2 62 -63 
63 0.008654528861397956 -0.003584823230340423 0 0.009367594536782566 -4.336808689942018e-18 0 0 2 63 -64 
64 0.00865452886139796 -2.38524477946811e-18 0 0.009367594536782564 0.003584823230340416 0 0 2 64 -49 
6 -0.06718805852561793 -0.06718805852561793 0 0.06718805852561793 0.06718805852561793 0 1 201 32 1 2 3 4 5 6 7 8 9 10 11 12 13 14 15 16 -32 -31 -30 -29 -28 -27 -26 -25 -24 -23 -22 -21 -20 -19 -18 -17 
7 -0.06471712288998607 -0.06471712288998607 0 0.06471712288998607 0.06471712288998607 0 1 202 32 17 18 19 20 21 22 23 24 25 26 27 28 29 30 31 32 -48 -47 -46 -45 -44 -43 -42 -41 -40 -39 -38 -37 -36 -35 -34 -33 
8 -0.05143917033757737 -0.05143917033757738 0 0.05143917033757738 0.05143917033757738 0 1 203 32 33 34 35 36 37 38 39 40 41 42 43 44 45 46 47 48 -64 -63 -62 -61 -60 -59 -58 -57 -56 -55 -54 -53 -52 -51 -50 -49 
9 -0.009367594536782566 -0.009367594536782568 0 0.009367594536782566 0.009367594536782568 0 1 204 16 49 50 51 52 53 54 55 56 57 58 59 60 61 62 63 64 
$EndEntities
$Nodes
116 1254 1 1255
0 1 0 1
1
0.06207367210098887 0.02571175685053 0
0 2 0 1
2
0.04750913179822307 0.04750913179822307 0
0 3 0 1
3
0.02571175685053001 0.06207367210098887 0
0 4 0 1
4
4.114082040716152e-18 0.06718805852561793 0
0 5 0 1
5
-0.02571175685053 0.06207367210098887 0
0 6 0 1
6
-0.04750913179822307 0.04750913179822307 0
0 7 0 1
7
-0.06207367210098887 0.02571175685053001 0
0 8 0 1
8
-0.06718805852561793 8.228164081432304e-18 0
0 9 0 1
9
-0.06207367210098887 -0.02571175685053 0
0 10 0 1
10
-0.04750913179822308 -0.04750913179822307 0
0 11 0 1
11
-0.02571175685053004 -0.06207367210098885 0
0 12 0 1
12
-1.234224612214845e-17 -0.06718805852561793 0
0 13 0 1
13
0.02571175685053002 -0.06207367210098886 0
0 14 0 1
14
0.04750913179822306 -0.04750913179822308 0
0 15 0 1
15
0.06207367210098885 -0.02571175685053004 0
0 16 0 1
16
0.06718805852561793 -1.645632816286461e-17 0
0 17 0 1
17
0.05979082524107582 0.02476617072033319 0
0 18 0 1
18
0.04576191645439229 0.04576191645439229 0
0 19 0 1
19
0.02476617072033319 0.05979082524107582 0
0 20 0 1
20
3.962780869862368e-18 0.06471712288998607 0
0 21 0 1
21
-0.02476617072033319 0.05979082524107582 0
0 22 0 1
22
-0.04576191645439229 0.04576191645439229 0
0 23 0 1
23
-0.05979082524107582 0.0247661707203332 0
0 24 0 1
24
-0.06471712288998607 7.925561739724736e-18 0
0 25 0 1
25
-0.05979082524107583 -0.02476617072033318 0
0 26 0 1
26
-0.0457619164543923 -0.04576191645439229 0
0 27 0 1
27
-0.02476617072033322 -0.05979082524107581 0
0 28 0 1
28
-1.18883426095871e-17 -0.06471712288998607 0
0 29 0 1
29
0.0247661707203332 -0.05979082524107582 0
0 30 0 1
30
0.04576191645439227 -0.0457619164543923 0
0 31 0 1
31
0.05979082524107581 -0.02476617072033323 0
0 32 0 1
32
0.06471712288998607 -1.585112347944947e-17 0
0 33 0 1
33
0.04752359664424943 0.01968491826279662 0
0 34 0 1
34
0.03637298616431087 0.03637298616431086 0
0 35 0 1
35
0.01968491826279662 0.04752359664424943 0
0 36 0 1
36
3.14974076523548e-18 0.05143917033757737 0
0 37 0 1
37
-0.01968491826279662 0.04752359664424943 0
0 38 0 1
38
-0.03637298616431086 0.03637298616431087 0
0 39 0 1
39
-0.04752359664424943 0.01968491826279663 0
0 40 0 1
40
-0.05143917033757737 6.29948153047096e-18 0
0 41 0 1
41
-0.04752359664424943 -0.01968491826279662 0
0 42 0 1
42
-0.03637298616431087 -0.03637298616431086 0
0 43 0 1
43
-0.01968491826279665 -0.04752359664424941 0
0 44 0 1
44
-9.44922229570644e-18 -0.05143917033757737 0
0 45 0 1
45
0.01968491826279663 -0.04752359664424942 0
0 46 0 1
46
0.03637298616431086 -0.03637298616431087 0
0 47 0 1
47
0.04752359664424941 -0.01968491826279665 0
0 48 0 1
48
0.05143917033757737 -1.259896306094192e-17 0
0 49 0 1
49
0.00865452886139796 0.003584823230340415 0
0 50 0 1
50
0.006623889620365008 0.006623889620365006 0
0 51 0 1
51
0.003584823230340416 0.00865452886139796 0
0 52 0 1
52
5.7359973325905e-19 0.009367594536782564 0
0 53 0 1
53
-0.003584823230340415 0.00865452886139796 0
0 54 0 1
54
-0.006623889620365006 0.006623889620365008 0
0 55 0 1
55
-0.00865452886139796 0.003584823230340416 0
0 56 0 1
56
-0.009367594536782564 1.1471994665181e-18 0
0 57 0 1
57
-0.00865452886139796 -0.003584823230340414 0
0 58 0 1
58
-0.006623889620365008 -0.006623889620365006 0
0 59 0 1
59
-0.00358482323034042 -0.008654528861397958 0
0 60 0 1
60
-1.72079919977715e-18 -0.009367594536782564 0
0 61 0 1
61
0.003584823230340417 -0.008654528861397958 0
0 62 0 1
62
0.006623889620365005 -0.006623889620365008 0
0 63 0 1
63
0.008654528861397958 -0.003584823230340421 0
0 64 0 1
64
0.009367594536782564 -2.2943989330362e-18 0
1 1 0 5
66
67
68
69
70
0.06025913824418289 0.02971651841165638 0
0.05818656550599603 0.03359402927691602 0
0.05586482896149528 0.03732768534941237 0
0.05330387065094645 0.04090149853084882 0
0.05051465698204416 0.04430016521897265 0
1 2 0 5
71
72
73
74
75
0.04430016520505668 0.05051465699424816 0
0.04090149850100865 0.05330387067384364 0
0.03732768530151889 0.05586482899349672 0
0.03359402924317328 0.05818656552547743 0
0.0297165184006311 0.06025913824961997 0
1 3 0 5
76
77
78
79
80
0.02159689358798796 0.06362239696672062 0
0.01738954912286299 0.06489868095535836 0
0.01310773993219497 0.06589705882899326 0
0.008769801410249654 0.06661325537508762 0
0.004394309257722686 0.06704420373596326 0
1 4 0 5
81
82
83
84
85
-0.00439430928404935 0.06704420373423775 0
-0.008769801460463108 0.06661325536847693 0
-0.01310774000101019 0.06589705881530508 0
-0.01738954916412862 0.06489868094430128 0
-0.02159689361099595 0.06362239695891049 0
1 5 0 5
86
87
88
89
90
-0.0297165184131559 0.06025913824344341 0
-0.03359402927709845 0.0581865655058907 0
-0.03732768534380274 0.05586482896524353 0
-0.04090149853246722 0.05330387064970461 0
-0.04430016521955216 0.05051465698153597 0
1 6 0 5
91
92
93
94
95
-0.0505146569938668 0.04430016520549156 0
-0.05330387067135856 0.04090149850424729 0
-0.05586482899146161 0.03732768530456464 0
-0.05818656552308325 0.03359402924732015 0
-0.06025913825429083 0.02971651839115956 0
1 7 0 5
96
97
98
99
100
-0.06362239696381128 0.02159689359655869 0
-0.06489868095498325 0.01738954912426294 0
-0.06589705882721665 0.01310773994112667 0
-0.06661325537390003 0.008769801419270525 0
-0.06704420373565773 0.004394309262384336 0
1 8 0 5
101
102
103
104
105
-0.06704420373414961 -0.004394309285393906 0
-0.06661325536818062 -0.008769801462713745 0
-0.06589705881482073 -0.01310774000344525 0
-0.06489868094406215 -0.01738954916502109 0
-0.0636223969581982 -0.02159689361309431 0
1 9 0 5
106
107
108
109
110
-0.06025913824102615 -0.02971651841805765 0
-0.05818656549906189 -0.03359402928892632 0
-0.05586482895472154 -0.03732768535955003 0
-0.05330387064323815 -0.04090149854089448 0
-0.05051465697638385 -0.04430016522542703 0
1 10 0 5
111
112
113
114
115
-0.04430016521748879 -0.05051465698334552 0
-0.04090149852057254 -0.05330387065883174 0
-0.03732768531691283 -0.05586482898321082 0
-0.03359402925332021 -0.0581865655196191 0
-0.02971651839109709 -0.06025913825432165 0
1 11 0 5
116
117
118
119
120
-0.02159689358790606 -0.06362239696674844 0
-0.01738954911545752 -0.06489868095734266 0
-0.01310773991880366 -0.06589705883165697 0
-0.008769801396495053 -0.06661325537689847 0
-0.004394309251547244 -0.06704420373636805 0
1 12 0 5
121
122
123
124
125
0.004394309284966365 -0.06704420373417763 0
0.008769801463337074 -0.06661325536809856 0
0.01310774000487291 -0.06589705881453674 0
0.01738954917288343 -0.06489868094195543 0
0.02159689361411837 -0.06362239695785057 0
1 13 0 5
126
127
128
129
130
0.02971651841011938 -0.06025913824494086 0
0.03359402928082563 -0.05818656550373882 0
0.03732768536146779 -0.05586482895344012 0
0.0409014985421149 -0.05330387064230168 0
0.0443001652366738 -0.05051465696652067 0
1 14 0 5
131
132
133
134
135
0.05051465698426439 -0.04430016521644101 0
0.05330387065897142 -0.0409014985203905 0
0.05586482898065723 -0.03732768532073454 0
0.05818656551510287 -0.03359402926114254 0
0.06025913825074439 -0.029716518398351 0
1 15 0 5
136
137
138
139
140
0.06362239696655261 -0.02159689358848293 0
0.06489868095629106 -0.01738954911938215 0
0.06589705883045399 -0.01310773992485147 0
0.06661325537602121 -0.008769801403158601 0
0.06704420373576883 -0.00439430926068942 0
1 16 0 5
141
142
143
144
145
0.06704420373408665 0.004394309286354686 0
0.06661325536786719 0.008769801465094542 0
0.06589705881479012 0.01310774000359913 0
0.06489868094272624 0.01738954917000673 0
0.06362239695699842 0.02159689361662873 0
1 17 0 5
146
147
148
149
150
0.05804302342607442 0.02862365152662627 0
0.05604667246757635 0.03235856147095818 0
0.05381032105490919 0.03595490707991268 0
0.05134354560137769 0.03939728823455756 0
0.0486569092049055 0.04267096415342804 0
1 18 0 5
151
152
153
154
155
0.04267096413892723 0.04865690921762236 0
0.03939728819450368 0.05134354563211211 0
0.03595490703080922 0.05381032108771907 0
0.03235856144094298 0.05604667248490561 0
0.0286236515126468 0.05804302343296832 0
1 19 0 5
156
157
158
159
160
0.02080263736206397 0.06128259356407836 0
0.01675002391549107 0.06251194041131691 0
0.01262568430358792 0.06347360152869611 0
0.008447279593015455 0.06416345893602513 0
0.004232702341971067 0.06457855856274458 0
1 20 0 5
161
162
163
164
165
-0.004232702362117299 0.06457855856142412 0
-0.008447279646044029 0.06416345892904379 0
-0.01262568437780849 0.06347360151393272 0
-0.01675002396936904 0.06251194039688035 0
-0.0208026373872353 0.06128259355553385 0
1 21 0 5
166
167
168
169
170
-0.02862365153156132 0.05804302342364072 0
-0.03235856147539071 0.05604667246501721 0
-0.03595490708516433 0.05381032105140015 0
-0.03939728823257705 0.05134354560289738 0
-0.04267096415049194 0.04865690920748038 0
1 22 0 5
171
172
173
174
175
-0.04865690921400419 0.04267096414305298 0
-0.05134354563117817 0.03939728819572082 0
-0.05381032109266302 0.03595490702341008 0
-0.05604667249235265 0.03235856142804436 0
-0.05804302343557462 0.02862365150736178 0
1 23 0 5
176
177
178
179
180
-0.06128259356257475 0.0208026373664935 0
-0.06251194041069438 0.01675002391781442 0
-0.06347360152830883 0.01262568430553489 0
-0.06416345893569933 0.008447279595490156 0
-0.06457855856269851 0.004232702342674189 0
1 24 0 5
181
182
183
184
185
-0.06457855856130149 -0.0042327023639885 0
-0.06416345892870093 -0.008447279648648357 0
-0.06347360151319684 -0.012625684381508 0
-0.06251194039717238 -0.01675002396827919 0
-0.06128259355533402 -0.02080263738782398 0
1 25 0 5
186
187
188
189
190
-0.05804302342483681 -0.02862365152913593 0
-0.05604667246919135 -0.03235856146816091 0
-0.05381032105523492 -0.03595490707942522 0
-0.05134354560381519 -0.03939728823138099 0
-0.0486569092097006 -0.04267096414796029 0
1 26 0 5
191
192
193
194
195
-0.04267096413386913 -0.0486569092220582 0
-0.03939728819406604 -0.05134354563244793 0
-0.03595490701516293 -0.0538103210981736 0
-0.03235856142414635 -0.05604667249460316 0
-0.02862365150835644 -0.05804302343508411 0
1 27 0 5
196
197
198
199
200
-0.02080263737233946 -0.06128259356059031 0
-0.01675002392947523 -0.06251194040756987 0
-0.01262568430674419 -0.06347360152806829 0
-0.008447279594193691 -0.06416345893587001 0
-0.00423270234013904 -0.06457855856286467 0
1 28 0 5
201
202
203
204
205
0.00423270236145601 -0.06457855856146746 0
0.008447279642552081 -0.06416345892950351 0
0.01262568437469797 -0.06347360151455143 0
0.01675002396919879 -0.06251194039692597 0
0.02080263738594542 -0.06128259355597172 0
1 29 0 5
206
207
208
209
210
0.02862365153164594 -0.058043023423599 0
0.03235856147712236 -0.05604667246401744 0
0.03595490708433281 -0.05381032105195576 0
0.03939728824008455 -0.05134354559713668 0
0.04267096415539227 -0.04865690920318292 0
1 30 0 5
211
212
213
214
215
0.04865690922108061 -0.04267096413498387 0
0.05134354563548761 -0.03939728819010466 0
0.05381032110342072 -0.03595490700731007 0
0.05604667249582687 -0.03235856142202682 0
0.05804302343601436 -0.02862365150647009 0
1 31 0 5
216
217
218
219
220
0.06128259356015146 -0.02080263737363225 0
0.06251194040794869 -0.01675002392806143 0
0.06347360152792465 -0.01262568430746627 0
0.06416345893579101 -0.008447279594793857 0
0.06457855856280943 -0.004232702340981796 0
1 32 0 5
221
222
223
224
225
0.06457855856142923 0.004232702362039462 0
0.06416345892929604 0.008447279644128105 0
0.06347360151453778 0.01262568437476664 0
0.06251194039716569 0.01675002396830414 0
0.06128259355623088 0.02080263738518192 0
1 33 0 4
226
227
228
229
0.04583263636185376 0.02335289466298298 0
0.04385910263402045 0.02687689269905951 0
0.04161516296147066 0.03023518573960708 0
0.03911465198309153 0.03340706879179813 0
1 34 0 4
230
231
232
233
0.03340706877120212 0.03911465200068219 0
0.03023518568538037 0.04161516300086866 0
0.02687689263852192 0.04385910267111794 0
0.02335289462780191 0.04583263637977941 0
1 35 0 4
234
235
236
237
0.01589557779818247 0.04892155814648822 0
0.01200823581250655 0.0500179019720893 0
0.008046859069548983 0.05080586879616485 0
0.004035870785982821 0.05128060054267257 0
1 36 0 4
238
239
240
241
-0.004035870800898734 0.05128060054149865 0
-0.008046859116007022 0.05080586878880661 0
-0.01200823585803351 0.05001790196115924 0
-0.01589557782028679 0.04892155813930609 0
1 37 0 4
242
243
244
245
-0.02335289465954099 0.04583263636360754 0
-0.02687689269067143 0.04385910263916068 0
-0.03023518573727765 0.04161516296316308 0
-0.03340706879369738 0.03911465198146941 0
1 38 0 4
246
247
248
249
-0.03911465200024712 0.03340706877171151 0
-0.04161516299589434 0.03023518569222693 0
-0.04385910266629919 0.0268768926463854 0
-0.04583263637920765 0.02335289462892405 0
1 39 0 4
250
251
252
253
-0.04892155814628223 0.01589557779881642 0
-0.0500179019718079 0.01200823581367864 0
-0.0508058687989907 0.00804685905170723 0
-0.05128060054284524 0.004035870783788833 0
1 40 0 4
254
255
256
257
-0.05128060054153073 -0.004035870800491265 0
-0.05080586878909522 -0.008046859114184821 0
-0.05001790196151611 -0.01200823585654702 0
-0.04892155813860573 -0.01589557782244225 0
1 41 0 4
258
259
260
261
-0.04583263636593227 -0.02335289465497851 0
-0.04385910264010391 -0.02687689268913224 0
-0.04161516296605271 -0.03023518573330045 0
-0.03911465198585652 -0.03340706878856077 0
1 42 0 4
262
263
264
265
-0.03340706877225131 -0.0391146519997861 0
-0.03023518569541367 -0.04161516299357906 0
-0.02687689264921031 -0.04385910266456809 0
-0.02335289463754973 -0.04583263637481266 0
1 43 0 4
266
267
268
269
-0.01589557780495017 -0.04892155814428928 0
-0.01200823582287154 -0.0500179019696009 0
-0.008046859074746004 -0.05080586879534173 0
-0.004035870782452832 -0.0512806005429504 0
1 44 0 4
270
271
272
273
0.004035870802845261 -0.05128060054134546 0
0.008046859118881453 -0.05080586878835135 0
0.01200823586510408 -0.05001790195946175 0
0.01589557782726189 -0.04892155813703974 0
1 45 0 4
274
275
276
277
0.02335289465933958 -0.04583263636371017 0
0.02687689269347538 -0.04385910263744242 0
0.03023518573333376 -0.0416151629660285 0
0.03340706879198141 -0.039114651982935 0
1 46 0 4
278
279
280
281
0.03911465199939695 -0.03340706877270695 0
0.04161516299436871 -0.03023518569432681 0
0.04385910265944284 -0.02687689265757398 0
0.04583263637127871 -0.02335289464448546 0
1 47 0 4
282
283
284
285
0.04892155814525798 -0.01589557780196881 0
0.05001790197020623 -0.01200823582035016 0
0.05080586879547072 -0.008046859073931595 0
0.05128060054275789 -0.004035870784898782 0
1 48 0 4
286
287
288
289
0.05128060054164141 0.00403587079908478 0
0.05080586878966865 0.00804685911056432 0
0.05001790196196324 0.0120082358546846 0
0.04892155813970653 0.01589557781905436 0
2 6 0 96
290
291
292
293
294
295
296
297
298
299
300
301
302
303
304
305
306
307
308
309
310
311
312
313
314
315
316
317
318
319
320
321
322
323
324
325
326
327
328
329
330
331
332
333
334
335
336
337
338
339
340
341
342
343
344
345
346
347
348
349
350
351
352
353
354
355
356
357
358
359
360
361
362
363
364
365
366
367
368
369
370
371
372
373
374
375
376
377
378
379
380
381
382
383
384
385
0.02321936463022878 0.06169237196821591 0
-0.06307890297301591 0.01913477600128238 0
-0.06004166475198191 -0.02720452437951418 0
-0.05813384990852906 -0.0310731901760702 0
0.04181747900987406 0.05095474562945656 0
-0.06169237196711267 0.02321936463347884 0
0.06559986914816977 0.006461023189404197 0
-0.06588198592776377 -0.002156752912345597 0
0.06588198592777998 0.002156752912098528 0
0.006461023188077882 -0.06559986914831176 0
-0.0272045243788951 0.06004166475228719 0
0.01913477599710149 0.06307890297436854 0
0.01073762637136501 -0.06503684365667252 0
-0.05095474562760194 0.04181747901212815 0
0.002156752911605588 -0.06588198592781225 0
-0.00215675291154166 0.06588198592781645 0
0.0600416647530805 0.02720452437728645 0
0.06419532043065458 -0.01496824931994032 0
-0.06559986914808315 -0.006461023190186124 0
-0.006461023188168447 0.06559986914829562 0
0.06503684365662278 0.0107376263718971 0
0.01496824931853424 0.06419532043109112 0
0.02720452437815713 -0.06004166475265112 0
-0.02321936463277719 -0.06169237196735083 0
-0.05358064159666533 0.03839534475698569 0
-0.05597709699455242 -0.0348087957990156 0
0.05813384991095742 0.0310731901715392 0
0.04506054439914983 0.04811065361612146 0
0.06169237196719219 -0.02321936463324461 0
-0.01496824931762015 -0.06419532043115943 0
0.03107319017492833 -0.05813384990907401 0
-0.01073762637133145 0.06503684365668959 0
-0.06503684365622478 -0.01073762637407883 0
0.06307890297273595 -0.01913477600238968 0
-0.03107319017430159 0.05813384990949799 0
-0.01913477600129457 -0.06307890297306279 0
-0.06419532043030078 0.01496824932218473 0
-0.04811065361512158 0.04506054440028996 0
0.03480879580093714 -0.05597709699328801 0
0.04811065361449007 -0.04506054440101005 0
-0.03839534476167859 -0.05358064159316602 0
-0.04506054440099332 -0.04811065361450476 0
0.02720452437103527 0.06004166475616323 0
0.03839534475696011 0.05358064159679288 0
-0.05813384992632534 0.03107319014347145 0
0.05597709699749421 0.0348087957942998 0
0.02321936464273176 -0.06169237196397172 0
0.04181747904356638 -0.05095474560228547 0
0.01496824938041328 -0.06419532041699237 0
0.050954745624951 -0.04181747901548 0
0.06169237196382349 0.02321936464316845 0
-0.03107319014423002 -0.058133849925907 0
-0.02321936464227361 0.06169237196412725 0
-0.04506054440566486 0.04811065361040792 0
-0.06169237196389923 -0.02321936464294536 0
0.06419532041730497 0.01496824937916916 0
0.010737626309762 0.06503684366720049 0
-0.04181747901649913 -0.05095474562417083 0
-0.05597709702489014 0.03480879575083479 0
-0.06588198592849007 0.002156752901264635 0
0.06307890296328031 0.01913477603503037 0
0.06004166475720586 -0.02720452436892108 0
0.05358064159463425 -0.03839534475963493 0
0.06588198592854556 -0.002156752900417811 0
-0.06004166475798253 0.02720452436734613 0
-0.0272045243675792 -0.06004166475786759 0
0.04811065360989126 0.045060544406254 0
-0.06307890296369167 -0.01913477603355463 0
0.0191347760355365 -0.06307890296317589 0
-0.06559986915198888 0.006461023154954798 0
-0.04811065360967496 -0.04506054440650066 0
0.00215675289992344 0.06588198592857793 0
0.03107319014934854 0.05813384992324282 0
-0.05358064156425246 -0.03839534480281267 0
-0.06503684366628121 0.01073762631535556 0
-0.05095474560828445 -0.04181747903641568 0
-0.01913477603293223 0.06307890296390646 0
-0.04181747903377209 0.05095474561040456 0
0.05813384992442212 -0.0310731901469976 0
-0.03480879579536406 0.0559770969968879 0
-0.01496824937807908 0.06419532041760483 0
0.06503684366754771 -0.01073762630756755 0
0.05095474560981845 0.04181747903445174 0
0.006461023150739716 0.06559986915245512 0
0.03839534480700001 -0.05358064156120854 0
-0.06419532041731302 -0.01496824937956337 0
-0.002156752897921577 -0.06588198592870916 0
-0.03480879575238558 -0.05597709702390166 0
-0.01073762630405915 -0.0650368436681234 0
0.06559986915259762 -0.006461023149905917 0
0.05358064156718216 0.03839534479868284 0
0.0348087957541111 0.05597709702289971 0
0.04506054441117035 -0.04811065360557974 0
-0.006461023145593756 -0.06559986915300027 0
-0.03839534479850283 0.0535806415673114 0
0.05597709702375192 -0.03480879575280347 0
2 7 0 256
386
387
388
389
390
391
392
393
394
395
396
397
398
399
400
401
402
403
404
405
406
407
408
409
410
411
412
413
414
415
416
417
418
419
420
421
422
423
424
425
426
427
428
429
430
431
432
433
434
435
436
437
438
439
440
441
442
443
444
445
446
447
448
449
450
451
452
453
454
455
456
457
458
459
460
461
462
463
464
465
466
467
468
469
470
471
472
473
474
475
476
477
478
479
480
481
482
483
484
485
486
487
488
489
490
491
492
493
494
495
496
497
498
499
500
501
502
503
504
505
506
507
508
509
510
511
512
513
514
515
516
517
518
519
520
521
522
523
524
525
526
527
528
529
530
531
532
533
534
535
536
537
538
539
540
541
542
543
544
545
546
547
548
549
550
551
552
553
554
555
556
557
558
559
560
561
562
563
564
565
566
567
568
569
570
571
572
573
574
575
576
577
578
579
580
581
582
583
584
585
586
587
588
589
590
591
592
593
594
595
596
597
598
599
600
601
602
603
604
605
606
607
608
609
610
611
612
613
614
615
616
617
618
619
620
621
622
623
624
625
626
627
628
629
630
631
632
633
634
635
636
637
638
639
640
641
-0.05485505205201387 0.002155260861880827 0
-0.04985467722527583 0.02298332099217656 0
0.02298332099112034 0.0498546772245899 0
0.0190009182112981 -0.05150424247140527 0
0.04031237886096226 0.03726437972316174 0
0.002155260863359443 0.05485505205973455 0
-0.03726437972501939 0.04031237886100839 0
-0.04031237886491982 -0.03726437972372631 0
0.03726437972553684 -0.04031237886334217 0
-0.0229833209996919 -0.0498546772292388 0
0.05485505206169709 -0.002155260862855842 0
-0.002155260861563514 -0.0548550520621531 0
-0.05150424247636218 -0.01900091821024446 0
-0.01900091820933373 0.05150424247738759 0
0.05150424247900114 0.01900091820919194 0
0.04970867366111465 -0.02291986011651497 0
0.03389710097507465 0.0431374121098054 0
0.01480886487924351 0.05282563107648017 0
0.05447162658792182 0.006533886648951406 0
0.04313741210061769 -0.03389710098068675 0
-0.0431374121054944 0.03389710098012803 0
0.02688191317696697 -0.04782481073374786 0
-0.05447162658784097 -0.006533886651427634 0
-0.006533886652984129 0.05447162658783866 0
-0.03389710098056288 -0.04313741210351209 0
-0.04782481073565852 -0.0268819131736257 0
-0.01480886488893773 -0.05282563107607614 0
0.04782481073172226 0.02688191318285129 0
0.006533886656391624 -0.05447162658870154 0
0.05282563107682015 -0.01480886488667238 0
-0.0268819131773018 0.04782481073513862 0
-0.05282563107857575 0.0148088648758423 0
-0.06050307374886248 0.01062817295670249 0
-0.0352668805627525 0.05029738690299554 0
0.01062817295917969 0.06050307375018955 0
-0.0502973869050091 -0.03526688055845752 0
0.05029738690124356 0.03526688056285072 0
0.05183037437107027 -0.03298194787401672 0
0.03526688056408728 -0.05029738690104583 0
0.06050307375077635 -0.01062817296401339 0
-0.05996477720225411 -0.01333437246213114 0
0.03297267540307227 0.05183032577920135 0
-0.03297267539977208 -0.05183032578285608 0
-0.0106281729644104 -0.06050307375120815 0
-0.01333437246150422 0.05996477720190342 0
0.0133343724627248 -0.05996477720136176 0
0.05996477720264388 0.0133343724586093 0
-0.05183032578138239 0.03297267540021999 0
-0.06142013457356624 -0.002260928562665672 0
0.04183187574226076 0.04502931158075371 0
-0.05761002512467814 0.02141564228819766 0
-0.0450293115776001 0.041831875743474 0
0.04502931157792251 -0.04183187573904619 0
-0.02141564229350115 -0.05761002511960316 0
-0.002260928563175751 0.06142013457472876 0
0.05759160650976114 -0.02143075805686625 0
0.02559329354273767 -0.05587958531214966 0
0.06142013457393697 0.002260928562663141 0
0.002260928564215482 -0.06142013457588724 0
0.0214156422865453 0.05761002512120052 0
-0.04183187573902201 -0.04502931157874043 0
-0.05587958531356958 -0.0255932935409665 0
-0.02559329354310484 0.05587958531287571 0
0.05587958531498281 0.02559329354290234 0
-0.05366599624749503 0.01061062805755223 0
-0.05678438682018713 0.01363272507650421 0
0.03034002973143541 0.04552040396399037 0
0.03432543972517289 0.04724491473002623 0
0.04545043692047777 0.03044474281312117 0
0.0497924173374103 0.0305128326391923 0
0.0106106280664067 0.05366599624744509 0
0.01363272508645596 0.05678438681931375 0
-0.04545043692623343 -0.03044474280553055 0
-0.04979241734570187 -0.03051283262675921 0
0.01073414555210146 -0.05364142709250101 0
0.009135448374099044 -0.05767895078441085 0
0.03044474280781183 -0.04545043692455276 0
0.03051283263076498 -0.0497924173441095 0
-0.01073414554608619 0.05364142709412226 0
-0.009135448369023649 0.05767895078198904 0
-0.0303400297424898 -0.0455204039577634 0
-0.03432543973632208 -0.04724491472179559 0
-0.03044474280931608 0.04545043692449253 0
-0.03051283263136488 0.04979241734613359 0
-0.04552040396000956 0.03034002973702381 0
-0.04724491472586308 0.03432543973652277 0
0.05366599624735556 -0.01061062807243361 0
0.05678438682106299 -0.01363272509734524 0
0.04547348961171523 -0.03037315876221111 0
0.04731601805762928 -0.03432788795402338 0
-0.01061062807395343 -0.05366599624728394 0
-0.01363272510153327 -0.05678438682195793 0
-0.05364142709457782 -0.01073414554521449 0
-0.0576789507834924 -0.009135448365835481 0
0.05364142709505985 0.01073414554205891 0
0.05767895078342134 0.009135448362612118 0
-0.03709288472029887 -0.04028298060193811 0
-0.05429769636278168 0.006352885004471784 0
-0.05777796853352299 0.004230037692290686 0
-0.05471299906806579 -0.002255738427204067 0
-0.0402829806031345 0.03709288472003155 0
0.04028298060108829 -0.03709288472024527 0
-0.002255738428272759 0.05471299906991831 0
0.03709288471905147 0.04028298060530337 0
0.04968498627737328 0.02302178884880582 0
-0.02302178884605542 0.04968498627762244 0
0.05471299906979269 0.002255738426940339 0
0.002255738430762254 -0.05471299907101651 0
-0.05141145372933972 0.0188537277086654 0
0.05138711979907941 -0.01884315090137236 0
0.006352885012879209 0.05429769636535193 0
0.004230037695054045 0.0577779685369465 0
0.01885372770936305 0.05141145372639056 0
0.02302178884597989 -0.04968498627595058 0
-0.01885372771608991 -0.05141145372634351 0
0.05429769636590951 -0.006352885015110212 0
0.05777796853757811 -0.00423003769540661 0
-0.04968498627807647 -0.02302178884413472 0
-0.04288643737578851 -0.03390210123048479 0
-0.0438462816941359 -0.03786410501710031 0
0.04288643737091451 0.03390210123418493 0
0.04384628169192059 0.03786410501898192 0
-0.006352885014731862 -0.05429769636606336 0
-0.004230037694705651 -0.05777796853779849 0
0.05259567417780271 0.01490952837810561 0
0.05499864790597947 0.01820262606682962 0
-0.04773338649441736 0.02664812923881272 0
-0.05176111721646979 0.02601871655498403 0
-0.01490952838024871 0.0525956741766576 0
-0.01820262606817541 0.05499864790467544 0
-0.02664812924712565 -0.04773338649381326 0
-0.02601871656101088 -0.05176111721797555 0
0.03390210123205767 -0.04288643737410829 0
0.03786410501973975 -0.04384628169242905 0
-0.05259567417656928 -0.01490952838079689 0
-0.05499864790502534 -0.01820262606851215 0
-0.03390210123409002 0.04288643737244677 0
-0.03786410501924356 0.04384628169302178 0
0.0149095283863169 -0.05259567417253246 0
0.01820262607066398 -0.054998647901293 0
0.02664812923572393 0.04773338649667191 0
0.02601871655488919 0.05176111721619785 0
0.04766570513716611 -0.02668593710598646 0
0.05170713304119388 -0.0260388292974434 0
0.03789628298820192 0.04408587021660608 0
-0.04408587021369276 0.03789628299078866 0
0.05188253234256649 0.0262277535184391 0
-0.05523231281248392 0.01814066807559246 0
0.04409772076811328 -0.0378966910247772 0
-0.03789628298892092 -0.04408587021254957 0
0.004376699098849057 -0.05797013646710703 0
0.05522518738684656 -0.01814142457608356 0
-0.004376699096486715 0.05797013646581179 0
0.01814066807659781 0.05523231280950358 0
0.02622775351597265 -0.05188253234183039 0
-0.05797013646505973 -0.004376699095144811 0
-0.01814066808541937 -0.05523231280931812 0
0.05797013646547011 0.004376699094653685 0
-0.05188253234367141 -0.02622775351325829 0
-0.02622775351624058 0.05188253234318194 0
0.05584728706915591 -0.02535489542490893 0
-0.06130537788001432 0.00204274019280379 0
0.04479388386470079 0.0419050129832486 0
0.04190501298448984 -0.04479388386342892 0
-0.0419050129820539 0.04479388386522944 0
-0.05585706102924527 0.02534779828111836 0
0.002042740192320762 0.06130537788230631 0
-0.02534779828390098 -0.05585706102999383 0
-0.002042740191125729 -0.06130537788307459 0
0.06130537788265742 -0.002042740191990838 0
0.02157330657724308 -0.05742050668405852 0
-0.04479388386568665 -0.04190501298109274 0
0.02534779828287829 0.05585706102681199 0
-0.05742050668596783 -0.02157330657735116 0
-0.02157330657762534 0.05742050668577567 0
0.05742050668682461 0.02157330657681183 0
-0.05790179834999448 -2.018808090232913e-05 0
-0.05350201203701414 0.02213940756938955 0
0.04092847912466305 0.0409570293900917 0
-0.04095702939070003 0.04092847912244629 0
0.02213940756881948 0.05350201203509019 0
-0.02213940757303379 -0.0535020120381951 0
0.04095754352410542 -0.04092849682516613 0
0.02217671029390242 -0.05348656074273524 0
-2.018808360642323e-05 0.05790179835154302 0
-0.04092847912300476 -0.04095702938916698 0
0.05790179835138309 2.018808530816157e-05 0
0.05346010050456676 -0.02214389867683313 0
2.018808690623166e-05 -0.05790179835160192 0
-0.05348656074469319 -0.02217671029393081 0
0.05348656074483761 0.0221767102942626 0
-0.02217671029421306 0.05348656074403971 0
-0.06131496949639108 0.006150481568876843 0
0.02914652702725622 0.05429395795126238 0
-0.05429395795639427 0.02914652702052398 0
-0.03900718349723747 0.04770527794791295 0
0.01778191894416423 -0.05900133275473625 0
0.006150481568921455 0.06131496950264013 0
0.04770527794618148 0.03900718349935201 0
-0.04770527795055427 -0.03900718349609143 0
0.03900718350371998 -0.04770527794568538 0
-0.0291465270226112 -0.05429395796138766 0
-0.0590013327590953 -0.01778191894524929 0
0.06131496950449977 -0.006150481569768591 0
-0.006150481569146552 -0.06131496950479882 0
-0.0177819189454691 0.05900133275935249 0
0.05900133276059778 0.01778191894408442 0
0.05430078709239553 -0.02915564438400804 0
-0.05705041695753496 0.008826684562254352 0
-0.03409932818984254 0.0465821452163908 0
0.02998704258182084 0.04932988660771188 0
0.008826684571934041 0.05705041695806479 0
-0.04658214521815002 -0.03409932818422478 0
0.04658214521259944 0.0340993281897891 0
-0.0560855384982744 -0.01367745616409927 0
0.03409932818644363 -0.0465821452156204 0
0.01367745617126627 -0.05608553849415203 0
-0.02998704259283698 -0.04932988660150293 0
0.05705041695746391 -0.008826684575429974 0
-0.04932988660394517 0.02998704258312379 0
-0.008826684575430021 -0.05705041695764677 0
-0.01367745616320301 0.05608553849703626 0
0.05608553849779828 0.01367745616004098 0
0.04940751238677487 -0.03000220988414455 0
0.05044085438549354 -0.03639516765392494 0
-0.06044446812405392 0.01424725830334587 0
0.01424725830313253 0.06044446812344709 0
-0.0326663603388696 0.05281502625532576 0
-0.05281502625765536 -0.03266636033302053 0
0.03629384688026299 0.05039121723842874 0
-0.06129559666441904 -0.009968346182863616 0
0.03266636033903181 -0.05281502625403203 0
0.05281502625611088 0.03266636033676247 0
-0.03629384687606697 -0.05039121724062588 0
-0.009968346181168899 0.06129559666463251 0
0.06129559666477755 0.009968346178270665 0
-0.01424725831272209 -0.06044446812335358 0
0.06044446812308289 -0.01424725831184529 0
0.009968346180079669 -0.06129559666622786 0
-0.05039121723919138 0.03629384688024292 0
-0.04786317772804884 0.03910321773586145 0
0.06149452796283796 0.006194227116691738 0
-0.01781021738278171 -0.05918396384024664 0
0.03910321773442769 0.04786317773203661 0
-0.06149452796299256 -0.006194227119606637 0
0.04788059730304356 -0.03916790585029931 0
0.05918241233270685 -0.01781118144087178 0
0.02925565669431934 -0.05444310764928 0
-0.00619422711828155 0.06149452796427811 0
0.0178102173718481 0.05918396384410325 0
-0.03910321772944073 -0.04786317772908493 0
-0.05444310765163839 -0.02925565668898289 0
-0.02925565669402832 0.05444310765056263 0
0.006194227117360897 -0.06149452796635144 0
0.05444310765417072 0.02925565669223916 0
-0.05918396384867383 0.01781021737523779 0
2 8 0 589
642
643
644
645
646
647
648
649
650
651
652
653
654
655
656
657
658
659
660
661
662
663
664
665
666
667
668
669
670
671
672
673
674
675
676
677
678
679
680
681
682
683
684
685
686
687
688
689
690
691
692
693
694
695
696
697
698
699
700
701
702
703
704
705
706
707
708
709
710
711
712
713
714
715
716
717
718
719
720
721
722
723
724
725
726
727
728
729
730
731
732
733
734
735
736
737
738
739
740
741
742
743
744
745
746
747
748
749
750
751
752
753
754
755
756
757
758
759
760
761
762
763
764
765
766
767
768
769
770
771
772
773
774
775
776
777
778
779
780
781
782
783
784
785
786
787
788
789
790
791
792
793
794
795
796
797
798
799
800
801
802
803
804
805
806
807
808
809
810
811
812
813
814
815
816
817
818
819
820
821
822
823
824
825
826
827
828
829
830
831
832
833
834
835
836
837
838
839
840
841
842
843
844
845
846
847
848
849
850
851
852
853
854
855
856
857
858
859
860
861
862
863
864
865
866
867
868
869
870
871
872
873
874
875
876
877
878
879
880
881
882
883
884
885
886
887
888
889
890
891
892
893
894
895
896
897
898
899
900
901
902
903
904
905
906
907
908
909
910
911
912
913
914
915
916
917
918
919
920
921
922
923
924
925
926
927
928
929
930
931
932
933
934
935
936
937
938
939
940
941
942
943
944
945
946
947
948
949
950
951
952
953
954
955
956
957
958
959
960
961
962
963
964
965
966
967
968
969
970
971
972
973
974
975
976
977
978
979
980
981
982
983
984
985
986
987
988
989
990
991
992
993
994
995
996
997
998
999
1000
1001
1002
1003
1004
1005
1006
1007
1008
1009
1010
1011
1012
1013
1014
1015
1016
1017
1018
1019
1020
1021
1022
1023
1024
1025
1026
1027
1028
1029
1030
1031
1032
1033
1034
1035
1036
1037
1038
1039
1040
1041
1042
1043
1044
1045
1046
1047
1048
1049
1050
1051
1052
1053
1054
1055
1056
1057
1058
1059
1060
1061
1062
1063
1064
1065
1066
1067
1068
1069
1070
1071
1072
1073
1074
1075
1076
1077
1078
1079
1080
1081
1082
1083
1084
1085
1086
1087
1088
1089
1090
1091
1092
1093
1094
1095
1096
1097
1098
1099
1100
1101
1102
1103
1104
1105
1106
1107
1108
1109
1110
1111
1112
1113
1114
1115
1116
1117
1118
1119
1120
1121
1122
1123
1124
1125
1126
1127
1128
1129
1130
1131
1132
1133
1134
1135
1136
1137
1138
1139
1140
1141
1142
1143
1144
1145
1146
1147
1148
1149
1150
1151
1152
1153
1154
1155
1156
1157
1158
1159
1160
1161
1162
1163
1164
1165
1166
1167
1168
1169
1170
1171
1172
1173
1174
1175
1176
1177
1178
1179
1180
1181
1182
1183
1184
1185
1186
1187
1188
1189
1190
1191
1192
1193
1194
1195
1196
1197
1198
1199
1200
1201
1202
1203
1204
1205
1206
1207
1208
1209
1210
1211
1212
1213
1214
1215
1216
1217
1218
1219
1220
1221
1222
1223
1224
1225
1226
1227
1228
1229
1230
0.010204465884709 -0.006958004267959475 0
0.0104249075026145 0.007480795480851979 0
-0.002352904803660832 0.01218400351751689 0
-0.01208245773423359 -0.002860996415894145 0
-0.01021366085202338 0.006824380741202695 0
-0.007266794595583651 -0.01006813487853181 0
0.002263134930439671 -0.01226339847724657 0
0.01974663824133123 0.04342339239440798 0
0.04775615065622089 -0.001931241870380153 0
-0.04757641191441771 0.008974023541806391 0
0.02704792824845298 -0.04048735683480096 0
-0.03984137860747647 -0.02664016941399005 0
-0.02654094856302446 0.03956606444652904 0
-0.009422616401854801 -0.04683175587890497 0
0.006237723674429888 0.04782432382403427 0
0.04597799719218058 0.01321009495389878 0
0.04533091431406963 -0.01626464777167454 0
0.0321273505056015 0.03495780314108876 0
0.01292816550603165 -0.04633046019398636 0
-0.04226922096020694 0.0238013759905557 0
-0.02350162186038756 -0.04155846227112969 0
-0.01271997727789075 0.04650313104265036 0
-0.04591861803035017 -0.01308966844582517 0
0.03770476754356368 -0.02950452631472848 0
0.03954058970364929 0.02652094398357775 0
-0.03234435119889416 -0.03563976882171417 0
-0.04791646421454998 -0.00229086931657472 0
0.002647320180891363 -0.04836072025629062 0
-0.03503188636169179 0.03259460079954177 0
-0.005642965125541277 0.04764623196085731 0
-0.02011336787573417 0.04384926488697975 0
-0.01657957786397021 -0.04494091230135288 0
-0.04522970066644497 0.01647943009406047 0
0.01995617594722436 -0.0434409443427619 0
0.0421304233188883 -0.02342172081657486 0
-0.04378776637043109 -0.020238881053792 0
0.01288792031948373 0.0460673044779274 0
0.04790243021439684 0.005852640734905957 0
0.0437446080398687 0.02016924024158209 0
0.03274757824123898 -0.03518505910837959 0
0.02680661817195761 0.0397050290980662 0
0.04703932463776928 -0.009360096258783052 0
0.011874815889439 -0.002856731504133529 0
0.01422743305527022 -0.005965784246897852 0
0.01529527837412512 -0.002136451388143387 0
0.01301167255449109 -0.009461006140502059 0
0.01664947909417854 -0.008623434008931844 0
0.01555722574577932 -0.0122082932259765 0
0.01922007526660788 -0.01133901319262172 0
0.01811361512013172 -0.0149703594917844 0
0.02180142771083041 -0.01411955724871491 0
0.02290856524926385 -0.01045967332635452 0
0.02068932690297694 -0.0177560745933945 0
0.01696792420549807 -0.0186013606542174 0
0.01954689058647519 -0.02140117513605328 0
0.01580946929359994 -0.02225027141534825 0
0.02551604289247631 -0.01326581384085976 0
0.02662835290399367 -0.009594665509619075 0
0.01832898933108223 -0.02510915978799061 0
0.01467586298730722 -0.02592017058221108 0
0.02324636789564835 -0.02059707582492929 0
0.01205565893634333 -0.02309345521619775 0
0.01092005067214883 -0.02675605233196831 0
0.008313699311013686 -0.02393323346930271 0
0.007169256926058663 -0.0275935710606522 0
0.004579003861094461 -0.02480924672606832 0
0.003421281459588914 -0.0284294103518529 0
0.0008308526743514775 -0.02565171202092127 0
-0.0003314768157033073 -0.0292679057815002 0
-0.002940336064665912 -0.02643878258370404 0
-0.004094074222760667 -0.03008945537388637 0
-0.006707582611230376 -0.02726075527038919 0
-0.008062392583284408 -0.03092964383088315 0
-0.01051395784410353 -0.02806372536930234 0
0.005961121160193306 -0.0313024256267381 0
0.02925710070843583 -0.01240929665667447 0
0.03037346638595955 -0.008724670861984564 0
0.02773289910561783 -0.005915198499274823 0
0.03148789775669869 -0.005031993824313437 0
0.02884234621086876 -0.002220510202705414 0
0.03260458195783244 -0.001333289602585025 0
0.02996599865395339 0.001426895830701826 0
0.01343080389324496 -0.02965458340923922 0
-0.009333489541568421 -0.02440658324174433 0
-0.01309505473467775 -0.02523952904402327 0
-0.0144824232519555 -0.02887030698718671 0
-0.01691126262851642 -0.02601647748282274 0
-0.01570022828897112 -0.02237961213730818 0
-0.01953995739256537 -0.02326681210078983 0
-0.01829855014375753 -0.01954828419258979 0
-0.02213977462550153 -0.02043156962645186 0
-0.0208952348833926 -0.01670238617876378 0
-0.02466513984280719 -0.01751866499299486 0
-0.0235563899214819 -0.01390540846996471 0
-0.02726080915296403 -0.01466502826485738 0
-0.02616013618042226 -0.01104772830255658 0
-0.02986298418089456 -0.01180781528350416 0
-0.02866380816395984 -0.008109206725550173 0
-0.0324504744083597 -0.008928795536212666 0
-0.03126556946078275 -0.005234458991918897 0
-0.02748290374447376 -0.004408241840646127 0
-0.03007592133366123 -0.001544633235924078 0
-0.02629657197844318 -0.0007325249208804318 0
-0.02888809206019959 0.002125221986379879 0
-0.02512713025343691 0.002942878439750092 0
-0.02770626973532412 0.005787692968730128 0
-0.02395558444428941 0.006593526177714963 0
-0.02651937300448077 0.009438284720869893 0
-0.02277793464930511 0.01024508882694886 0
-0.02534225633617548 0.01309226003575789 0
-0.02158865480555234 0.01390780723220689 0
-0.02414930360895418 0.01674942430966465 0
-0.02041170374234115 0.0175656149966233 0
-0.02297054578699148 0.0204192923488037 0
-0.01920811170817847 0.02124342965249025 0
-0.03027690069572706 0.008703126647908468 0
-0.03267239095006531 0.001332234735900255 0
-0.02181148495230411 0.02411272377160711 0
-0.01801972839469156 0.02489664614233202 0
-0.01542692106717223 0.02205366218084087 0
-0.0142360518141904 0.02569595065103312 0
-0.01166115511543643 0.02285871152748418 0
-0.0104703950686684 0.02651152735298248 0
-0.007902149207182548 0.02366733279452315 0
-0.006711651920480191 0.02731474309554141 0
-0.004159096346745961 0.02455745444667495 0
-0.00295821713779677 0.02814088351735946 0
-0.0004026317930023965 0.02537527992996878 0
0.0008024796595940658 0.02895286264329594 0
0.003382536807847815 0.02609251365767475 0
0.004550850033161418 0.02972568017984401 0
0.007159044256829949 0.02687152162551634 0
0.008241509612784872 0.03053733261085157 0
0.01090969285985707 0.02765452263712834 0
0.009734162086630666 0.02403842396954862 0
0.01352909701726647 0.02479188460483599 0
-0.005600386321438516 0.03099695526313925 0
0.001875391701061867 0.0326276032742596 0
0.01465646117391861 0.02847032095020709 0
0.01730365564169794 0.02557120284171359 0
0.01611795722240417 0.02189556082971718 0
0.01990427679970533 0.02268402359717309 0
0.01869354440357105 0.01901669066496075 0
0.02247926791906613 0.01979818095762609 0
0.02126617486557568 0.01613229562674463 0
0.02506180949780213 0.01690807514026321 0
-0.01304950904665314 0.02940212035626892 0
-0.02786071142432698 0.01608707965034099 0
-0.02583109356874798 -0.02118179055070728 0
0.03372006810460932 0.002374381894663524 0
-0.001476891541572651 -0.03295590435135663 0
0.02627849433309931 0.02059495904174513 0
0.02887482872722701 0.01768682778002815 0
-0.02118105541138589 -0.02691622190835569 0
0.02107752124045852 0.02639200441232663 0
-0.02554378954960379 0.02354694936725957 0
-0.03128144897331229 -0.01532753754582523 0
-0.02008119555487635 -0.0130657980120906 0
0.02383723840047145 0.01324149911742364 0
-0.02063186292184337 0.02781111249217868 0
0.01533449314613877 0.01809418826803712 0
-0.03507371382662528 -0.006052800417262986 0
-0.001656749367224124 -0.02281781507368736 0
-0.01289255744342899 0.01941937839917778 0
0.001993329516018505 0.02258818805738754 0
0.03413501602076552 -0.007834166136960908 0
-0.02367421634961112 -0.003398494544357881 0
0.0119907840866509 -0.01306389089872515 0
0.02624885040169412 0.000457988680785837 0
-0.01451279615549987 -0.0187601261183246 0
-0.02119077747498077 0.003742869378447949 0
0.0200649670347404 0.01246885878723095 0
0.03110237912398745 0.005067425775361921 0
0.03485698954155973 0.006079830744352689 0
0.03638653214250935 -0.0004554881948203604 0
0.03009940613820574 0.0213985227986831 0
0.03263814529767573 0.01849478057730463 0
-0.03626666224053034 -0.0097720077260691 0
-0.03890790459812034 -0.006876664992251581 0
-0.01912604618627612 0.01096479555243761 0
0.005859570819018327 -0.0211715598039656 0
0.02261591825327041 0.00959543853467121 0
0.01903732701887718 0.008945670902601793 0
-0.005558628348920612 0.02097551743089363 0
0.03220625291509573 0.008835016236919294 0
0.03601443723773805 0.009721742979662967 0
0.03867707155980403 0.006965408543192314 0
0.007442138162417991 0.01009535148252227 0
0.01042085255850213 0.01115431305004516 0
0.008399491594189462 0.01372739812689257 0
-0.01038575357277596 -0.006939592137157812 0
-0.01414465863987623 -0.005858909443774512 0
-0.01080249169866796 -0.01089876141647231 0
-0.008466614410321368 -0.01372703594650991 0
-0.01591191855145281 -0.002565301206884869 0
-0.008045290369831459 0.009649528295303701 0
0.01211021233476948 0.00458877023737719 0
-0.001222861720134174 -0.01257790967511782 0
-0.01196790648083592 0.003598418809982391 0
0.001196485823216478 0.01257035637236261 0
-0.037706391524897 -0.003133374096064383 0
0.02749316765197449 0.02431341566528473 0
0.03133469352883148 0.02512907302463987 0
0.02871500289019562 0.02806591705692173 0
0.02813166695556876 -0.01609121229445391 0
0.03190503705687846 -0.01523372082076498 0
0.03077588008206752 -0.01894635593703983 0
0.03457516190392904 -0.01808000438315187 0
0.03342357768512842 -0.02182591079558136 0
0.02961383285592274 -0.02269290776609643 0
0.03570830850725427 -0.01433287733630216 0
-0.01251606373597447 0.009939628990471551 0
0.021399486030698 0.00600877634998634 0
0.001223504349338788 -0.01559094288497112 0
0.004870613087044182 -0.01488070972580745 0
-0.002494680548146009 -0.01622440183338944 0
-0.009621426232109015 0.01273633492610163 0
-0.001216772732092316 0.01551644918376108 0
-0.01353388021459684 0.01353556420414904 0
0.03218313458838873 -0.02555717778542007 0
0.02841527369004776 -0.02645779833651614 0
-0.0178305542695322 -0.00573167082794699 0
0.00261346196154397 0.01608338074259322 0
0.03240484818603706 0.0287288599365209 0
0.03974063958940571 0.01066044660490186 0
0.03716236942033519 0.0133619544241051 0
0.03834109062764236 -0.0171802918550139 0
0.03942778604548604 -0.01340518527669914 0
-0.04154229336534742 -0.003966481964355018 0
-0.04033336757850371 -0.0002173227585662076 0
-0.04001766332776244 -0.01054560819956965 0
-0.03745526640498442 -0.01339281722544682 0
0.02510984700264968 0.006744379026943951 0
0.0174764450479089 0.005557345936669146 0
0.02020340194060619 0.002377693710151127 0
0.01689621040872219 0.01163474195757938 0
0.04141542473051782 0.01437032685219562 0
0.0384630020569592 0.01679644114172264 0
0.03071619780149921 -0.02927114919359528 0
0.02720782574563156 -0.03021386000916097 0
0.02460410451746877 -0.02728904555690287 0
0.02340894559599208 -0.03108531738501747 0
0.007179802578067868 -0.009925534345807445 0
0.03123607215531896 0.01483911552817617 0
-0.0158045927194418 -0.008871595443531161 0
0.02616587867103454 -0.03401400379915286 0
0.02220933815654456 -0.03473781105429331 0
0.01960109434348341 -0.03187347103589176 0
0.01837265716325937 -0.03567920920863797 0
-0.00464267341451739 0.01494177099081975 0
0.03622214720210688 -0.02505879517277804 0
0.04214452221648502 0.007446687768851931 0
0.04126002754799083 0.004019094145215269 0
-0.04163942751419086 -0.01426345496023095 0
-0.03887643889075604 -0.01696419337487316 0
-0.01137667056224324 -0.01387505026309246 0
-0.01069822706075886 -0.0173165620184907 0
0.01174432498140806 0.01403193258926866 0
0.009707130889029154 0.01723894408208912 0
0.0210290795235398 -0.03862579480014966 0
0.01718174881284571 -0.03964627297815557 0
0.01450710900723166 -0.0365807154022581 0
0.01326125236301396 -0.04019900618857619 0
0.01062471776040547 -0.03739312443187972 0
0.009384066605704535 -0.0409875371335263 0
0.006758145558214528 -0.03822787492879167 0
0.005520962946900769 -0.04184096611592001 0
0.002894053092780609 -0.03908122265193562 0
0.008440722853393883 -0.04472148848851866 0
0.00146565052649663 -0.04262597770972055 0
-0.001007084769685014 -0.03991472678533345 0
-0.00241496262461598 -0.04358670573710505 0
-0.004888119594384148 -0.04074392571012075 0
-0.003640468393626698 -0.03699416344661222 0
-0.007336161165983041 -0.0377559035861349 0
-0.008675738273655233 -0.04171632829362337 0
-0.01181832592344535 -0.03941657139506211 0
-0.01002705542527393 -0.03488703758835668 0
-0.01387631030823442 -0.03578051967484003 0
-0.01557366502717743 -0.03899371801463186 0
-0.01794148443905132 -0.03655048020253299 0
-0.01649527361934181 -0.03274950328584864 0
-0.02029591105368038 -0.03352816633510833 0
-0.02181298424847098 -0.03745720928809468 0
-0.02437377964363949 -0.03439935254004486 0
0.01416688808207366 0.006763256893880542 0
0.03528490591060467 0.02585233449737631 0
-0.02312752964904965 -0.03063907982756221 0
-0.02696396845885107 -0.03140628218174946 0
-0.02548929505501091 -0.02776567230045063 0
-0.02953925581925511 -0.02845925224259218 0
0.004354476830380297 -0.0352582090503379 0
-0.01898917625728422 -0.009417233230341885 0
-0.01980148930360917 -0.00275446908183856 0
-0.01778999010887944 0.0008761274122967636 0
-0.02796225712201539 -0.02485671762448891 0
-0.03215021317387737 -0.02555932935476742 0
-0.03349385940359667 -0.02924865392706475 0
-0.03063185025299896 -0.02186090943992746 0
-0.03467189204358181 -0.02269029136408117 0
0.03646597261454426 0.02970107821795188 0
0.03778432156632955 0.02297510202739364 0
0.01182902111969018 -0.0336345577640243 0
0.0165867584128606 0.001605108358992459 0
-0.02588053576844606 -0.03792790648771449 0
-0.01867408279637387 -0.04086507247939675 0
-0.03284401397210585 -0.01902752655450459 0
-2.284934724778351e-05 -0.0191503645061714 0
0.0299180185484584 0.03176113627774017 0
0.02605857704475692 0.03100419764945956 0
0.02747400765037228 0.03522789541176646 0
0.02338838938602107 0.03396652191518209 0
0.0003223877503075167 0.01902722394364293 0
0.01536902405465131 -0.04314490888678439 0
0.0178628522511103 0.01524628273652258 0
-0.009211569828616838 0.02019375064812063 0
-0.02490992732163267 -0.007234665951618416 0
-0.01665899228206041 0.01858203810563738 0
-0.01734433248531151 0.01462053066377096 0
-0.01731239802756123 -0.01603117721776671 0
-0.02021929029841411 0.007385017703346016 0
-0.01649511131981989 0.008317141501013092 0
0.0121917271656767 0.02053477733799525 0
-0.01192107768722108 -0.02147588048623714 0
-0.0223133625781601 0.0001127311139029888 0
0.009516607887517004 -0.02031142377124569 0
0.01322751020676764 -0.01945214178236457 0
0.01071693367496692 -0.01666037575571799 0
-0.008046963245130826 -0.02060439340424823 0
-0.005503740202814578 -0.02357678651436607 0
-0.004240761707774762 -0.01990494444048227 0
0.005916715502901474 0.02329788357237964 0
0.004257126589532386 0.01967432731082673 0
-0.01739251198953415 0.005067962116489173 0
0.02511622147889213 -0.00316049935453437 0
0.02401104998030663 -0.006793948886785355 0
0.02137697456914965 -0.004001592913858371 0
0.0222408364130317 0.03015601646383963 0
0.01955948848525581 0.03310367313213899 0
0.02063806775193192 0.03680818383002515 0
0.01685238760236757 0.03605134445373852 0
0.01807869432503349 0.03984063243336792 0
0.01420827438658098 0.03902171616609943 0
0.01303580385758634 0.03520504373832251 0
0.0103404974003815 0.03816505272566653 0
0.01157058779804467 0.04202141152098785 0
0.007680906825359983 0.04107514563168972 0
0.006532694103201807 0.03727708826913717 0
0.003827886490624158 0.0402031647532952 0
0.008826514634321134 0.04480122001210222 0
0.01556606873892998 0.04269926000353966 0
0.01577114331946016 0.0322186958191706 0
0.009301649446617537 0.0342877521939623 0
0.02031641652924832 -0.007767202067836768 0
0.0258292308840344 -0.02349478910258608 0
0.002724525470280801 0.0364266499880448 0
-2.772179327244871e-05 0.03937448893931186 0
0.001077013584928593 0.04332698972150069 0
-0.002701322821880732 0.04218628740339734 0
-0.003910075790453304 0.03852306512815811 0
-0.006553555485652741 0.04127670913758825 0
-0.007768462837633173 0.0376513604542544 0
-0.01041590217619626 0.04042532149779042 0
-0.01163036536462326 0.03680193008255898 0
-0.01429154575077297 0.03963782664080355 0
-0.01549358365423432 0.03595061680028343 0
-0.01814292548241574 0.03872422463174113 0
-0.0193601784615301 0.03509173437761637 0
-0.02232691960955154 0.03814225405800844 0
-0.0231165228529698 0.03411528846967345 0
-0.01635645355546239 0.03227069839826889 0
-0.008954649471712159 0.03389876283060425 0
-0.001818290691130429 0.04594221751180779 0
-0.009001872978147266 0.04438842419971711 0
-0.00122038818736928 0.0356304594444519 0
0.02085260677782885 -0.0280397352258368 0
-0.005873248608310588 -0.04473719014305554 0
-0.01237893019885378 -0.04389237568046268 0
-0.02829096590068363 -0.03513287029563435 0
0.02750755112431913 0.01404738143716225 0
-0.03650694277904529 0.0005922627767434307 0
-0.03913338769728082 0.003540621387201576 0
-0.04296689944907604 0.002722409789125019 0
-0.04163436976734061 0.006446973337832042 0
-0.0378943740605884 0.007300121375215506 0
-0.04037258995321685 0.01019722017346027 0
-0.03665936761903913 0.01105569044834733 0
-0.03917122409676327 0.01396342128889519 0
-0.03542347704070313 0.01480915038150686 0
-0.03789716674591762 0.01765616184916885 0
-0.03418625795314941 0.01855273021438206 0
-0.03675428124550824 0.02151290590618963 0
-0.03297981318925175 0.02233411896108103 0
-0.03546822104814838 0.02532896291282043 0
-0.0317015695246449 0.02608368479182084 0
-0.03044520194767714 0.01920525468230126 0
-0.03286736929735622 0.01172532319460231 0
-0.03529508865258646 0.004296343710338622 0
-0.02366807682823209 -0.02423651792517851 0
0.02625662024109945 0.01039946402133249 0
0.01577807592480046 -0.03274732728836224 0
-0.0338834883125128 -0.002340128204754442 0
-0.04264289523054261 -0.007629064107229081 0
-0.0314817833390769 0.005027411719033094 0
-0.00183973223371548 0.03180333373814687 0
0.01442899883996576 -0.01582607030146433 0
0.03381754170733007 0.02222959455096456 0
-0.02875239262715604 -0.0182635762248028 0
0.02369163627399287 0.02350068718559824 0
0.03524116666067693 -0.00414783803014126 0
0.03904223192269397 -0.003284457681338844 0
0.03696758508345215 -0.0209148022761966 0
-0.02452117313627975 0.02712121731490611 0
0.03751094062108388 0.003231541025916186 0
0.03300258778811339 -0.01154148335333809 0
-0.03370206889878369 -0.01249174352342734 0
0.02440270686686942 -0.0169303453145605 0
0.009655686091393468 -0.0304995776418892 0
0.03679833305721095 -0.01061830654081526 0
0.04048842317880821 -0.009677658382278975 0
0.04349126952147994 -0.01236803773010047 0
-0.005114658277392768 0.03484136535623326 0
-0.03408592345817042 0.008022070275602611 0
-0.04523528100080188 0.005839939129839621 0
-0.04737823143621486 0.002142673789239625 0
0.02489020914209266 0.02723380155810376 0
-0.00646864686323661 -0.01683440686100123 0
0.04016332541990838 0.0004006877303989659 0
0.0430417739618132 -0.002501887474406835 0
0.02699994759001853 -0.01979211437327767 0
0.008137372442132971 -0.03444271846993898 0
0.004908891077982628 0.01292641844052893 0
-0.009391820628228196 0.03015737848321403 0
-0.003398311564771171 -0.0474167718092954 0
-0.02909462530689346 0.01242190031719032 0
0.01843485104563712 0.02931865226989942 0
0.03786044147593719 -0.00693474849257612 0
-0.04275409844396778 0.0132982069565503 0
0.002142154751814774 -0.03214252530546916 0
-0.04521749904420463 -0.004878632146920869 0
-0.04664546820524998 -0.008911290676153354 0
0.008140400515316443 -0.0135507077600733 0
0.02261282813150142 -0.0003417012732456205 0
-0.01266014513284728 0.03313771747579142 0
-0.03166195018690624 0.01547216962013255 0
0.0003413819046908346 -0.03625928667909019 0
-0.04413386287019255 -0.001075599931219411 0
0.02206803166542296 -0.02432183010571649 0
0.01198604337837076 0.0313956113249404 0
-0.03598228703071931 -0.02623495286177402 0
-0.03756042843277441 -0.02978923289155314 0
-0.004917403561293705 -0.01301440300932469 0
0.04416144331837343 0.001044378680541243 0
0.04534439639322298 -0.005691228926880056 0
-0.01370753590442655 0.0003817139282858878 0
-0.005526652248485758 -0.03379223252398655 0
-0.01714791628567331 0.02860335551747658 0
-0.02671709501311217 0.01987006509664842 0
0.04159261399321282 -0.006109003483217864 0
0.004923720274299427 0.04423208256006481 0
0.002156009596949406 -0.02203214411409555 0
0.01711123887629119 -0.02889074122158862 0
-0.03461893276786496 0.02884082158387585 0
-0.03049781090392378 0.02982441963518847 0
-0.03075034610323242 0.03428006618669156 0
-0.02688434752390543 0.03307490821877562 0
-0.03818461265858437 0.02800560408258355 0
-0.02791974678227686 0.03625076884584714 0
0.003537555889281866 -0.01840385056604715 0
0.005537770061184716 0.03348035108601657 0
0.02382543067479737 0.003199389900433371 0
-0.02042388218191247 0.03149947518073381 0
-0.02931162862706065 0.02315860028539705 0
0.008237086905179738 0.02040760000693746 0
-0.01224290217203227 -0.03188012278940292 0
0.04005816895386249 -0.02642756225345641 0
-0.04377142115130241 0.02017890152569203 0
-0.01636703104541208 0.04524213977955746 0
-0.04492266203177669 -0.01677499564418416 0
0.03546717598254643 -0.03247234894778095 0
0.04380652679799914 -0.01978524329762105 0
0.02992655850216879 0.03799050873731928 0
-0.04205327008187465 -0.02355096284900056 0
0.02355096285041602 -0.04205327007960339 0
-0.02329961666843082 0.04197080360725392 0
0.02913196395353679 -0.03721359345087435 0
0.04720014501373116 0.009615747977820121 0
0.02369396926365873 0.04169343690868678 0
0.04785425433186494 0.00223149857529796 0
0.04488109706384642 0.01681174780926753 0
0.04188382704604689 0.02340729652371822 0
0.007130276748400952 -0.01757110568901832 0
0.001865537697246073 0.04801341331897918 0
0.00614649368448798 -0.0480076049350607 0
-0.0280744783838588 0.02655901183534466 0
-0.02374144786309178 0.03054020021562727 0
0.01902102778273545 -0.0009248332710462071 0
-0.01057218154366971 0.01639108560207668 0
0.006286802400297371 0.01655445920412592 0
-0.0185644556397383 -0.029698711824812 0
0.02743917903227865 0.004046004681178798 0
-0.03088867985086676 -0.03210792493414256 0
-0.0166827096104612 -0.0124838382950411 0
0.02958310025628898 -0.03302101325074432 0
0.01781443490078455 -0.00490321631611907 0
-0.03834536408525992 -0.02334105056814716 0
0.02862961693178504 0.007723301147733697 0
-0.001901664113621696 0.02174878109179226 0
-0.00331632298674087 0.01828775328057142 0
-0.03496249283938323 -0.0327609392545577 0
-0.04636200400773119 0.01264333232775145 0
-0.006821519816449081 0.01760803368197686 0
-0.04152870083610488 0.01697947103859055 0
-0.01383256353837244 0.00635911467738721 0
-0.02132717509825134 -0.006518379039238396 0
0.02974256256671846 0.0112720904689747 0
0.03537026825852165 0.03323137618547778 0
0.03420722040496592 -0.02879280915790722 0
0.02395632558419048 0.03774172149917886 0
-0.02250400005565812 -0.0101982021676351 0
-0.005700878535661971 0.01186078118388603 0
-0.0203586190842156 -0.04414413601418828 0
-0.02971463842647835 -0.03830869299688893 0
0.04696019371775662 -0.0131793190765754 0
-0.04018388185066164 0.0208522954050436 0
0.04363112901204903 0.01044227959094855 0
0.03346410558575456 0.01213844498987036 0
-0.03522170184592543 -0.01624152308596256 0
0.01010542512384706 -0.01059182868261349 0
0.04167144544003933 -0.01624586974628084 0
0.01271473257280478 0.001263488754612966 0
0.04028908021213763 -0.02016936347607392 0
-0.009483982071123965 0.04787231159063812 0
0.02479764591346121 -0.03746474233094991 0
-0.04337281446161921 -0.01088781727780164 0
-0.01307671859043052 0.04285559320696363 0
-0.01580308678839577 0.01147553218236845 0
0.03464743718365169 0.01579659926011227 0
-0.0170963775594713 0.04181409139921392 0
-0.04398912584791266 0.009566615911206677 0
0.04359120554489864 -0.008641204956252082 0
-0.03892385120751485 0.02470479575287907 0
-0.01304382233932674 -0.008780422202391875 0
-0.03671863227498766 -0.01982486526265125 0
0.004050995906913588 -0.04513519485630332 0
0.03610935181396625 0.01944798028667888 0
0.04003965498217722 0.02012847699423027 0
-0.04845499443657407 -0.005710911906366564 0
-0.005143601420470489 0.04428797404267357 0
0.04458573092297974 0.004387343107635945 0
0.01685033501217247 0.04578681706083632 0
-0.01326093564347064 -0.04701973109015672 0
0.00951409540557981 -0.04797666487307577 0
-0.0402544128660237 -0.02023290440474701 0
0.01359148375569184 0.01043951840054983 0
-0.01420038879381349 0.01650971939496236 0
-0.03030602550378019 0.03825965765023848 0
0.01187664627655907 -0.04307668017827838 0
0.009546462772349508 0.0479933094242429 0
0.02122273903322917 0.03990147341313334 0
-0.0418529598084063 -0.01763276801112331 0
-0.006365721453765474 -0.04815024401774317 0
-0.02512555041623352 0.03650505905081036 0
0.04170875737467387 0.01765524660779963 0
-0.0149381016044097 0.003256667388888285 0
-0.04852739710059788 0.005795605284161229 0
-0.02725620693892668 -0.04079179641604746 0
-0.01357349907250606 -0.01155895989227666 0
0.04864959547411311 -0.005786916221787691 0
0.03254425453730791 -0.03174847593168147 0
-0.001929139350731633 0.04909987506459208 0
0.01475470223584784 0.003985110696749648 0
0.0169454200416753 -0.04604293338853227 0
0.01492172364791372 0.01413092111458265 0
0.03889968586623859 -0.02339802065272477 0
9.654937197452082e-05 -0.04637906890168989 0
-0.02048493900977642 0.0406600027028515 0
-0.01499564016219997 -0.04185575099092148 0
-0.03338728833218643 0.03611816502302251 0
-0.007471735908481433 0.01470760127697219 0
-0.02674385156221191 0.02942395144396842 0
-0.04093904474179945 0.02697209321348598 0
-0.01417756646497895 -0.01547154131093642 0
0.01615561942356374 0.008745579300334302 0
0.01268258017231871 0.01687943680462088 0
0.005167167132386111 -0.01196203311408567 0
0.03294782594254279 0.03170267717037215 0
0.04522960004788736 0.007422737253915691 0
-0.03762020502953763 0.03090425629437299 0
2 9 0 25
1231
1232
1233
1234
1235
1236
1237
1238
1239
1240
1241
1242
1243
1244
1245
1246
1247
1248
1249
1250
1251
1252
1253
1254
1255
0.001118084439959342 -0.006126489276487762 0
-0.001174878625720432 0.005906513713538869 0
-0.006441266426572741 -0.001292567379971349 0
0.005906513713538867 0.001174878625720431 0
-0.003563734437707025 -0.005298493997442387 0
0.005146750964354865 -0.003254057125682147 0
0.003514742733861713 0.004391614638894044 0
-0.00500730054333272 0.003345771256696623 0
0.003946606287964064 -0.005906513713538871 0
0.001718280389669225 -0.002592940336124781 0
-0.001262237133143192 -0.003997167701718185 0
-0.001589973856771043 -0.0006198820417200254 0
0.001055640824734261 0.001603489010918111 0
-0.001977958618251053 0.002900007679172951 0
0.003355768631624147 -2.901857115778587e-05 0
-0.006967207968907528 0.001385863831121816 0
-0.001385863831121815 -0.006967207968907527 0
-0.003946606287964061 0.005906513713538869 0
0.006623653235073352 -0.001209249709100509 0
0.006174918732290887 0.003943801528829974 0
0.001362293147611992 0.006639401157323111 0
-0.005818758739303481 -0.003874532221314226 0
-0.004116889076805644 0.000818900152506866 0
0.000555967892447296 0.004288205239969417 0
-0.003798809945050521 -0.002377290531609884 0
$EndNodes
$Elements
20 2426 1 2763
0 1 15 1
1 1 
0 2 15 1
2 2 
0 3 15 1
3 3 
0 4 15 1
4 4 
0 5 15 1
5 5 
0 6 15 1
6 6 
0 7 15 1
7 7 
0 8 15 1
8 8 
0 9 15 1
9 9 
0 10 15 1
10 10 
0 11 15 1
11 11 
0 12 15 1
12 12 
0 13 15 1
13 13 
0 14 15 1
14 14 
0 15 15 1
15 15 
0 16 15 1
16 16 
2 6 2 384
354 127 207 320 
355 133 213 352 
356 196 116 325 
357 87 167 324 
358 77 157 301 
359 82 162 309 
360 78 158 311 
361 132 212 339 
362 28 12 304 
363 83 163 321 
364 143 223 310 
365 114 194 377 
366 144 224 345 
367 129 209 374 
368 180 100 349 
369 190 110 360 
370 224 144 350 
371 84 164 370 
372 134 214 385 
373 175 95 354 
374 125 205 358 
375 159 79 373 
376 199 119 383 
377 219 139 379 
378 113 193 330 
379 197 117 319 
380 88 168 369 
381 128 208 328 
382 112 192 347 
383 68 148 335 
384 217 137 307 
385 216 136 323 
386 67 147 316 
387 97 177 291 
388 27 11 313 
389 31 15 318 
390 19 3 290 
391 171 91 303 
392 151 71 294 
393 103 183 322 
394 76 156 290 
395 186 106 293 
396 102 182 308 
397 25 9 292 
398 126 206 312 
399 86 166 300 
400 98 178 326 
401 176 96 291 
402 152 72 333 
403 89 169 384 
404 106 186 292 
405 108 188 315 
406 101 181 297 
407 221 141 296 
408 135 215 368 
409 96 176 295 
410 111 191 331 
411 32 16 298 
412 107 187 293 
413 18 2 317 
414 72 152 294 
415 201 121 299 
416 22 6 327 
417 172 92 314 
418 23 7 295 
419 142 222 296 
420 24 8 297 
421 202 122 302 
422 141 221 298 
423 122 202 299 
424 81 161 305 
425 21 5 300 
426 131 211 329 
427 123 203 302 
428 92 172 303 
429 66 146 306 
430 20 4 305 
431 17 1 306 
432 69 149 380 
433 138 218 307 
434 181 101 308 
435 29 13 312 
436 116 196 313 
437 198 118 378 
438 153 73 381 
439 93 173 314 
440 187 107 315 
441 146 66 316 
442 71 151 317 
443 136 216 318 
444 118 198 319 
445 182 102 322 
446 137 217 323 
447 70 150 372 
448 115 195 341 
449 177 97 326 
450 91 171 327 
451 218 138 371 
452 207 127 328 
453 154 74 362 
454 3 19 332 
455 5 21 342 
456 30 14 329 
457 85 165 366 
458 90 170 367 
459 192 112 330 
460 105 185 357 
461 99 179 364 
462 26 10 331 
463 209 129 337 
464 15 31 351 
465 95 175 334 
466 155 75 332 
467 9 25 344 
468 73 153 333 
469 174 94 334 
470 2 18 356 
471 13 29 336 
472 6 22 343 
473 109 189 363 
474 203 123 338 
475 147 67 335 
476 225 145 340 
477 173 93 348 
478 104 184 375 
479 205 125 336 
480 130 210 337 
481 189 109 365 
482 124 204 338 
483 1 17 340 
484 194 114 341 
485 165 85 342 
486 160 80 361 
487 170 90 343 
488 185 105 344 
489 195 115 355 
490 158 78 346 
491 79 159 346 
492 220 140 353 
493 191 111 347 
494 94 174 348 
495 200 120 376 
496 215 135 351 
497 100 180 359 
498 16 32 353 
499 11 27 355 
500 150 70 356 
501 184 104 357 
502 179 99 359 
503 4 20 361 
504 75 155 362 
505 188 108 363 
506 210 130 382 
507 178 98 364 
508 110 190 365 
509 164 84 366 
510 169 89 367 
511 214 134 368 
512 167 87 369 
513 139 219 371 
514 149 69 372 
515 183 103 375 
516 12 28 376 
517 119 199 378 
518 148 68 380 
519 74 154 381 
520 14 30 382 
521 168 88 384 
522 212 132 352 
523 162 82 321 
524 204 124 358 
525 120 200 383 
526 211 131 339 
527 10 26 360 
528 7 23 354 
529 166 86 324 
530 8 24 349 
531 223 143 345 
532 117 197 325 
533 206 126 320 
534 193 113 377 
535 213 133 385 
536 163 83 370 
537 145 225 350 
538 121 201 304 
539 161 81 309 
540 208 128 374 
541 156 76 301 
542 157 77 311 
543 80 160 373 
544 222 142 310 
545 140 220 379 
546 1 66 306 
547 145 1 340 
548 70 2 356 
549 2 71 317 
550 75 3 332 
551 3 76 290 
552 80 4 361 
553 4 81 305 
554 85 5 342 
555 5 86 300 
556 90 6 343 
557 6 91 327 
558 95 7 354 
559 7 96 295 
560 100 8 349 
561 8 101 297 
562 105 9 344 
563 9 106 292 
564 110 10 360 
565 10 111 331 
566 115 11 355 
567 11 116 313 
568 120 12 376 
569 12 121 304 
570 125 13 336 
571 13 126 312 
572 130 14 382 
573 14 131 329 
574 135 15 351 
575 15 136 318 
576 140 16 353 
577 16 141 298 
578 146 17 306 
579 17 225 340 
580 18 150 356 
581 151 18 317 
582 19 155 332 
583 156 19 290 
584 20 160 361 
585 161 20 305 
586 21 165 342 
587 166 21 300 
588 22 170 343 
589 171 22 327 
590 23 175 354 
591 176 23 295 
592 24 180 349 
593 181 24 297 
594 25 185 344 
595 186 25 292 
596 26 190 360 
597 191 26 331 
598 27 195 355 
599 196 27 313 
600 28 200 376 
601 201 28 304 
602 29 205 336 
603 206 29 312 
604 30 210 382 
605 211 30 329 
606 31 215 351 
607 216 31 318 
608 32 220 353 
609 221 32 298 
610 66 67 316 
611 67 68 335 
612 68 69 380 
613 69 70 372 
614 71 72 294 
615 72 73 333 
616 73 74 381 
617 74 75 362 
618 76 77 301 
619 77 78 311 
620 78 79 346 
621 79 80 373 
622 81 82 309 
623 82 83 321 
624 83 84 370 
625 84 85 366 
626 86 87 324 
627 87 88 369 
628 88 89 384 
629 89 90 367 
630 91 92 303 
631 92 93 314 
632 93 94 348 
633 94 95 334 
634 96 97 291 
635 97 98 326 
636 98 99 364 
637 99 100 359 
638 101 102 308 
639 102 103 322 
640 103 104 375 
641 104 105 357 
642 106 107 293 
643 107 108 315 
644 108 109 363 
645 109 110 365 
646 111 112 347 
647 112 113 330 
648 113 114 377 
649 114 115 341 
650 116 117 325 
651 117 118 319 
652 118 119 378 
653 119 120 383 
654 121 122 299 
655 122 123 302 
656 123 124 338 
657 124 125 358 
658 126 127 320 
659 127 128 328 
660 128 129 374 
661 129 130 337 
662 131 132 339 
663 132 133 352 
664 133 134 385 
665 134 135 368 
666 136 137 323 
667 137 138 307 
668 138 139 371 
669 139 140 379 
670 141 142 296 
671 142 143 310 
672 143 144 345 
673 144 145 350 
674 147 146 316 
675 148 147 335 
676 149 148 380 
677 150 149 372 
678 152 151 294 
679 153 152 333 
680 154 153 381 
681 155 154 362 
682 157 156 301 
683 158 157 311 
684 159 158 346 
685 160 159 373 
686 162 161 309 
687 163 162 321 
688 164 163 370 
689 165 164 366 
690 167 166 324 
691 168 167 369 
692 169 168 384 
693 170 169 367 
694 172 171 303 
695 173 172 314 
696 174 173 348 
697 175 174 334 
698 177 176 291 
699 178 177 326 
700 179 178 364 
701 180 179 359 
702 182 181 308 
703 183 182 322 
704 184 183 375 
705 185 184 357 
706 187 186 293 
707 188 187 315 
708 189 188 363 
709 190 189 365 
710 192 191 347 
711 193 192 330 
712 194 193 377 
713 195 194 341 
714 197 196 325 
715 198 197 319 
716 199 198 378 
717 200 199 383 
718 202 201 299 
719 203 202 302 
720 204 203 338 
721 205 204 358 
722 207 206 320 
723 208 207 328 
724 209 208 374 
725 210 209 337 
726 212 211 339 
727 213 212 352 
728 214 213 385 
729 215 214 368 
730 217 216 323 
731 218 217 307 
732 219 218 371 
733 220 219 379 
734 222 221 296 
735 223 222 310 
736 224 223 345 
737 225 224 350 
2 7 2 688
738 586 519 601 
739 589 502 604 
740 583 497 597 
741 590 509 606 
742 585 505 598 
743 592 511 608 
744 578 484 594 
745 591 515 607 
746 584 507 599 
747 581 523 595 
748 587 517 603 
749 588 521 600 
750 582 525 602 
751 580 513 605 
752 579 527 596 
753 593 529 609 
754 423 593 609 
755 425 589 604 
756 424 586 601 
757 429 590 606 
758 420 583 597 
759 421 585 598 
760 432 592 608 
761 430 591 607 
762 422 584 599 
763 419 581 595 
764 426 588 600 
765 428 587 603 
766 418 578 594 
767 431 582 602 
768 433 580 605 
769 427 579 596 
770 533 494 563 
771 530 489 564 
772 539 498 566 
773 532 490 576 
774 541 485 562 
775 531 486 565 
776 540 499 569 
777 536 493 574 
778 538 488 570 
779 535 482 571 
780 545 491 577 
781 544 503 575 
782 534 487 568 
783 542 500 567 
784 543 492 572 
785 537 495 573 
786 469 419 595 
787 459 421 598 
788 477 429 606 
789 463 424 601 
790 479 426 600 
791 473 425 604 
792 457 420 597 
793 451 418 594 
794 481 432 608 
795 467 428 603 
796 465 430 607 
797 455 422 599 
798 461 431 602 
799 471 433 605 
800 453 427 596 
801 475 423 609 
802 435 530 564 
803 436 533 563 
804 449 532 576 
805 437 531 565 
806 434 541 562 
807 445 539 566 
808 440 538 570 
809 444 536 574 
810 446 535 571 
811 442 540 569 
812 448 545 577 
813 438 534 568 
814 441 537 573 
815 447 544 575 
816 439 542 567 
817 443 543 572 
818 252 450 483 
819 236 456 496 
820 284 472 501 
821 260 458 504 
822 268 476 508 
823 244 468 522 
824 272 460 524 
825 264 466 516 
826 288 480 510 
827 248 470 512 
828 228 454 506 
829 256 478 520 
830 232 452 526 
831 240 464 514 
832 276 462 518 
833 402 489 530 
834 417 494 533 
835 406 486 531 
836 403 498 539 
837 413 490 532 
838 407 499 540 
839 414 493 536 
840 410 482 535 
841 405 487 534 
842 411 503 544 
843 409 488 538 
844 416 491 545 
845 408 485 541 
846 412 500 542 
847 404 492 543 
848 415 495 537 
849 419 469 613 
850 423 475 610 
851 421 459 614 
852 429 477 622 
853 424 463 617 
854 420 457 612 
855 425 473 623 
856 426 479 616 
857 432 481 621 
858 418 451 611 
859 428 467 619 
860 430 465 620 
861 422 455 618 
862 431 461 624 
863 433 471 625 
864 427 453 615 
865 453 530 629 
866 451 533 641 
867 471 531 626 
868 455 532 640 
869 461 536 639 
870 457 539 635 
871 467 535 636 
872 475 534 631 
873 465 538 634 
874 473 537 632 
875 459 544 637 
876 463 540 633 
877 479 541 630 
878 481 543 627 
879 477 542 628 
880 469 545 638 
881 615 453 629 
882 611 451 641 
883 618 455 640 
884 625 471 626 
885 612 457 635 
886 610 475 631 
887 624 461 639 
888 619 467 636 
889 620 465 634 
890 614 459 637 
891 623 473 632 
892 613 469 638 
893 617 463 633 
894 616 479 630 
895 621 481 627 
896 622 477 628 
897 497 496 597 
898 505 504 598 
899 484 483 594 
900 502 501 604 
901 509 508 606 
902 523 522 595 
903 519 518 601 
904 511 510 608 
905 521 520 600 
906 515 514 607 
907 517 516 603 
908 507 506 599 
909 525 524 602 
910 513 512 605 
911 527 526 596 
912 450 417 451 
913 452 402 453 
914 458 411 459 
915 468 416 469 
916 456 403 457 
917 460 414 461 
918 454 413 455 
919 470 406 471 
920 466 410 467 
921 476 412 477 
922 464 409 465 
923 478 408 479 
924 462 407 463 
925 480 404 481 
926 472 415 473 
927 474 405 475 
928 401 528 529 
929 253 252 483 
930 237 236 496 
931 285 284 501 
932 261 260 504 
933 269 268 508 
934 229 228 506 
935 289 288 510 
936 241 240 514 
937 257 256 520 
938 265 264 516 
939 277 276 518 
940 245 244 522 
941 249 248 512 
942 273 272 524 
943 233 232 526 
944 401 529 573 
945 450 451 594 
946 452 453 596 
947 468 469 595 
948 470 471 605 
949 460 461 602 
950 478 479 600 
951 476 477 606 
952 458 459 598 
953 466 467 603 
954 480 481 608 
955 472 473 604 
956 456 457 597 
957 462 463 601 
958 464 465 607 
959 454 455 599 
960 251 417 450 
961 231 402 452 
962 227 413 454 
963 235 403 456 
964 259 411 458 
965 247 406 470 
966 271 414 460 
967 275 407 462 
968 243 416 468 
969 239 409 464 
970 255 408 478 
971 263 410 466 
972 287 404 480 
973 279 405 474 
974 267 412 476 
975 283 415 472 
976 402 230 489 
977 406 246 486 
978 410 262 482 
979 408 254 485 
980 413 226 490 
981 409 238 488 
982 414 270 493 
983 403 234 498 
984 405 278 487 
985 407 274 499 
986 404 286 492 
987 417 250 494 
988 416 242 491 
989 411 258 503 
990 415 282 495 
991 412 266 500 
992 34 390 489 
993 38 392 486 
994 46 394 487 
995 33 400 490 
996 42 393 482 
997 45 389 499 
998 44 397 493 
999 36 391 488 
1000 35 388 498 
1001 39 387 494 
1002 40 386 485 
1003 37 399 491 
1004 48 396 492 
1005 47 401 495 
1006 41 398 503 
1007 43 395 500 
1008 401 281 528 
1009 280 474 528 
1010 529 546 573 
1011 474 475 609 
1012 529 528 609 
1013 178 179 418 
1014 158 159 420 
1015 218 219 425 
1016 198 199 429 
1017 208 209 424 
1018 203 204 431 
1019 193 194 428 
1020 173 174 433 
1021 223 224 432 
1022 148 149 422 
1023 153 154 427 
1024 163 164 430 
1025 188 189 421 
1026 213 214 423 
1027 183 184 426 
1028 168 169 419 
1029 19 156 445 
1030 29 206 442 
1031 23 176 436 
1032 21 166 448 
1033 24 181 434 
1034 30 211 438 
1035 25 186 447 
1036 26 191 446 
1037 20 161 440 
1038 32 221 443 
1039 28 201 444 
1040 18 151 435 
1041 17 146 449 
1042 27 196 439 
1043 31 216 441 
1044 22 171 437 
1045 231 230 402 
1046 227 226 413 
1047 279 278 405 
1048 275 274 407 
1049 259 258 411 
1050 247 246 406 
1051 235 234 403 
1052 239 238 409 
1053 255 254 408 
1054 271 270 414 
1055 263 262 410 
1056 287 286 404 
1057 243 242 416 
1058 251 250 417 
1059 267 266 412 
1060 283 282 415 
1061 40 253 386 
1062 36 237 391 
1063 48 285 396 
1064 42 261 393 
1065 47 281 401 
1066 34 229 390 
1067 44 269 397 
1068 46 277 394 
1069 43 265 395 
1070 33 289 400 
1071 37 241 399 
1072 38 245 392 
1073 41 257 398 
1074 45 273 389 
1075 39 249 387 
1076 35 233 388 
1077 252 251 450 
1078 244 243 468 
1079 236 235 456 
1080 284 283 472 
1081 268 267 476 
1082 260 259 458 
1083 232 231 452 
1084 272 271 460 
1085 264 263 466 
1086 228 227 454 
1087 288 287 480 
1088 240 239 464 
1089 256 255 478 
1090 248 247 470 
1091 276 275 462 
1092 280 279 474 
1093 234 35 498 
1094 246 38 486 
1095 230 34 489 
1096 250 39 494 
1097 274 45 499 
1098 278 46 487 
1099 226 33 490 
1100 262 42 482 
1101 242 37 491 
1102 254 40 485 
1103 270 44 493 
1104 238 36 488 
1105 286 48 492 
1106 258 41 503 
1107 282 47 495 
1108 266 43 500 
1109 281 280 528 
1110 391 237 496 
1111 386 253 483 
1112 396 285 501 
1113 393 261 504 
1114 397 269 508 
1115 394 277 518 
1116 400 289 510 
1117 390 229 506 
1118 392 245 522 
1119 399 241 514 
1120 395 265 516 
1121 398 257 520 
1122 389 273 524 
1123 388 233 526 
1124 387 249 512 
1125 453 402 530 
1126 471 406 531 
1127 455 413 532 
1128 451 417 533 
1129 475 405 534 
1130 467 410 535 
1131 461 414 536 
1132 465 409 538 
1133 457 403 539 
1134 473 415 537 
1135 463 407 540 
1136 479 408 541 
1137 481 404 543 
1138 459 411 544 
1139 477 412 542 
1140 469 416 545 
1141 394 518 519 
1142 397 508 509 
1143 400 510 511 
1144 393 504 505 
1145 396 501 502 
1146 392 522 523 
1147 391 496 497 
1148 399 514 515 
1149 395 516 517 
1150 398 520 521 
1151 390 506 507 
1152 389 524 525 
1153 387 512 513 
1154 386 483 484 
1155 388 526 527 
1156 394 519 568 
1157 392 523 565 
1158 397 509 574 
1159 393 505 571 
1160 396 502 572 
1161 400 511 576 
1162 395 517 567 
1163 391 497 570 
1164 390 507 564 
1165 399 515 577 
1166 398 521 575 
1167 389 525 569 
1168 387 513 563 
1169 386 484 562 
1170 388 527 566 
1171 523 550 565 
1172 519 549 568 
1173 509 554 574 
1174 505 557 571 
1175 517 553 567 
1176 507 548 564 
1177 502 555 572 
1178 511 561 576 
1179 497 552 570 
1180 515 560 577 
1181 513 551 563 
1182 521 559 575 
1183 525 556 569 
1184 484 547 562 
1185 527 558 566 
1186 483 450 594 
1187 522 468 595 
1188 512 470 605 
1189 504 458 598 
1190 496 456 597 
1191 508 476 606 
1192 526 452 596 
1193 524 460 602 
1194 520 478 600 
1195 501 472 604 
1196 516 466 603 
1197 510 480 608 
1198 518 462 601 
1199 506 454 599 
1200 514 464 607 
1201 31 441 546 
1202 215 31 546 
1203 180 24 547 
1204 160 20 552 
1205 190 26 557 
1206 210 30 549 
1207 205 29 556 
1208 220 32 555 
1209 200 28 554 
1210 165 21 560 
1211 175 23 551 
1212 170 22 550 
1213 225 17 561 
1214 150 18 548 
1215 195 27 553 
1216 155 19 558 
1217 185 25 559 
1218 485 386 562 
1219 489 390 564 
1220 486 392 565 
1221 488 391 570 
1222 494 387 563 
1223 487 394 568 
1224 482 393 571 
1225 498 388 566 
1226 499 389 569 
1227 492 396 572 
1228 493 397 574 
1229 490 400 576 
1230 495 401 573 
1231 500 395 567 
1232 491 399 577 
1233 503 398 575 
1234 24 434 547 
1235 30 438 549 
1236 23 436 551 
1237 18 435 548 
1238 20 440 552 
1239 29 442 556 
1240 22 437 550 
1241 19 445 558 
1242 28 444 554 
1243 32 443 555 
1244 27 439 553 
1245 25 447 559 
1246 21 448 560 
1247 26 446 557 
1248 17 449 561 
1249 418 179 578 
1250 427 154 579 
1251 420 159 583 
1252 433 174 580 
1253 431 204 582 
1254 425 219 589 
1255 424 209 586 
1256 429 199 590 
1257 422 149 584 
1258 428 194 587 
1259 419 169 581 
1260 432 224 592 
1261 426 184 588 
1262 421 189 585 
1263 430 164 591 
1264 423 214 593 
1265 178 418 611 
1266 213 423 610 
1267 188 421 614 
1268 168 419 613 
1269 148 422 618 
1270 198 429 622 
1271 218 425 623 
1272 193 428 619 
1273 158 420 612 
1274 183 426 616 
1275 163 430 620 
1276 208 424 617 
1277 223 432 621 
1278 203 431 624 
1279 153 427 615 
1280 173 433 625 
1281 437 171 626 
1282 435 151 629 
1283 442 206 633 
1284 445 156 635 
1285 436 176 641 
1286 449 146 640 
1287 434 181 630 
1288 439 196 628 
1289 446 191 636 
1290 440 161 634 
1291 441 216 632 
1292 448 166 638 
1293 443 221 627 
1294 438 211 631 
1295 447 186 637 
1296 444 201 639 
1297 155 558 579 
1298 180 547 578 
1299 190 557 585 
1300 205 556 582 
1301 160 552 583 
1302 175 551 580 
1303 165 560 591 
1304 185 559 588 
1305 225 561 592 
1306 220 555 589 
1307 200 554 590 
1308 170 550 581 
1309 210 549 586 
1310 195 553 587 
1311 150 548 584 
1312 531 437 626 
1313 530 435 629 
1314 533 436 641 
1315 532 449 640 
1316 540 442 633 
1317 534 438 631 
1318 539 445 635 
1319 541 434 630 
1320 537 441 632 
1321 538 440 634 
1322 542 439 628 
1323 535 446 636 
1324 545 448 638 
1325 543 443 627 
1326 536 444 639 
1327 544 447 637 
1328 558 527 579 
1329 547 484 578 
1330 556 525 582 
1331 551 513 580 
1332 557 505 585 
1333 552 497 583 
1334 559 521 588 
1335 550 523 581 
1336 560 515 591 
1337 561 511 592 
1338 553 517 587 
1339 555 502 589 
1340 548 507 584 
1341 554 509 590 
1342 549 519 586 
1343 546 529 593 
1344 528 474 609 
1345 546 441 573 
1346 215 546 593 
1347 550 437 565 
1348 548 435 564 
1349 551 436 563 
1350 553 439 567 
1351 549 438 568 
1352 547 434 562 
1353 558 445 566 
1354 552 440 570 
1355 556 442 569 
1356 557 446 571 
1357 554 444 574 
1358 555 443 572 
1359 561 449 576 
1360 559 447 575 
1361 560 448 577 
1362 154 155 579 
1363 179 180 578 
1364 169 170 581 
1365 174 175 580 
1366 204 205 582 
1367 184 185 588 
1368 159 160 583 
1369 149 150 584 
1370 189 190 585 
1371 209 210 586 
1372 194 195 587 
1373 219 220 589 
1374 199 200 590 
1375 164 165 591 
1376 224 225 592 
1377 214 215 593 
1378 167 168 613 
1379 212 213 610 
1380 187 188 614 
1381 197 198 622 
1382 182 183 616 
1383 147 148 618 
1384 177 178 611 
1385 192 193 619 
1386 217 218 623 
1387 157 158 612 
1388 207 208 617 
1389 162 163 620 
1390 222 223 621 
1391 202 203 624 
1392 152 153 615 
1393 172 173 625 
1394 171 172 626 
1395 151 152 629 
1396 206 207 633 
1397 216 217 632 
1398 146 147 640 
1399 176 177 641 
1400 196 197 628 
1401 156 157 635 
1402 211 212 631 
1403 221 222 627 
1404 181 182 630 
1405 161 162 634 
1406 166 167 638 
1407 186 187 637 
1408 191 192 636 
1409 201 202 639 
1410 152 615 629 
1411 172 625 626 
1412 207 617 633 
1413 157 612 635 
1414 212 610 631 
1415 167 613 638 
1416 177 611 641 
1417 197 622 628 
1418 182 616 630 
1419 147 618 640 
1420 187 614 637 
1421 222 621 627 
1422 162 620 634 
1423 217 623 632 
1424 192 619 636 
1425 202 624 639 
2 8 2 1274
1426 898 811 965 
1427 999 1101 1134 
1428 839 59 1093 
1429 56 840 1096 
1430 841 51 1073 
1431 1127 887 1175 
1432 936 812 966 
1433 655 917 1019 
1434 670 1105 1106 
1435 887 1127 1145 
1436 1019 918 1219 
1437 878 657 1131 
1438 929 924 1141 
1439 923 920 1116 
1440 934 799 1144 
1441 886 934 1144 
1442 917 655 1018 
1443 948 940 1049 
1444 919 916 1097 
1445 1070 650 1094 
1446 686 945 1172 
1447 937 790 940 
1448 917 918 1019 
1449 1075 44 1217 
1450 929 795 931 
1451 798 948 1049 
1452 940 790 1049 
1453 811 898 1224 
1454 675 901 902 
1455 684 642 685 
1456 832 645 833 
1457 829 643 830 
1458 647 832 834 
1459 670 1104 1105 
1460 657 878 1167 
1461 1156 958 1161 
1462 934 1156 1161 
1463 253 40 1066 
1464 727 923 1116 
1465 795 929 1141 
1466 714 919 1097 
1467 666 228 942 
1468 1101 656 1134 
1469 950 659 952 
1470 228 229 942 
1471 853 963 1155 
1472 963 853 1178 
1473 931 795 1040 
1474 918 921 1219 
1475 892 665 1117 
1476 54 53 837 
1477 935 936 966 
1478 60 59 839 
1479 56 55 840 
1480 52 51 841 
1481 63 642 684 
1482 50 643 829 
1483 57 645 832 
1484 647 58 832 
1485 901 1125 1175 
1486 642 62 884 
1487 952 659 1123 
1488 269 44 1075 
1489 954 864 974 
1490 806 954 974 
1491 837 53 1162 
1492 898 965 970 
1493 895 664 1120 
1494 51 829 1073 
1495 642 884 1170 
1496 44 669 1217 
1497 59 647 1093 
1498 650 1070 1095 
1499 645 56 1096 
1500 1094 650 1130 
1501 665 892 1159 
1502 812 936 975 
1503 790 937 1040 
1504 49 64 1172 
1505 652 1127 1175 
1506 1014 999 1134 
1507 830 643 1196 
1508 978 1138 1146 
1509 256 664 1082 
1510 838 49 1172 
1511 1125 652 1175 
1512 682 952 1123 
1513 970 972 1068 
1514 948 1169 1185 
1515 684 686 1172 
1516 1169 896 1185 
1517 643 927 1196 
1518 654 1010 1126 
1519 675 902 955 
1520 901 675 1125 
1521 928 666 942 
1522 1115 974 1140 
1523 952 682 1160 
1524 898 897 1224 
1525 925 662 947 
1526 1098 1012 1113 
1527 1107 1011 1204 
1528 947 673 1219 
1529 898 970 1068 
1530 801 1098 1113 
1531 900 1115 1140 
1532 40 668 1066 
1533 949 857 972 
1534 804 949 972 
1535 255 256 1082 
1536 900 964 1115 
1537 662 925 946 
1538 963 975 1155 
1539 666 928 943 
1540 1155 975 1206 
1541 1166 1033 1183 
1542 1186 911 1217 
1543 664 895 1176 
1544 937 931 1040 
1545 933 1080 1087 
1546 669 1186 1217 
1547 1143 939 1151 
1548 1079 1152 1181 
1549 1109 1107 1204 
1550 1074 1013 1085 
1551 730 732 1040 
1552 1080 792 1087 
1553 673 947 1163 
1554 788 1074 1085 
1555 1138 686 1146 
1556 1010 654 1204 
1557 916 915 1097 
1558 983 649 992 
1559 920 919 1116 
1560 921 922 947 
1561 860 858 1139 
1562 924 923 1141 
1563 1149 825 1150 
1564 1152 651 1181 
1565 910 660 1199 
1566 964 900 1226 
1567 954 1149 1150 
1568 899 1196 1215 
1569 1046 1016 1063 
1570 253 1066 1207 
1571 858 837 1162 
1572 660 910 1194 
1573 661 1166 1183 
1574 922 925 947 
1575 792 915 1087 
1576 944 1059 1072 
1577 987 678 991 
1578 989 997 1111 
1579 1012 788 1085 
1580 1013 778 1063 
1581 671 1015 1190 
1582 778 1046 1063 
1583 1059 716 1072 
1584 1127 681 1145 
1585 860 1139 1197 
1586 716 933 1072 
1587 808 935 966 
1588 899 830 1196 
1589 1015 671 1174 
1590 1037 1099 1114 
1591 915 792 1097 
1592 1106 1105 1107 
1593 724 944 1042 
1594 919 714 1116 
1595 788 1012 1098 
1596 779 997 1016 
1597 1099 797 1114 
1598 858 1162 1221 
1599 778 1013 1074 
1600 1172 945 1213 
1601 1062 683 1182 
1602 1042 889 1103 
1603 985 994 1090 
1604 933 716 1080 
1605 683 1062 1165 
1606 653 260 1092 
1607 779 1016 1046 
1608 678 987 992 
1609 732 790 1040 
1610 795 730 1040 
1611 923 727 1141 
1612 1114 797 1136 
1613 667 1143 1151 
1614 1102 822 1110 
1615 1017 882 1089 
1616 685 642 687 
1617 921 947 1219 
1618 1209 1144 1224 
1619 684 685 686 
1620 647 834 835 
1621 833 645 836 
1622 1054 801 1137 
1623 829 830 831 
1624 944 724 1059 
1625 860 960 1178 
1626 682 1129 1160 
1627 949 1102 1110 
1628 980 993 1077 
1629 1160 1129 1201 
1630 897 1209 1224 
1631 878 1131 1205 
1632 797 1054 1136 
1633 960 860 1197 
1634 997 779 1111 
1635 789 1037 1086 
1636 801 1113 1137 
1637 943 928 1048 
1638 972 857 1068 
1639 994 774 1090 
1640 724 1042 1103 
1641 757 1038 1064 
1642 809 969 1047 
1643 969 968 1047 
1644 857 839 1093 
1645 700 1017 1089 
1646 1122 1171 1173 
1647 1037 1032 1086 
1648 993 780 1077 
1649 949 804 1102 
1650 1011 1107 1137 
1651 992 649 1192 
1652 970 971 972 
1653 1038 1028 1064 
1654 711 804 971 
1655 1128 1167 1229 
1656 996 851 1071 
1657 1094 1130 1191 
1658 690 693 995 
1659 877 813 956 
1660 260 261 1092 
1661 945 686 1138 
1662 1122 658 1171 
1663 752 821 960 
1664 1121 1159 1211 
1665 1076 789 1086 
1666 825 765 957 
1667 799 934 1161 
1668 697 695 968 
1669 713 711 971 
1670 971 804 972 
1671 984 983 992 
1672 744 808 966 
1673 935 808 1156 
1674 959 754 960 
1675 951 979 1067 
1676 987 984 992 
1677 821 962 963 
1678 702 996 1071 
1679 799 733 961 
1680 813 786 956 
1681 1022 758 1039 
1682 821 750 962 
1683 688 690 995 
1684 944 903 1042 
1685 979 796 1067 
1686 739 737 958 
1687 864 841 1073 
1688 756 754 959 
1689 777 776 964 
1690 942 229 1158 
1691 693 977 995 
1692 726 725 965 
1693 965 725 970 
1694 754 752 960 
1695 838 1172 1213 
1696 968 695 1047 
1697 973 806 974 
1698 771 806 973 
1699 1095 1070 1100 
1700 1038 1076 1086 
1701 703 697 968 
1702 765 763 957 
1703 962 812 975 
1704 1037 789 1099 
1705 693 699 977 
1706 946 1020 1164 
1707 1068 857 1093 
1708 1045 757 1064 
1709 721 810 976 
1710 823 813 824 
1711 974 864 1140 
1712 824 813 877 
1713 854 824 875 
1714 763 761 805 
1715 744 742 808 
1716 784 782 802 
1717 963 962 975 
1718 725 713 971 
1719 977 976 978 
1720 731 729 811 
1721 748 746 812 
1722 943 1187 1188 
1723 763 805 957 
1724 685 687 688 
1725 776 773 973 
1726 707 705 822 
1727 967 968 969 
1728 767 765 825 
1729 733 731 961 
1730 1038 757 1076 
1731 876 875 945 
1732 784 802 956 
1733 731 811 961 
1734 735 733 799 
1735 711 709 804 
1736 800 786 813 
1737 1039 1045 1064 
1738 752 750 821 
1739 1022 842 1043 
1740 699 719 977 
1741 782 777 964 
1742 835 834 897 
1743 771 769 806 
1744 967 703 968 
1745 905 903 944 
1746 748 812 962 
1747 831 830 899 
1748 773 771 973 
1749 833 836 863 
1750 786 784 956 
1751 750 748 962 
1752 1030 1028 1038 
1753 746 744 966 
1754 705 703 967 
1755 1026 1023 1039 
1756 729 726 965 
1757 1003 1005 1013 
1758 909 907 933 
1759 822 705 967 
1760 1023 1022 1039 
1761 1121 665 1159 
1762 719 976 977 
1763 719 721 976 
1764 742 739 958 
1765 761 756 959 
1766 914 912 915 
1767 762 761 763 
1768 1034 1032 1037 
1769 666 943 1132 
1770 743 742 744 
1771 1007 1009 1012 
1772 823 824 854 
1773 812 746 966 
1774 1082 664 1176 
1775 980 982 993 
1776 811 729 965 
1777 800 813 823 
1778 998 1001 1016 
1779 764 763 765 
1780 721 723 810 
1781 982 985 993 
1782 802 782 964 
1783 745 744 746 
1784 783 782 784 
1785 758 1022 1043 
1786 881 862 882 
1787 741 739 742 
1788 951 953 979 
1789 994 989 1111 
1790 918 916 919 
1791 715 713 725 
1792 986 989 994 
1793 985 986 994 
1794 982 984 985 
1795 993 985 1090 
1796 854 875 876 
1797 747 746 748 
1798 979 980 1077 
1799 775 773 776 
1800 760 756 761 
1801 278 279 665 
1802 248 249 661 
1803 272 273 660 
1804 256 257 664 
1805 240 241 663 
1806 264 265 662 
1807 34 230 659 
1808 47 282 658 
1809 288 289 657 
1810 236 237 656 
1811 251 252 651 
1812 243 244 654 
1813 259 260 653 
1814 267 268 655 
1815 275 276 652 
1816 730 729 731 
1817 808 742 958 
1818 285 48 650 
1819 233 35 649 
1820 986 988 989 
1821 862 851 996 
1822 805 761 959 
1823 922 920 923 
1824 781 777 782 
1825 280 281 676 
1826 39 250 674 
1827 45 274 675 
1828 37 242 672 
1829 41 258 677 
1830 43 266 673 
1831 277 46 681 
1832 231 232 682 
1833 283 284 683 
1834 970 725 971 
1835 234 235 678 
1836 286 287 679 
1837 864 1073 1140 
1838 728 726 729 
1839 991 656 1101 
1840 704 703 705 
1841 238 239 671 
1842 914 915 916 
1843 1083 856 1133 
1844 888 883 889 
1845 930 929 931 
1846 1016 1001 1063 
1847 701 697 703 
1848 732 731 733 
1849 38 246 670 
1850 42 262 667 
1851 44 270 669 
1852 40 254 668 
1853 997 998 1016 
1854 979 953 980 
1855 33 226 680 
1856 904 903 905 
1857 227 228 666 
1858 1001 1002 1003 
1859 932 931 937 
1860 902 890 903 
1861 1025 1023 1026 
1862 1027 1026 1028 
1863 787 800 1021 
1864 998 1000 1001 
1865 889 883 1017 
1866 926 924 929 
1867 706 705 707 
1868 977 978 995 
1869 749 748 750 
1870 985 984 986 
1871 766 765 767 
1872 938 937 940 
1873 1029 1028 1030 
1874 906 905 907 
1875 1003 1004 1005 
1876 734 733 735 
1877 918 919 920 
1878 715 725 726 
1879 741 742 743 
1880 785 784 786 
1881 882 862 996 
1882 1039 758 1045 
1883 881 882 883 
1884 760 761 762 
1885 708 707 709 
1886 908 907 909 
1887 1031 1030 1032 
1888 762 763 764 
1889 775 776 777 
1890 941 940 948 
1891 1003 1013 1063 
1892 911 909 912 
1893 743 744 745 
1894 989 988 990 
1895 710 709 711 
1896 699 718 719 
1897 1005 1006 1007 
1898 845 950 951 
1899 969 1083 1133 
1900 781 782 783 
1901 719 720 721 
1902 1024 1066 1088 
1903 768 767 769 
1904 922 923 924 
1905 736 735 737 
1906 888 889 890 
1907 745 746 747 
1908 951 952 953 
1909 913 912 914 
1910 728 729 730 
1911 1033 1032 1034 
1912 1007 1008 1009 
1913 1009 1010 1011 
1914 1177 1119 1180 
1915 751 750 752 
1916 787 786 800 
1917 980 981 982 
1918 770 769 771 
1919 764 765 766 
1920 701 703 704 
1921 730 731 732 
1922 926 929 930 
1923 783 784 785 
1924 747 748 749 
1925 902 903 904 
1926 1001 1000 1002 
1927 689 809 1047 
1928 753 752 754 
1929 1035 1034 1036 
1930 930 931 932 
1931 1025 1026 1027 
1932 818 794 885 
1933 903 890 1042 
1934 982 983 984 
1935 989 990 997 
1936 794 787 1021 
1937 850 848 851 
1938 883 882 1017 
1939 932 937 938 
1940 917 916 918 
1941 1003 1002 1004 
1942 861 851 862 
1943 904 905 906 
1944 712 711 713 
1945 1027 1028 1029 
1946 704 705 706 
1947 905 944 1072 
1948 882 996 1089 
1949 1028 1026 1064 
1950 721 722 723 
1951 772 771 773 
1952 738 737 739 
1953 935 836 936 
1954 732 733 734 
1955 986 987 988 
1956 1029 1030 1031 
1957 842 803 1043 
1958 933 907 1072 
1959 689 687 809 
1960 880 862 881 
1961 755 754 756 
1962 1005 1004 1006 
1963 833 863 886 
1964 921 920 922 
1965 906 907 908 
1966 938 940 941 
1967 706 707 708 
1968 980 953 981 
1969 819 872 873 
1970 951 950 952 
1971 893 828 894 
1972 908 909 911 
1973 719 718 720 
1974 734 735 736 
1975 1031 1032 1033 
1976 766 767 768 
1977 814 815 826 
1978 723 791 814 
1979 807 1056 1060 
1980 774 773 775 
1981 708 709 710 
1982 694 691 695 
1983 827 866 867 
1984 887 883 888 
1985 1007 1006 1008 
1986 727 726 728 
1987 749 750 751 
1988 889 1017 1103 
1989 740 739 741 
1990 785 786 787 
1991 911 912 913 
1992 873 895 896 
1993 870 842 871 
1994 1009 1008 1010 
1995 759 756 760 
1996 914 916 917 
1997 710 711 712 
1998 867 878 879 
1999 820 803 842 
2000 997 990 998 
2001 714 713 715 
2002 982 981 983 
2003 768 769 770 
2004 901 890 902 
2005 780 777 781 
2006 894 828 1055 
2007 925 924 926 
2008 998 999 1000 
2009 913 914 1018 
2010 823 854 874 
2011 736 737 738 
2012 1024 1023 1025 
2013 986 984 987 
2014 1033 1034 1035 
2015 721 720 722 
2016 688 687 689 
2017 885 794 1021 
2018 691 689 1047 
2019 696 695 697 
2020 770 771 772 
2021 751 752 753 
2022 927 875 1225 
2023 63 62 642 
2024 50 49 643 
2025 53 52 644 
2026 57 56 645 
2027 55 54 646 
2028 59 58 647 
2029 61 60 648 
2030 918 920 921 
2031 1056 852 1060 
2032 914 917 1018 
2033 850 851 861 
2034 835 897 898 
2035 753 754 755 
2036 667 1020 1143 
2037 845 865 950 
2038 819 873 1057 
2039 1091 653 1092 
2040 64 63 684 
2041 700 697 701 
2042 863 836 935 
2043 988 987 991 
2044 881 883 887 
2045 843 844 845 
2046 922 924 925 
2047 715 726 727 
2048 926 930 1020 
2049 772 773 774 
2050 861 862 880 
2051 793 817 843 
2052 51 50 829 
2053 871 842 1022 
2054 775 777 780 
2055 847 849 852 
2056 826 815 827 
2057 690 692 693 
2058 723 722 791 
2059 888 890 901 
2060 738 739 740 
2061 831 899 900 
2062 755 756 759 
2063 852 868 869 
2064 865 844 928 
2065 781 783 796 
2066 712 713 714 
2067 867 866 878 
2068 873 872 895 
2069 762 764 788 
2070 58 57 832 
2071 814 791 815 
2072 902 904 955 
2073 743 745 758 
2074 1004 1002 1015 
2075 62 61 884 
2076 820 842 870 
2077 759 760 801 
2078 871 1022 1023 
2079 998 990 999 
2080 740 741 803 
2081 793 787 794 
2082 693 698 699 
2083 932 938 939 
2084 728 730 795 
2085 817 794 818 
2086 925 926 946 
2087 699 717 718 
2088 845 951 1067 
2089 827 815 828 
2090 740 803 819 
2091 1000 999 1014 
2092 906 908 910 
2093 694 695 696 
2094 701 704 724 
2095 845 844 865 
2096 785 787 793 
2097 747 749 757 
2098 732 734 790 
2099 770 772 779 
2100 755 759 797 
2101 827 828 866 
2102 819 820 872 
2103 766 768 778 
2104 796 1050 1067 
2105 871 1023 1024 
2106 865 928 942 
2107 890 889 1042 
2108 866 828 893 
2109 706 708 716 
2110 751 753 789 
2111 1021 800 1041 
2112 849 848 850 
2113 696 697 700 
2114 791 722 816 
2115 736 738 798 
2116 710 712 792 
2117 717 698 846 
2118 793 794 817 
2119 850 861 892 
2120 819 803 820 
2121 720 718 807 
2122 843 817 844 
2123 847 846 848 
2124 646 54 837 
2125 964 776 1115 
2126 1050 843 1067 
2127 643 49 838 
2128 852 849 868 
2129 800 823 1041 
2130 648 60 839 
2131 976 810 1084 
2132 946 926 1020 
2133 690 689 691 
2134 55 646 840 
2135 688 689 690 
2136 644 52 841 
2137 699 698 717 
2138 692 691 694 
2139 694 696 702 
2140 693 692 698 
2141 847 848 849 
2142 886 863 934 
2143 1128 657 1167 
2144 823 874 1041 
2145 695 691 1047 
2146 690 691 692 
2147 644 859 891 
2148 717 846 847 
2149 1013 1005 1085 
2150 648 855 856 
2151 954 806 1149 
2152 909 933 1087 
2153 803 741 1043 
2154 1007 1012 1085 
2155 741 743 1043 
2156 915 912 1087 
2157 855 839 857 
2158 853 837 858 
2159 1061 869 1062 
2160 851 848 1071 
2161 855 857 949 
2162 658 1062 1171 
2163 853 860 1178 
2164 859 841 864 
2165 745 747 1045 
2166 859 864 954 
2167 853 858 860 
2168 743 758 1043 
2169 643 838 927 
2170 783 785 1050 
2171 646 837 853 
2172 928 844 1048 
2173 648 839 855 
2174 768 770 1046 
2175 793 843 1050 
2176 817 818 1048 
2177 734 736 1049 
2178 872 820 1044 
2179 796 783 1050 
2180 847 852 1056 
2181 644 841 859 
2182 1058 702 1071 
2183 758 745 1045 
2184 820 870 1044 
2185 722 720 1051 
2186 850 892 1053 
2187 718 717 1056 
2188 807 718 1056 
2189 828 815 1055 
2190 846 1058 1071 
2191 747 757 1045 
2192 759 801 1054 
2193 829 831 1073 
2194 770 779 1046 
2195 778 768 1046 
2196 849 850 1053 
2197 1001 1003 1063 
2198 844 817 1048 
2199 797 759 1054 
2200 785 793 1050 
2201 815 791 1055 
2202 740 819 1057 
2203 790 734 1049 
2204 1084 810 1112 
2205 738 740 1057 
2206 1026 1039 1064 
2207 736 798 1049 
2208 796 979 1077 
2209 704 706 1059 
2210 1032 1030 1086 
2211 816 1051 1052 
2212 791 816 1055 
2213 868 849 1053 
2214 816 722 1051 
2215 724 704 1059 
2216 720 807 1051 
2217 798 738 1057 
2218 969 809 1083 
2219 706 716 1059 
2220 717 847 1056 
2221 694 702 1058 
2222 846 698 1058 
2223 692 694 1058 
2224 973 974 1115 
2225 707 822 1102 
2226 1060 869 1061 
2227 894 1055 1069 
2228 804 709 1102 
2229 698 692 1058 
2230 852 869 1060 
2231 843 845 1067 
2232 1014 671 1190 
2233 1024 1025 1065 
2234 1069 1052 1070 
2235 788 764 1074 
2236 835 898 1068 
2237 663 1119 1177 
2238 781 796 1077 
2239 1055 816 1069 
2240 907 905 1072 
2241 948 798 1169 
2242 1066 668 1088 
2243 766 778 1074 
2244 780 993 1090 
2245 1012 1009 1113 
2246 757 749 1076 
2247 751 789 1076 
2248 895 1120 1202 
2249 1034 1037 1114 
2250 816 1052 1069 
2251 1060 1061 1078 
2252 710 792 1080 
2253 716 708 1080 
2254 848 846 1071 
2255 871 1024 1088 
2256 996 702 1089 
2257 938 941 1091 
2258 1024 1065 1066 
2259 995 978 1146 
2260 764 766 1074 
2261 775 780 1090 
2262 913 1018 1075 
2263 1044 1081 1082 
2264 749 751 1076 
2265 1017 700 1103 
2266 702 696 1089 
2267 801 760 1098 
2268 988 991 1101 
2269 1062 658 1165 
2270 647 835 1093 
2271 822 967 1133 
2272 780 781 1077 
2273 1027 1029 1079 
2274 1078 1061 1100 
2275 762 788 1098 
2276 708 710 1080 
2277 774 994 1111 
2278 876 1084 1112 
2279 700 701 1103 
2280 836 645 1096 
2281 999 990 1101 
2282 755 797 1099 
2283 978 976 1084 
2284 792 712 1097 
2285 789 753 1099 
2286 958 737 1161 
2287 874 854 1112 
2288 946 1164 1208 
2289 1106 1107 1109 
2290 808 958 1156 
2291 714 715 1116 
2292 1052 1051 1078 
2293 1005 1007 1085 
2294 772 774 1111 
2295 1030 1038 1086 
2296 1044 870 1081 
2297 807 1060 1078 
2298 912 909 1087 
2299 1051 807 1078 
2300 978 1084 1138 
2301 723 814 1142 
2302 870 871 1088 
2303 855 949 1110 
2304 1081 870 1088 
2305 670 1106 1220 
2306 1104 1036 1105 
2307 806 769 1149 
2308 1052 1078 1100 
2309 696 700 1089 
2310 767 825 1149 
2311 727 728 1141 
2312 939 938 1091 
2313 655 1019 1193 
2314 774 775 1090 
2315 960 821 1178 
2316 1019 673 1193 
2317 1020 930 1143 
2318 875 927 1213 
2319 880 881 1145 
2320 1035 1104 1108 
2321 668 1081 1088 
2322 936 836 1096 
2323 932 939 1143 
2324 671 1014 1212 
2325 1020 667 1164 
2326 735 799 1161 
2327 892 1117 1216 
2328 712 714 1097 
2329 760 762 1098 
2330 991 678 1200 
2331 943 1048 1187 
2332 956 802 1215 
2333 1130 679 1191 
2334 753 755 1099 
2335 990 988 1101 
2336 686 685 1146 
2337 814 826 1148 
2338 1069 1070 1094 
2339 709 707 1102 
2340 1142 814 1148 
2341 1187 879 1188 
2342 835 1068 1093 
2343 873 896 1169 
2344 1070 1052 1100 
2345 1015 663 1177 
2346 1215 802 1226 
2347 1091 941 1147 
2348 959 960 1197 
2349 1035 1036 1104 
2350 947 662 1163 
2351 874 1112 1142 
2352 701 724 1103 
2353 1009 1011 1113 
2354 776 973 1115 
2355 953 952 1160 
2356 854 876 1112 
2357 1106 1109 1198 
2358 1036 1034 1114 
2359 894 1069 1094 
2360 885 1021 1157 
2361 779 772 1111 
2362 661 249 1118 
2363 663 241 1119 
2364 664 257 1120 
2365 665 279 1117 
2366 278 665 1121 
2367 47 658 1122 
2368 288 657 1128 
2369 659 230 1123 
2370 876 945 1138 
2371 275 652 1125 
2372 259 653 1124 
2373 243 654 1126 
2374 656 237 1134 
2375 652 276 1127 
2376 233 649 1129 
2377 650 48 1130 
2378 657 289 1131 
2379 1036 1114 1136 
2380 967 969 1133 
2381 939 1091 1092 
2382 39 674 1118 
2383 37 672 1119 
2384 41 677 1120 
2385 280 676 1117 
2386 676 281 1122 
2387 672 242 1126 
2388 677 258 1124 
2389 675 274 1125 
2390 681 46 1121 
2391 277 681 1127 
2392 679 287 1128 
2393 231 682 1123 
2394 682 232 1129 
2395 286 679 1130 
2396 856 855 1110 
2397 939 1092 1151 
2398 1110 822 1133 
2399 33 680 1131 
2400 669 270 1135 
2401 859 954 1150 
2402 680 226 1132 
2403 227 666 1132 
2404 825 957 1153 
2405 685 688 1146 
2406 827 867 1168 
2407 53 644 1162 
2408 249 39 1118 
2409 241 37 1119 
2410 257 41 1120 
2411 279 280 1117 
2412 281 47 1122 
2413 46 278 1121 
2414 274 275 1125 
2415 258 259 1124 
2416 242 243 1126 
2417 287 288 1128 
2418 230 231 1123 
2419 276 277 1127 
2420 232 233 1129 
2421 48 286 1130 
2422 237 36 1134 
2423 289 33 1131 
2424 662 946 1208 
2425 832 833 1184 
2426 270 271 1135 
2427 892 861 1159 
2428 715 727 1116 
2429 226 227 1132 
2430 834 832 1184 
2431 1066 1065 1207 
2432 884 1083 1170 
2433 831 900 1140 
2434 660 955 1199 
2435 1196 877 1215 
2436 1167 893 1229 
2437 878 866 1167 
2438 646 853 1155 
2439 656 991 1200 
2440 687 642 1170 
2441 863 935 1156 
2442 799 961 1144 
2443 1062 869 1171 
2444 888 901 1175 
2445 1106 1198 1220 
2446 1118 674 1154 
2447 957 805 1139 
2448 885 1157 1168 
2449 867 879 1179 
2450 1004 1015 1177 
2451 895 872 1176 
2452 1079 1029 1154 
2453 663 1015 1174 
2454 1033 1035 1183 
2455 802 964 1226 
2456 893 894 1191 
2457 653 1091 1147 
2458 1105 1036 1136 
2459 1148 826 1157 
2460 1168 867 1179 
2461 1000 1014 1190 
2462 810 723 1142 
2463 910 908 1186 
2464 1015 1002 1190 
2465 1065 1025 1181 
2466 674 1079 1154 
2467 1044 1082 1176 
2468 728 795 1141 
2469 955 904 1199 
2470 251 651 1152 
2471 906 910 1199 
2472 674 250 1152 
2473 930 932 1143 
2474 1132 943 1188 
2475 798 1057 1169 
2476 1061 1062 1182 
2477 651 1065 1181 
2478 1112 810 1142 
2479 865 942 1228 
2480 1179 879 1187 
2481 261 42 1151 
2482 61 648 1227 
2483 884 61 1227 
2484 650 1095 1210 
2485 911 913 1217 
2486 1095 683 1210 
2487 662 265 1163 
2488 229 34 1158 
2489 43 673 1163 
2490 1027 1079 1181 
2491 658 282 1165 
2492 875 824 1225 
2493 667 262 1164 
2494 283 683 1165 
2495 688 995 1146 
2496 1118 1154 1166 
2497 881 887 1145 
2498 675 955 1214 
2499 1073 831 1140 
2500 856 1110 1133 
2501 1084 876 1138 
2502 874 1142 1148 
2503 955 660 1214 
2504 240 663 1174 
2505 671 239 1174 
2506 1126 1010 1218 
2507 1135 910 1186 
2508 1083 809 1170 
2509 678 992 1192 
2510 1095 1100 1182 
2511 683 1095 1182 
2512 673 1019 1219 
2513 1079 674 1152 
2514 649 35 1192 
2515 272 660 1194 
2516 267 655 1193 
2517 668 254 1189 
2518 234 678 1192 
2519 673 266 1193 
2520 654 244 1198 
2521 236 656 1200 
2522 1041 874 1148 
2523 678 235 1200 
2524 1031 1033 1166 
2525 941 948 1185 
2526 651 252 1207 
2527 264 662 1208 
2528 649 983 1201 
2529 285 650 1210 
2530 1113 1011 1137 
2531 660 273 1214 
2532 683 284 1210 
2533 45 675 1214 
2534 238 671 1212 
2535 38 670 1220 
2536 268 269 1203 
2537 1092 261 1151 
2538 246 247 1230 
2539 769 767 1149 
2540 1159 880 1211 
2541 840 1155 1206 
2542 42 667 1151 
2543 1139 805 1197 
2544 247 1108 1230 
2545 250 251 1152 
2546 891 859 1150 
2547 1065 651 1207 
2548 1014 1134 1212 
2549 255 1082 1189 
2550 1083 884 1227 
2551 1029 1031 1154 
2552 1081 668 1189 
2553 1144 961 1224 
2554 34 659 1158 
2555 269 1075 1203 
2556 1041 1148 1157 
2557 840 646 1155 
2558 934 863 1156 
2559 737 735 1161 
2560 659 950 1228 
2561 910 1135 1194 
2562 1021 1041 1157 
2563 861 880 1159 
2564 981 953 1160 
2565 975 936 1206 
2566 680 1132 1188 
2567 1124 653 1147 
2568 1109 654 1198 
2569 942 1158 1228 
2570 1018 655 1203 
2571 644 891 1162 
2572 1107 1105 1222 
2573 265 43 1163 
2574 957 1139 1153 
2575 1150 825 1153 
2576 262 263 1164 
2577 282 283 1165 
2578 248 661 1223 
2579 676 1122 1173 
2580 1157 826 1168 
2581 1108 1104 1230 
2582 1057 873 1169 
2583 866 893 1167 
2584 809 687 1170 
2585 826 827 1168 
2586 1135 271 1194 
2587 821 963 1178 
2588 869 868 1171 
2589 676 1173 1216 
2590 239 240 1174 
2591 856 1083 1227 
2592 64 684 1172 
2593 885 1168 1179 
2594 1171 868 1173 
2595 887 888 1175 
2596 1134 36 1212 
2597 818 885 1179 
2598 1006 1004 1177 
2599 868 1053 1173 
2600 1008 1006 1180 
2601 872 1044 1176 
2602 1006 1177 1180 
2603 981 1160 1201 
2604 1025 1027 1181 
2605 1180 672 1218 
2606 669 1135 1186 
2607 833 886 1184 
2608 1104 670 1230 
2609 936 1096 1206 
2610 818 1179 1187 
2611 1075 1018 1203 
2612 879 878 1205 
2613 886 1144 1209 
2614 1119 672 1180 
2615 1082 1081 1189 
2616 254 255 1189 
2617 908 911 1186 
2618 927 838 1213 
2619 1035 1108 1183 
2620 35 234 1192 
2621 805 959 1197 
2622 266 267 1193 
2623 271 272 1194 
2624 1002 1000 1190 
2625 1048 818 1187 
2626 1129 649 1201 
2627 1154 1031 1166 
2628 661 1118 1166 
2629 877 956 1215 
2630 897 834 1209 
2631 891 1150 1153 
2632 1162 891 1221 
2633 244 245 1198 
2634 1008 1180 1218 
2635 235 236 1200 
2636 904 906 1199 
2637 893 1191 1229 
2638 655 268 1203 
2639 899 1215 1226 
2640 1131 680 1205 
2641 1173 1053 1216 
2642 983 981 1201 
2643 1120 677 1202 
2644 896 895 1202 
2645 1195 896 1202 
2646 1100 1061 1182 
2647 945 875 1213 
2648 252 253 1207 
2649 824 877 1225 
2650 1011 1010 1204 
2651 263 264 1208 
2652 654 1109 1204 
2653 247 248 1223 
2654 1096 840 1206 
2655 284 285 1210 
2656 1136 1054 1222 
2657 1164 263 1208 
2658 961 811 1224 
2659 1105 1136 1222 
2660 36 238 1212 
2661 273 45 1214 
2662 880 1145 1211 
2663 1054 1137 1222 
2664 245 38 1220 
2665 894 1094 1191 
2666 1185 896 1195 
2667 670 246 1230 
2668 1117 676 1216 
2669 1184 886 1209 
2670 677 1124 1195 
2671 1010 1008 1218 
2672 1108 247 1223 
2673 648 856 1227 
2674 1053 892 1216 
2675 1153 1139 1221 
2676 1139 858 1221 
2677 950 865 1228 
2678 900 899 1226 
2679 913 1075 1217 
2680 1147 941 1185 
2681 661 1183 1223 
2682 1198 245 1220 
2683 672 1126 1218 
2684 1124 1147 1195 
2685 681 1121 1211 
2686 1188 879 1205 
2687 1137 1107 1222 
2688 1158 659 1228 
2689 1145 681 1211 
2690 679 1128 1229 
2691 677 1195 1202 
2692 1147 1185 1195 
2693 891 1153 1221 
2694 680 1188 1205 
2695 834 1184 1209 
2696 1183 1108 1223 
2697 877 1196 1225 
2698 1191 679 1229 
2699 1196 927 1225 
2 9 2 64
2700 1234 1237 1245 
2701 1237 1243 1245 
2702 1237 1234 1250 
2703 1231 1239 1240 
2704 1239 1236 1240 
2705 60 61 1231 
2706 52 53 1232 
2707 56 57 1233 
2708 54 55 1238 
2709 62 63 1236 
2710 64 49 1234 
2711 58 59 1235 
2712 50 51 1237 
2713 1243 1237 1254 
2714 1242 1240 1243 
2715 1240 1236 1245 
2716 1245 1236 1249 
2717 1244 1232 1248 
2718 1238 1244 1248 
2719 1231 1240 1241 
2720 1234 1245 1249 
2721 1242 1243 1244 
2722 1241 1240 1242 
2723 1231 61 1239 
2724 50 1237 1250 
2725 59 60 1247 
2726 1234 49 1250 
2727 63 64 1249 
2728 54 1238 1248 
2729 64 1234 1249 
2730 51 52 1251 
2731 1237 51 1251 
2732 1232 53 1248 
2733 1238 55 1246 
2734 1233 57 1252 
2735 49 50 1250 
2736 52 1232 1251 
2737 53 54 1248 
2738 55 56 1246 
2739 57 58 1252 
2740 1235 59 1247 
2741 62 1236 1239 
2742 60 1231 1247 
2743 61 62 1239 
2744 1236 63 1249 
2745 56 1233 1246 
2746 58 1235 1252 
2747 1243 1240 1245 
2748 1241 1242 1255 
2749 1232 1244 1254 
2750 1244 1243 1254 
2751 1231 1241 1247 
2752 1241 1235 1247 
2753 1242 1253 1255 
2754 1253 1233 1255 
2755 1235 1241 1255 
2756 1244 1238 1253 
2757 1242 1244 1253 
2758 1246 1233 1253 
2759 1238 1246 1253 
2760 1251 1232 1254 
2761 1237 1251 1254 
2762 1233 1252 1255 
2763 1252 1235 1255 
$EndElements
