$MeshFormat
4.1 0 8
$EndMeshFormat
$PhysicalNames
20
0 1001 "e1"
0 1002 "e2"
0 1003 "e3"
0 1004 "e4"
0 1005 "e5"
0 1006 "e6"
0 1007 "e7"
0 1008 "e8"
0 1009 "e9"
0 1010 "e10"
0 1011 "e11"
0 1012 "e12"
0 1013 "e13"
0 1014 "e14"
0 1015 "e15"
0 1016 "e16"
2 201 "Skin"
2 202 "Fat"
2 203 "Muscle"
2 204 "Bone"
$EndPhysicalNames
$Entities
65 64 4 0
1 0.06573502339757785 0.02722833821418947 0 1 1001 
2 0.05031140876076915 0.05031140876076914 0 1 1002 
3 0.02722833821418948 0.06573502339757785 0 1 1003 
4 4.35674691141275e-18 0.07115107661157628 0 1 1004 
5 -0.02722833821418947 0.06573502339757785 0 1 1005 
6 -0.05031140876076914 0.05031140876076915 0 1 1006 
7 -0.06573502339757785 0.02722833821418948 0 1 1007 
8 -0.07115107661157628 8.7134938228255e-18 0 1 1008 
9 -0.06573502339757785 -0.02722833821418947 0 1 1009 
10 -0.05031140876076916 -0.05031140876076914 0 1 1010 
11 -0.02722833821418951 -0.06573502339757784 0 1 1011 
12 -1.307024073423825e-17 -0.07115107661157628 0 1 1012 
13 0.02722833821418949 -0.06573502339757784 0 1 1013 
14 0.05031140876076914 -0.05031140876076916 0 1 1014 
15 0.06573502339757784 -0.02722833821418952 0 1 1015 
16 0.07115107661157628 -1.7426987645651e-17 0 1 1016 
17 0.06480709354530922 0.02684397708444895 0 0 
18 0.04960120199904878 0.04960120199904877 0 0 
19 0.02684397708444895 0.06480709354530922 0 0 
20 4.295246126763635e-18 0.07014669257706226 0 0 
21 -0.02684397708444895 0.06480709354530922 0 0 
22 -0.04960120199904877 0.04960120199904878 0 0 
23 -0.06480709354530922 0.02684397708444896 0 0 
24 -0.07014669257706226 8.59049225352727e-18 0 0 
25 -0.06480709354530924 -0.02684397708444894 0 0 
26 -0.04960120199904879 -0.04960120199904877 0 0 
27 -0.02684397708444899 -0.06480709354530921 0 0 
28 -1.28857383802909e-17 -0.07014669257706226 0 0 
29 0.02684397708444896 -0.06480709354530921 0 0 
30 0.04960120199904876 -0.04960120199904879 0 0 
31 0.06480709354530921 -0.02684397708444899 0 0 
32 0.07014669257706226 -1.718098450705454e-17 0 0 
33 0.05240387545256973 0.0217063959333649 0 0 
34 0.04010818985484412 0.04010818985484411 0 0 
35 0.0217063959333649 0.05240387545256973 0 0 
36 3.473192990944524e-18 0.05672154605495553 0 0 
37 -0.0217063959333649 0.05240387545256973 0 0 
38 -0.04010818985484411 0.04010818985484412 0 0 
39 -0.05240387545256973 0.02170639593336491 0 0 
40 -0.05672154605495553 6.946385981889047e-18 0 0 
41 -0.05240387545256974 -0.02170639593336489 0 0 
42 -0.04010818985484413 -0.04010818985484411 0 0 
43 -0.02170639593336493 -0.05240387545256973 0 0 
44 -1.041957897283357e-17 -0.05672154605495553 0 0 
45 0.02170639593336491 -0.05240387545256973 0 0 
46 0.04010818985484411 -0.04010818985484413 0 0 
47 0.05240387545256973 -0.02170639593336493 0 0 
48 0.05672154605495553 -1.389277196377809e-17 0 0 
49 0.007278979340870421 0.003015051963222101 0 0 
50 0.005571089596557743 0.005571089596557742 0 0 
51 0.003015051963222101 0.007278979340870421 0 0 
52 4.824318775969728e-19 0.007878710464647614 0 0 
53 -0.0030150519632221 0.007278979340870421 0 0 
54 -0.005571089596557742 0.005571089596557743 0 0 
55 -0.007278979340870421 0.003015051963222101 0 0 
56 -0.007878710464647614 9.648637551939457e-19 0 0 
57 -0.007278979340870422 -0.0030150519632221 0 0 
58 -0.005571089596557744 -0.005571089596557742 0 0 
59 -0.003015051963222105 -0.007278979340870419 0 0 
60 -1.447295632790918e-18 -0.007878710464647614 0 0 
61 0.003015051963222102 -0.00727897934087042 0 0 
62 0.005571089596557741 -0.005571089596557744 0 0 
63 0.007278979340870419 -0.003015051963222105 0 0 
64 0.007878710464647614 -1.929727510387891e-18 0 0 
1000 0 0 0 0 
1 0.05031140876076917 0.02722833821418948 0 0.06573502339757786 0.05031140876076916 0 0 2 1 -2 
2 0.02722833821418947 0.05031140876076914 0 0.05031140876076914 0.06573502339757784 0 0 2 2 -3 
3 3.469446951953614e-18 0.06573502339757786 0 0.02722833821418948 0.07115107661157631 0 0 2 3 -4 
4 -0.02722833821418947 0.06573502339757785 0 5.204170427930421e-18 0.07115107661157628 0 0 2 4 -5 
5 -0.05031140876076916 0.05031140876076917 0 -0.02722833821418948 0.06573502339757786 0 0 2 5 -6 
6 -0.06573502339757784 0.02722833821418947 0 -0.05031140876076914 0.05031140876076914 0 0 2 6 -7 
7 -0.07115107661157631 6.938893903907228e-18 0 -0.06573502339757786 0.02722833821418949 0 0 2 7 -8 
8 -0.07115107661157628 -0.02722833821418947 0 -0.06573502339757785 8.673617379884035e-18 0 0 2 8 -9 
9 -0.06573502339757785 -0.05031140876076914 0 -0.05031140876076916 -0.02722833821418947 0 0 2 9 -10 
10 -0.05031140876076918 -0.06573502339757785 0 -0.02722833821418952 -0.05031140876076916 0 0 2 10 -11 
11 -0.02722833821418954 -0.07115107661157631 0 -3.469446951953614e-17 -0.06573502339757785 0 0 2 11 -12 
12 -1.387778780781446e-17 -0.07115107661157628 0 0.02722833821418949 -0.06573502339757784 0 0 2 12 -13 
13 0.02722833821418949 -0.06573502339757784 0 0.05031140876076914 -0.05031140876076916 0 0 2 13 -14 
14 0.05031140876076914 -0.05031140876076916 0 0.06573502339757782 -0.02722833821418951 0 0 2 14 -15 
15 0.06573502339757785 -0.02722833821418952 0 0.07115107661157631 -1.387778780781446e-17 0 0 2 15 -16 
16 0.06573502339757784 -1.734723475976807e-17 0 0.07115107661157628 0.02722833821418947 0 0 2 16 -1 
17 0.04960120199904878 0.02684397708444895 0 0.06480709354530924 0.04960120199904879 0 0 2 17 -18 
18 0.02684397708444895 0.04960120199904876 0 0.04960120199904877 0.06480709354530921 0 0 2 18 -19 
19 5.551115123125783e-17 0.06480709354530924 0 0.02684397708444898 0.07014669257706228 0 0 2 19 -20 
20 -0.02684397708444895 0.06480709354530922 0 3.469446951953614e-18 0.07014669257706226 0 0 2 20 -21 
21 -0.04960120199904879 0.04960120199904878 0 -0.02684397708444895 0.06480709354530924 0 0 2 21 -22 
22 -0.06480709354530921 0.02684397708444895 0 -0.04960120199904876 0.04960120199904877 0 0 2 22 -23 
23 -0.07014669257706228 5.898059818321144e-17 0 -0.06480709354530924 0.02684397708444898 0 0 2 23 -24 
24 -0.07014669257706226 -0.02684397708444894 0 -0.06480709354530922 8.673617379884035e-18 0 0 2 24 -25 
25 -0.06480709354530922 -0.04960120199904877 0 -0.04960120199904878 -0.02684397708444894 0 0 2 25 -26 
26 -0.04960120199904879 -0.06480709354530922 0 -0.02684397708444899 -0.04960120199904879 0 0 2 26 -27 
27 -0.02684397708444899 -0.07014669257706227 0 -6.938893903907228e-18 -0.06480709354530922 0 0 2 27 -28 
28 -1.214306433183765e-17 -0.07014669257706226 0 0.02684397708444897 -0.06480709354530921 0 0 2 28 -29 
29 0.02684397708444896 -0.06480709354530921 0 0.04960120199904876 -0.04960120199904877 0 0 2 29 -30 
30 0.04960120199904876 -0.04960120199904878 0 0.0648070935453092 -0.02684397708444898 0 0 2 30 -31 
31 0.06480709354530922 -0.026843977084449 0 0.07014669257706227 -1.387778780781446e-17 0 0 2 31 -32 
32 0.06480709354530921 -1.734723475976807e-17 0 0.07014669257706226 0.02684397708444895 0 0 2 32 -17 
33 0.04010818985484411 0.0217063959333649 0 0.05240387545256973 0.04010818985484411 0 0 2 33 -34 
34 0.0217063959333649 0.04010818985484411 0 0.04010818985484413 0.05240387545256974 0 0 2 34 -35 
35 3.469446951953614e-18 0.05240387545256973 0 0.0217063959333649 0.05672154605495552 0 0 2 35 -36 
36 -0.0217063959333649 0.05240387545256973 0 3.469446951953614e-18 0.05672154605495553 0 0 2 36 -37 
37 -0.04010818985484411 0.04010818985484411 0 -0.0217063959333649 0.05240387545256973 0 0 2 37 -38 
38 -0.05240387545256973 0.02170639593336491 0 -0.04010818985484411 0.04010818985484413 0 0 2 38 -39 
39 -0.05672154605495552 6.938893903907228e-18 0 -0.05240387545256973 0.02170639593336491 0 0 2 39 -40 
40 -0.05672154605495553 -0.02170639593336489 0 -0.05240387545256973 6.938893903907228e-18 0 0 2 40 -41 
41 -0.05240387545256975 -0.04010818985484412 0 -0.04010818985484413 -0.0217063959333649 0 0 2 41 -42 
42 -0.04010818985484412 -0.05240387545256973 0 -0.02170639593336492 -0.04010818985484411 0 0 2 42 -43 
43 -0.02170639593336493 -0.05672154605495554 0 -3.469446951953614e-18 -0.05240387545256973 0 0 2 43 -44 
44 -1.040834085586084e-17 -0.05672154605495553 0 0.02170639593336492 -0.05240387545256973 0 0 2 44 -45 
45 0.0217063959333649 -0.05240387545256973 0 0.0401081898548441 -0.04010818985484413 0 0 2 45 -46 
46 0.04010818985484411 -0.04010818985484414 0 0.05240387545256973 -0.02170639593336493 0 0 2 46 -47 
47 0.05240387545256973 -0.02170639593336493 0 0.05672154605495554 -1.387778780781446e-17 0 0 2 47 -48 
48 0.05240387545256973 -1.387778780781446e-17 0 0.05672154605495553 0.0217063959333649 0 0 2 48 -33 
49 0.005571089596557742 0.003015051963222101 0 0.007278979340870421 0.005571089596557742 0 0 2 49 -50 
50 0.003015051963222098 0.00557108959655774 0 0.005571089596557741 0.007278979340870419 0 0 2 50 -51 
51 4.336808689942018e-19 0.007278979340870421 0 0.003015051963222101 0.007878710464647614 0 0 2 51 -52 
52 -0.0030150519632221 0.007278979340870421 0 4.336808689942018e-19 0.007878710464647614 0 0 2 52 -53 
53 -0.005571089596557742 0.005571089596557743 0 -0.0030150519632221 0.007278979340870421 0 0 2 53 -54 
54 -0.007278979340870418 0.003015051963222099 0 -0.00557108959655774 0.005571089596557741 0 0 2 54 -55 
55 -0.007878710464647613 -1.301042606982605e-18 0 -0.007278979340870417 0.003015051963222101 0 0 2 55 -56 
56 -0.007878710464647614 -0.0030150519632221 0 -0.007278979340870421 8.673617379884035e-19 0 0 2 56 -57 
57 -0.007278979340870418 -0.005571089596557742 0 -0.005571089596557741 -0.003015051963222098 0 0 2 57 -58 
58 -0.005571089596557742 -0.007278979340870417 0 -0.003015051963222104 -0.00557108959655774 0 0 2 58 -59 
59 -0.003015051963222105 -0.007878710464647616 0 -1.734723475976807e-18 -0.007278979340870419 0 0 2 59 -60 
60 -3.469446951953614e-18 -0.007878710464647614 0 0.003015051963222101 -0.007278979340870422 0 0 2 60 -61 
61 0.003015051963222102 -0.00727897934087042 0 0.005571089596557743 -0.005571089596557744 0 0 2 61 -62 
62 0.005571089596557739 -0.005571089596557742 0 0.007278979340870417 -0.003015051963222104 0 0 2 62 -63 
63 0.007278979340870419 -0.003015051963222105 0 0.007878710464647616 -2.168404344971009e-18 0 0 2 63 -64 
64 0.007278979340870421 -1.951563910473908e-18 0 0.007878710464647614 0.003015051963222101 0 0 2 64 -49 
6 -0.07115107661157631 -0.07115107661157631 0 0.07115107661157631 0.07115107661157631 0 1 201 32 1 2 3 4 5 6 7 8 9 10 11 12 13 14 15 16 -32 -31 -30 -29 -28 -27 -26 -25 -24 -23 -22 -21 -20 -19 -18 -17 
7 -0.07014669257706227 -0.07014669257706227 0 0.07014669257706227 0.07014669257706227 0 1 202 32 17 18 19 20 21 22 23 24 25 26 27 28 29 30 31 32 -48 -47 -46 -45 -44 -43 -42 -41 -40 -39 -38 -37 -36 -35 -34 -33 
8 -0.05672154605495554 -0.05672154605495554 0 0.05672154605495554 0.05672154605495554 0 1 203 32 33 34 35 36 37 38 39 40 41 42 43 44 45 46 47 48 -64 -63 -62 -61 -60 -59 -58 -57 -56 -55 -54 -53 -52 -51 -50 -49 
9 -0.007878710464647616 -0.007878710464647616 0 0.007878710464647616 0.007878710464647616 0 1 204 16 49 50 51 52 53 54 55 56 57 58 59 60 61 62 63 64 
$EndEntities
$Nodes
116 1275 1 1276
0 1 0 1
1
0.06573502339757785 0.02722833821418947 0
0 2 0 1
2
0.05031140876076915 0.05031140876076914 0
0 3 0 1
3
0.02722833821418948 0.06573502339757785 0
0 4 0 1
4
4.35674691141275e-18 0.07115107661157628 0
0 5 0 1
5
-0.02722833821418947 0.06573502339757785 0
0 6 0 1
6
-0.05031140876076914 0.05031140876076915 0
0 7 0 1
7
-0.06573502339757785 0.02722833821418948 0
0 8 0 1
8
-0.07115107661157628 8.7134938228255e-18 0
0 9 0 1
9
-0.06573502339757785 -0.02722833821418947 0
0 10 0 1
10
-0.05031140876076916 -0.05031140876076914 0
0 11 0 1
11
-0.02722833821418951 -0.06573502339757784 0
0 12 0 1
12
-1.307024073423825e-17 -0.07115107661157628 0
0 13 0 1
13
0.02722833821418949 -0.06573502339757784 0
0 14 0 1
14
0.05031140876076914 -0.05031140876076916 0
0 15 0 1
15
0.06573502339757784 -0.02722833821418952 0
0 16 0 1
16
0.07115107661157628 -1.7426987645651e-17 0
0 17 0 1
17
0.06480709354530922 0.02684397708444895 0
0 18 0 1
18
0.04960120199904878 0.04960120199904877 0
0 19 0 1
19
0.02684397708444895 0.06480709354530922 0
0 20 0 1
20
4.295246126763635e-18 0.07014669257706226 0
0 21 0 1
21
-0.02684397708444895 0.06480709354530922 0
0 22 0 1
22
-0.04960120199904877 0.04960120199904878 0
0 23 0 1
23
-0.06480709354530922 0.02684397708444896 0
0 24 0 1
24
-0.07014669257706226 8.59049225352727e-18 0
0 25 0 1
25
-0.06480709354530924 -0.02684397708444894 0
0 26 0 1
26
-0.04960120199904879 -0.04960120199904877 0
0 27 0 1
27
-0.02684397708444899 -0.06480709354530921 0
0 28 0 1
28
-1.28857383802909e-17 -0.07014669257706226 0
0 29 0 1
29
0.02684397708444896 -0.06480709354530921 0
0 30 0 1
30
0.04960120199904876 -0.04960120199904879 0
0 31 0 1
31
0.06480709354530921 -0.02684397708444899 0
0 32 0 1
32
0.07014669257706226 -1.718098450705454e-17 0
0 33 0 1
33
0.05240387545256973 0.0217063959333649 0
0 34 0 1
34
0.04010818985484412 0.04010818985484411 0
0 35 0 1
35
0.0217063959333649 0.05240387545256973 0
0 36 0 1
36
3.473192990944524e-18 0.05672154605495553 0
0 37 0 1
37
-0.0217063959333649 0.05240387545256973 0
0 38 0 1
38
-0.04010818985484411 0.04010818985484412 0
0 39 0 1
39
-0.05240387545256973 0.02170639593336491 0
0 40 0 1
40
-0.05672154605495553 6.946385981889047e-18 0
0 41 0 1
41
-0.05240387545256974 -0.02170639593336489 0
0 42 0 1
42
-0.04010818985484413 -0.04010818985484411 0
0 43 0 1
43
-0.02170639593336493 -0.05240387545256973 0
0 44 0 1
44
-1.041957897283357e-17 -0.05672154605495553 0
0 45 0 1
45
0.02170639593336491 -0.05240387545256973 0
0 46 0 1
46
0.04010818985484411 -0.04010818985484413 0
0 47 0 1
47
0.05240387545256973 -0.02170639593336493 0
0 48 0 1
48
0.05672154605495553 -1.389277196377809e-17 0
0 49 0 1
49
0.007278979340870421 0.003015051963222101 0
0 50 0 1
50
0.005571089596557743 0.005571089596557742 0
0 51 0 1
51
0.003015051963222101 0.007278979340870421 0
0 52 0 1
52
4.824318775969728e-19 0.007878710464647614 0
0 53 0 1
53
-0.0030150519632221 0.007278979340870421 0
0 54 0 1
54
-0.005571089596557742 0.005571089596557743 0
0 55 0 1
55
-0.007278979340870421 0.003015051963222101 0
0 56 0 1
56
-0.007878710464647614 9.648637551939457e-19 0
0 57 0 1
57
-0.007278979340870422 -0.0030150519632221 0
0 58 0 1
58
-0.005571089596557744 -0.005571089596557742 0
0 59 0 1
59
-0.003015051963222105 -0.007278979340870419 0
0 60 0 1
60
-1.447295632790918e-18 -0.007878710464647614 0
0 61 0 1
61
0.003015051963222102 -0.00727897934087042 0
0 62 0 1
62
0.005571089596557741 -0.005571089596557744 0
0 63 0 1
63
0.007278979340870419 -0.003015051963222105 0
0 64 0 1
64
0.007878710464647614 -1.929727510387891e-18 0
1 1 0 5
66
67
68
69
70
0.06381346113340484 0.0314693165029339 0
0.06161863983665761 0.03557553833277399 0
0.05915995806387504 0.03952942024450835 0
0.05644794428268443 0.0433140310897676 0
0.05349421173869023 0.04691316460699042 0
1 2 0 5
71
72
73
74
75
0.04691316459829559 0.05349421174631534 0
0.0433140310442716 0.0564479443175947 0
0.03952942017451943 0.05915995811064011 0
0.03557553828375712 0.06161863986495748 0
0.03146931647597285 0.06381346114670054 0
1 3 0 5
76
77
78
79
80
0.02287076401845896 0.06737509819063986 0
0.01841525369379827 0.06872666247083042 0
0.01388088642271843 0.0697839286304948 0
0.009287079091468226 0.07054236928920955 0
0.004653503063865562 0.07099873669454262 0
1 4 0 5
81
82
83
84
85
-0.004653503071989282 0.07099873669401015 0
-0.009287079130048434 0.07054236928413035 0
-0.01388088648711721 0.06978392861768506 0
-0.01841525373158392 0.06872666246070576 0
-0.02287076403060109 0.06737509818651814 0
1 5 0 5
86
87
88
89
90
-0.0314693164979602 0.06381346113585762 0
-0.03557553833489176 0.06161863983543491 0
-0.03952942023067028 0.05915995807312135 0
-0.04331403108564844 0.05644794428584517 0
-0.04691316459705697 0.05349421174740162 0
1 6 0 5
91
92
93
94
95
-0.0534942117446791 0.04691316460016134 0
-0.05644794431000202 0.04331403105416657 0
-0.05915995810592761 0.03952942018157216 0
-0.06161863986312237 0.03557553828693562 0
-0.06381346114218445 0.03146931648513059 0
1 7 0 5
96
97
98
99
100
-0.06737509818912801 0.02287076402291273 0
-0.06872666246931887 0.01841525369943946 0
-0.06978392863054229 0.01388088642247967 0
-0.07054236928971142 0.009287079087656112 0
-0.07099873669498699 0.004653503057085839 0
1 8 0 5
101
102
103
104
105
-0.07099873669401015 -0.004653503071989278 0
-0.07054236928413035 -0.009287079130048429 0
-0.06978392861768506 -0.01388088648711721 0
-0.06872666246070576 -0.01841525373158392 0
-0.06737509818651814 -0.02287076403060109 0
1 9 0 5
106
107
108
109
110
-0.06381346113170611 -0.0314693165063786 0
-0.06161863983187608 -0.03557553834105581 0
-0.05915995805909013 -0.03952942025166944 0
-0.05644794427848129 -0.04331403109524523 0
-0.05349421173808256 -0.04691316460768329 0
1 10 0 5
111
112
113
114
115
-0.0469131646013779 -0.05349421174361228 0
-0.04331403106154064 -0.05644794430434374 0
-0.03952942019477888 -0.05915995809710322 0
-0.03557553829405796 -0.06161863985901034 0
-0.0314693164705285 -0.06381346114938544 0
1 11 0 5
116
117
118
119
120
-0.02287076400917895 -0.06737509819379001 0
-0.01841525369241895 -0.06872666247119999 0
-0.0138808864166471 -0.06978392863170246 0
-0.009287079086174075 -0.07054236928990654 0
-0.004653503056034493 -0.07099873669505591 0
1 12 0 5
121
122
123
124
125
0.004653503068297096 -0.07099873669425215 0
0.009287079123402131 -0.07054236928500535 0
0.01388088648485098 -0.06978392861813584 0
0.01841525373454238 -0.06872666245991303 0
0.02287076403595248 -0.0673750981847016 0
1 13 0 5
126
127
128
129
130
0.03146931649852798 -0.06381346113557759 0
0.03557553833919416 -0.06161863983295089 0
0.03952942024610154 -0.05915995806281049 0
0.04331403109249038 -0.05644794428059514 0
0.04691316461306354 -0.05349421173336421 0
1 14 0 5
131
132
133
134
135
0.05349421175024404 -0.04691316459381578 0
0.05644794431091684 -0.04331403105297438 0
0.05915995810989758 -0.03952942017563072 0
0.06161863987114826 -0.03557553827303442 0
0.06381346114943567 -0.0314693164704266 0
1 15 0 5
136
137
138
139
140
0.0673750981921669 -0.02287076401396045 0
0.06872666247101016 -0.01841525369312745 0
0.06978392863317263 -0.01388088640925606 0
0.07054236929165632 -0.009287079072883113 0
0.07099873669601305 -0.004653503041431216 0
1 16 0 5
141
142
143
144
145
0.07099873669386939 0.004653503074136885 0
0.07054236928379842 0.009287079132569631 0
0.06978392861764186 0.01388088648733439 0
0.06872666245903361 0.01841525373782442 0
0.06737509818358399 0.02287076403924482 0
1 17 0 5
146
147
148
149
150
0.06291265647466186 0.03102508879603841 0
0.06074881774732773 0.03507334631601097 0
0.05832484325667192 0.03897141437753492 0
0.05565111285143103 0.04270260083294891 0
0.05273907583703426 0.04625092819994461 0
1 18 0 5
151
152
153
154
155
0.04625092818426577 0.0527390758507842 0
0.04270260079916988 0.05565111287735056 0
0.03897141431821632 0.05832484329630731 0
0.03507334627819023 0.06074881776916353 0
0.03102508877112983 0.0629126564869454 0
1 19 0 5
156
157
158
159
160
0.02254791533980481 0.06642401669072626 0
0.01815529996431983 0.06775650199579707 0
0.01368494081452937 0.06879884355426125 0
0.009155980652803715 0.06954657790133435 0
0.004587813192186176 0.06999650312418819 0
1 20 0 5
161
162
163
164
165
-0.004587813211894253 0.06999650312289643 0
-0.009155980705438091 0.06954657789440488 0
-0.01368494087885615 0.06879884354146582 0
-0.01815530000899262 0.067756501983827 0
-0.02254791536455059 0.06642401668232616 0
1 21 0 5
166
167
168
169
170
-0.03102508879020378 0.06291265647753919 0
-0.03507334631607133 0.06074881774729289 0
-0.03897141437704195 0.05832484325700129 0
-0.04270260083287791 0.05565111285148551 0
-0.04625092820129054 0.0527390758358539 0
1 22 0 5
171
172
173
174
175
-0.05273907585113449 0.04625092818386634 0
-0.05565111288307337 0.04270260079171179 0
-0.05832484330381786 0.038971414306976 0
-0.06074881777826587 0.03507334626242452 0
-0.06291265648909437 0.03102508876677213 0
1 23 0 5
176
177
178
179
180
-0.06642401669070842 0.02254791533985732 0
-0.06775650199628293 0.01815529996250662 0
-0.06879884355461115 0.0136849408127702 0
-0.06954657790163742 0.00915598065050174 0
-0.06999650312432398 0.004587813190114386 0
1 24 0 5
181
182
183
184
185
-0.06999650312282278 -0.004587813213017862 0
-0.06954657789416616 -0.009155980707251453 0
-0.06879884354061271 -0.013684940883145 0
-0.06775650198277106 -0.01815530001293349 0
-0.0664240166801254 -0.02254791537103381 0
1 25 0 5
186
187
188
189
190
-0.06291265647699337 -0.03102508879131053 0
-0.06074881774932204 -0.03507334631255672 0
-0.05832484326610167 -0.03897141436342226 0
-0.05565111285888268 -0.04270260082323771 0
-0.05273907583459361 -0.04625092820272762 0
1 26 0 5
191
192
193
194
195
-0.04625092817794418 -0.05273907585632814 0
-0.04270260078403271 -0.05565111288896577 0
-0.03897141430536805 -0.05832484330489227 0
-0.03507334626534553 -0.06074881777657946 0
-0.03102508877222983 -0.06291265648640297 0
1 27 0 5
196
197
198
199
200
-0.02254791533697769 -0.06642401669168593 0
-0.01815529996024073 -0.06775650199689005 0
-0.01368494080511302 -0.06879884355613425 0
-0.009155980650684941 -0.0695465779016133 0
-0.004587813187165585 -0.06999650312451726 0
1 28 0 5
201
202
203
204
205
0.004587813210392245 -0.06999650312299487 0
0.009155980703598701 -0.06954657789464705 0
0.01368494088438222 -0.06879884354036661 0
0.01815530001911814 -0.06775650198111388 0
0.02254791536861881 -0.06642401668094519 0
1 29 0 5
206
207
208
209
210
0.03102508878917669 -0.06291265647804566 0
0.03507334631436656 -0.06074881774827712 0
0.03897141437900172 -0.05832484325569178 0
0.04270260083604004 -0.0556511128490591 0
0.04625092820736624 -0.05273907583052564 0
1 30 0 5
211
212
213
214
215
0.05273907585194999 -0.04625092818293643 0
0.05565111287993788 -0.04270260079579803 0
0.058324843299704 -0.0389714143131328 0
0.06074881777295928 -0.03507334627161578 0
0.06291265648609365 -0.03102508877285701 0
1 31 0 5
216
217
218
219
220
0.06642401669025774 -0.02254791534118502 0
0.06775650199401569 -0.01815529997096804 0
0.06879884355557511 -0.01368494080792401 0
0.06954657790118832 -0.00915598065391298 0
0.06999650312438528 -0.004587813189179019 0
1 32 0 5
221
222
223
224
225
0.06999650312290638 0.004587813211742478 0
0.0695465778946301 0.009155980703727388 0
0.06879884354221884 0.01368494087507047 0
0.06775650198374997 0.01815530000928014 0
0.06642401668381548 0.02254791536016318 0
1 33 0 4
226
227
228
229
0.05053926758792011 0.02575104305734134 0
0.04836306833460151 0.02963692642847948 0
0.04588869469454616 0.03334008827365596 0
0.04313140199399201 0.0368376973886412 0
1 34 0 4
230
231
232
233
0.0368376973769405 0.04313140200398536 0
0.03334008823465512 0.04588869472288195 0
0.02963692637551068 0.04836306836706085 0
0.02575104300905524 0.05053926761252313 0
1 35 0 4
234
235
236
237
0.01752792167036845 0.05394539599244656 0
0.01324138194347133 0.05515432522560268 0
0.008873204689431384 0.05602320970279991 0
0.004450321197929433 0.05654669245941535 0
1 36 0 4
238
239
240
241
-0.004450321223015464 0.05654669245744104 0
-0.008873204734779316 0.0560232096956175 0
-0.01324138198027886 0.05515432521676598 0
-0.01752792168805938 0.05394539598669842 0
1 37 0 4
242
243
244
245
-0.02575104305273967 0.05053926759026478 0
-0.02963692641984666 0.04836306833989171 0
-0.03334008826893174 0.0458886946979785 0
-0.03683769738720499 0.04313140199521864 0
1 38 0 4
246
247
248
249
-0.0431314020068112 0.03683769737363186 0
-0.0458886947208063 0.033340088237512 0
-0.04836306836396986 0.02963692638055472 0
-0.05053926760541913 0.02575104302299763 0
1 39 0 4
250
251
252
253
-0.05394539599460487 0.01752792166372585 0
-0.05515432522899121 0.01324138192935713 0
-0.05602320970267208 0.008873204690238518 0
-0.05654669245922281 0.004450321200376042 0
1 40 0 4
254
255
256
257
-0.05654669245733807 -0.004450321224323836 0
-0.05602320969528509 -0.008873204736878085 0
-0.05515432521629606 -0.01324138198223622 0
-0.05394539598592613 -0.01752792169043628 0
1 41 0 4
258
259
260
261
-0.05053926759404734 -0.02575104304531603 0
-0.04836306834137343 -0.02963692641742875 0
-0.04588869468831482 -0.0333400882822327 0
-0.04313140199215948 -0.03683769739078684 0
1 42 0 4
262
263
264
265
-0.03683769738294132 -0.04313140199886016 0
-0.03334008824225725 -0.04588869471735867 0
-0.02963692638475166 -0.04836306836139795 0
-0.02575104302558565 -0.05053926760410046 0
1 43 0 4
266
267
268
269
-0.01752792167366947 -0.053945395991374 0
-0.01324138194001742 -0.0551543252264319 0
-0.008873204696087799 -0.05602320970174564 0
-0.004450321197953088 -0.0565466924594135 0
1 44 0 4
270
271
272
273
0.004450321222659029 -0.05654669245746909 0
0.008873204733151514 -0.05602320969587532 0
0.01324138197973098 -0.05515432521689751 0
0.01752792169288133 -0.05394539598513168 0
1 45 0 4
274
275
276
277
0.02575104305385986 -0.05053926758969401 0
0.02963692643385507 -0.04836306833130733 0
0.03334008827775345 -0.04588869469156916 0
0.03683769739692647 -0.04313140198691573 0
1 46 0 4
278
279
280
281
0.04313140200764833 -0.03683769737265175 0
0.04588869471279949 -0.03334008824853243 0
0.04836306835991632 -0.02963692638716948 0
0.05053926760464935 -0.02575104302450841 0
1 47 0 4
282
283
284
285
0.05394539599359198 -0.01752792166684321 0
0.05515432522822291 -0.01324138193255734 0
0.05602320970197279 -0.008873204694653665 0
0.05654669245939341 -0.004450321198208304 0
1 48 0 4
286
287
288
289
0.056546692457696 0.00445032121977585 0
0.0560232096961452 0.008873204731447549 0
0.05515432521793134 0.01324138197542479 0
0.05394539598759336 0.01752792168530506 0
2 6 0 0
2 7 0 240
290
291
292
293
294
295
296
297
298
299
300
301
302
303
304
305
306
307
308
309
310
311
312
313
314
315
316
317
318
319
320
321
322
323
324
325
326
327
328
329
330
331
332
333
334
335
336
337
338
339
340
341
342
343
344
345
346
347
348
349
350
351
352
353
354
355
356
357
358
359
360
361
362
363
364
365
366
367
368
369
370
371
372
373
374
375
376
377
378
379
380
381
382
383
384
385
386
387
388
389
390
391
392
393
394
395
396
397
398
399
400
401
402
403
404
405
406
407
408
409
410
411
412
413
414
415
416
417
418
419
420
421
422
423
424
425
426
427
428
429
430
431
432
433
434
435
436
437
438
439
440
441
442
443
444
445
446
447
448
449
450
451
452
453
454
455
456
457
458
459
460
461
462
463
464
465
466
467
468
469
470
471
472
473
474
475
476
477
478
479
480
481
482
483
484
485
486
487
488
489
490
491
492
493
494
495
496
497
498
499
500
501
502
503
504
505
506
507
508
509
510
511
512
513
514
515
516
517
518
519
520
521
522
523
524
525
526
527
528
529
0.02534351722878604 0.05497433864943672 0
-0.05497433865795917 0.02534351724190949 0
0.04109112213328861 -0.04445212547232202 0
0.002376588254645552 0.06048821046959272 0
0.02095215475477709 -0.05679330056016837 0
-0.02534351724434552 -0.05497433865954109 0
0.05497433865888263 -0.02534351724333154 0
-0.002376588254658982 -0.06048821046961227 0
-0.06048821047136496 0.002376588256025792 0
0.06048821046982325 -0.002376588254804011 0
-0.05679330056268306 -0.02095215475424255 0
-0.04445212547682857 -0.04109112213158714 0
0.04445212548117831 0.04109112213355751 0
0.05679330056644387 0.02095215475256134 0
-0.02095215475328329 0.05679330056393589 0
-0.04109112213450733 0.04445212548369056 0
-0.03728839458686259 -0.04731348576049314 0
0.0473134857608101 -0.03728839458539357 0
-0.02944231028226433 0.0525560716834003 0
-0.05798161193556334 0.01634389742069103 0
-0.01634389743092839 -0.05798161193429099 0
0.05798161193534377 -0.0163438974242395 0
0.05255607167894147 0.02944231028838834 0
0.0163438974301498 0.05798161193339214 0
0.05982256329469021 0.007088809953406298 0
0.03728839458176741 0.04731348576767634 0
-0.05255607168582874 -0.02944231028112317 0
0.0294423102898336 -0.05255607167795977 0
-0.007088809956877923 0.05982256329444609 0
-0.05982256329454992 -0.007088809958642389 0
-0.04731348576744419 0.03728839458121349 0
0.007088809955773609 -0.05982256329566789 0
-0.05389584773535512 -0.03802476888862572 0
0.05389584772915361 0.03802476889674469 0
0.03802476889962324 -0.05389584772649592 0
-0.01450525770793668 0.06434471968241449 0
-0.06434471968185382 -0.01450525771134315 0
-0.03802476889414268 0.05389584773110113 0
0.06434471968158494 0.01450525770485419 0
-0.03524182152950705 -0.05575535370983937 0
-0.06499769134415631 0.01122254746972065 0
0.01450525771215159 -0.06434471968080183 0
0.01122254747387574 0.0649976913443269 0
0.06499769134510153 -0.01122254747095028 0
-0.01122254747058242 -0.06499769134541003 0
-0.05575535371085029 0.03524182152716166 0
0.0352418215353295 0.05575535370860716 0
0.05575535370543501 -0.03524182153516882 0
0.02333337667688533 0.06246744073789366 0
0.04878309327040997 -0.0454624837758479 0
-0.0624674407402722 0.02333337668281301 0
0.06246744074090878 -0.0233333766876713 0
0.02767196206797766 -0.0606703398337074 0
-0.0606703398357505 -0.0276719620669134 0
-0.02333337668590194 -0.06246744074069373 0
-0.04546248377652042 -0.04878309327039454 0
0.002348025486057407 -0.06664168662909215 0
0.04546248378065496 0.04878309326975749 0
0.06664168662846701 0.002348025487321993 0
-0.02767196206743439 0.0606703398349324 0
-0.002348025486722308 0.06664168662868769 0
-0.06664168662810926 -0.002348025488738237 0
-0.04878309326938193 0.04546248378283816 0
0.06067033983496274 0.02767196206809189 0
-0.05054003184091074 -0.03368378827810942 0
-0.05488041418906543 -0.03280945511994598 0
-0.04883699314137042 -0.03832234336136561 0
-0.04872600432059597 -0.04300308167279472 0
-0.03380267327895939 -0.05046059542278254 0
-0.03814725650111934 -0.05131380933057281 0
-0.03045417248853235 -0.05409433682477707 0
-0.02856039119531341 -0.05837630156697465 0
0.03368378828310416 -0.05054003183212155 0
0.03280945512739637 -0.05488041418192668 0
0.03832234336779817 -0.04883699312927169 0
0.04300308167457213 -0.04872600431089484 0
0.03380267327398993 0.05046059543098573 0
0.03814725650485334 0.05131380933258201 0
0.03045417249107765 0.05409433684004807 0
0.02856039116679686 0.05837630156613281 0
-0.05955523434156361 0.01191916412400796 0
-0.06200610122890789 0.01560652481897296 0
-0.06163095787713348 0.00743498015106123 0
-0.06486225873743473 0.004046717412706857 0
0.01191916413189994 0.05955523434278828 0
0.01560652482544885 0.06200610122871369 0
0.007434980156372138 0.06163095787439302 0
0.004046717416627796 0.06486225873477397 0
-0.01177892971098201 0.05958312870281003 0
-0.00931015878967888 0.06325852630367576 0
-0.01671612050997457 0.05978482428069266 0
-0.02108303241255515 0.06147352499175356 0
-0.05958312870248843 -0.0117789297132681 0
-0.06325852630338899 -0.009310158791971711 0
-0.05978482427920102 -0.01671612051261526 0
-0.06147352498853934 -0.02108303241376743 0
0.05958312870312339 0.01177892970683504 0
0.06325852630367809 0.009310158786903552 0
0.05978482427716868 0.01671612050682134 0
0.0614735249947548 0.02108303240727055 0
-0.01191916413294537 -0.05955523434261147 0
-0.0156065248226672 -0.06200610122923017 0
-0.007434980154286883 -0.06163095787167935 0
-0.00404671741702851 -0.0648622587345852 0
0.05955523434184905 -0.01191916412793775 0
0.06200610122968515 -0.01560652482209238 0
0.06163095787551876 -0.007434980152729063 0
0.06486225873609323 -0.00404671741342206 0
0.05054003183535302 0.03368378827876172 0
0.05488041418179351 0.0328094551264526 0
0.04883699313257915 0.03832234336290232 0
0.04872600432376437 0.04300308167268788 0
-0.05046059542627231 0.03380267327375418 0
-0.05131380933354196 0.03814725650064326 0
-0.05409433682725533 0.03045417248305144 0
-0.05837630156653751 0.02856039118854432 0
0.0117789297107102 -0.05958312870397262 0
0.009310158790140393 -0.06325852630452261 0
0.01671612051222885 -0.05978482427273429 0
0.02108303241152213 -0.06147352498566359 0
-0.03368378827300795 0.05054003184097147 0
-0.0328094551228055 0.05488041418526479 0
-0.03832234335601541 0.0488369931317481 0
-0.04300308166791496 0.04872600433094394 0
0.05046059542006659 -0.03380267328297142 0
0.05131380932843596 -0.03814725650551855 0
0.05409433682180793 -0.03045417249208886 0
0.05837630156556028 -0.02856039119779888 0
0.0440419279173674 -0.0408525305379968 0
0.05459693295987425 0.02505584917003802 0
-0.02505584916797729 0.05459693296058614 0
-0.05632302238269011 0.02088870066964285 0
0.0250558491706647 -0.05459693295765375 0
-0.06002944726109219 -0.002255244513940617 0
0.02088870066895601 0.05632302237855903 0
-0.002255244512975768 0.06002944726102361 0
0.002255244512678201 -0.06002944726140237 0
-0.04404192791887935 0.04085253054252622 0
0.04085253054150326 0.04404192791818277 0
0.05632302238314311 -0.02088870067278233 0
0.06002944726104519 0.002255244511841291 0
-0.05459693296242144 -0.02505584916594124 0
-0.0208887006760983 -0.05632302238245834 0
-0.04085253054272123 -0.04404192791487176 0
-0.05882118147204091 -0.03182939431213111 0
0.01908607573491886 0.06409963685478487 0
-0.04216310376831506 -0.05191641756194804 0
-0.03182939431555476 0.05882118146853552 0
-0.0640996368553754 0.01908607573179838 0
-0.01908607573290219 -0.0640996368560193 0
0.03182939431683872 -0.05882118146759478 0
0.06409963685561286 -0.01908607573554302 0
0.05191641755873189 -0.04216310377287683 0
0.0421631037752502 0.05191641755946914 0
-0.006896634318109969 0.06652426750528825 0
0.06652426750524286 0.00689663431658455 0
0.05882118146653551 0.03182939431816751 0
-0.06652426750507573 -0.006896634320147126 0
0.006896634317756245 -0.06652426750609175 0
-0.05191641756180454 0.04216310377174799 0
0.02460992487062581 0.05872378847609613 0
0.04483589572620786 -0.04520922683785555 0
-0.05872378848391506 0.0246099248876983 0
0.05872378848576669 -0.02460992489509386 0
0.02412214427853801 -0.05892583383100273 0
-0.02460992489413123 -0.05872378848552257 0
-0.05892583383316059 -0.02412214427810025 0
-0.0002639849701167172 -0.0636715167838799 0
0.0002639849702960694 0.06367151678348522 0
0.04520922684895016 0.04483589572514074 0
-0.04520922684530805 -0.04483589572418069 0
0.06367151678276109 -0.0002639849685433489 0
-0.06367151678310398 0.0002639849680943798 0
-0.0241221442768798 0.05892583383442886 0
0.05892583383826111 0.02412214427468235 0
-0.04483589572413828 0.04520922685611253 0
0.0321868323186922 0.05854694751215962 0
0.0417729590348087 -0.05214170243131983 0
-0.05214170243913555 -0.04177295902225725 0
-0.06415847101304466 -0.01863941620222083 0
-0.05854694751765373 0.03218683232490051 0
-0.06640769397240601 0.007331808777784667 0
0.007331808780108867 0.06640769397243625 0
-0.01863941619840152 0.06415847101401835 0
0.05214170243861456 0.04177295903078149 0
0.05854694751424003 -0.03218683233355091 0
-0.03218683232909079 -0.05854694751851754 0
0.06640769397414444 -0.007331808777186914 0
0.01863941620398821 -0.06415847101208703 0
-0.0073318087769575 -0.066407693975454 0
0.06415847101540248 0.01863941619435102 0
-0.04177295902852155 0.0521417024429236 0
0.01997808336783077 0.06026693360157326 0
0.04803410492699386 -0.04152049933591487 0
-0.04152049933680777 -0.04803410492707683 0
0.06026693360507672 -0.01997808337290373 0
-0.01997808337377154 -0.06026693360470251 0
-0.060266933604454 0.01997808336860275 0
-0.0567417956630446 -0.02848851920402586 0
-0.02848851920548601 0.05674179566119134 0
0.06332466796264738 0.004605814681252388 0
0.04152049933882988 0.04803410492880142 0
0.02848851920854151 -0.05674179565830752 0
-0.004605814682344795 0.06332466796276776 0
0.05674179566006143 0.02848851920763678 0
0.004605814682048189 -0.06332466796344277 0
-0.06332466796255334 -0.004605814684224283 0
-0.04803410492919837 0.04152049933918027 0
0.02687455171397736 0.06145745616247544 0
-0.06145745616502568 0.02687455172205535 0
0.046494840175521 -0.04834759855083454 0
0.02445380624222111 -0.06246016177532562 0
-0.06246016177657701 -0.02445380624285276 0
0.06145745616472773 -0.02687455172757401 0
-0.001310098017650683 -0.06706373156982734 0
-0.02687455172640508 -0.06145745616498063 0
0.001310098018477548 0.06706373156963946 0
0.06706373156975376 -0.001310098016764491 0
-0.06706373157000683 0.001310098016435479 0
-0.04834759855521337 -0.04649484017382927 0
0.0483475985578905 0.0464948401733159 0
-0.02445380624117377 0.06246016177775004 0
-0.04649484017235489 0.04834759856095946 0
0.06246016177942067 0.02445380623893138 0
0.05744244782905868 0.03563904484264954 0
-0.03563904484205316 0.05744244782963293 0
-0.03943142983931987 -0.05490845718765117 0
0.0549084571821476 -0.03943142984865969 0
0.06581855467210047 -0.01541733411441118 0
0.03563904484362417 -0.05744244783044529 0
-0.05744244783556153 -0.03563904483490948 0
-0.01094391098402248 0.06670837385714815 0
0.06670837385649535 0.01094391098122294 0
-0.0667083738573733 -0.01094391098704182 0
-0.01541733410843845 -0.06581855467220167 0
-0.06581855467024665 0.01541733411197789 0
0.03943142985468566 0.05490845718356459 0
0.01094391098613801 -0.06670837385911417 0
0.01541733411439448 0.06581855467089817 0
-0.05490845718878554 0.03943142984586365 0
2 8 0 722
530
531
532
533
534
535
536
537
538
539
540
541
542
543
544
545
546
547
548
549
550
551
552
553
554
555
556
557
558
559
560
561
562
563
564
565
566
567
568
569
570
571
572
573
574
575
576
577
578
579
580
581
582
583
584
585
586
587
588
589
590
591
592
593
594
595
596
597
598
599
600
601
602
603
604
605
606
607
608
609
610
611
612
613
614
615
616
617
618
619
620
621
622
623
624
625
626
627
628
629
630
631
632
633
634
635
636
637
638
639
640
641
642
643
644
645
646
647
648
649
650
651
652
653
654
655
656
657
658
659
660
661
662
663
664
665
666
667
668
669
670
671
672
673
674
675
676
677
678
679
680
681
682
683
684
685
686
687
688
689
690
691
692
693
694
695
696
697
698
699
700
701
702
703
704
705
706
707
708
709
710
711
712
713
714
715
716
717
718
719
720
721
722
723
724
725
726
727
728
729
730
731
732
733
734
735
736
737
738
739
740
741
742
743
744
745
746
747
748
749
750
751
752
753
754
755
756
757
758
759
760
761
762
763
764
765
766
767
768
769
770
771
772
773
774
775
776
777
778
779
780
781
782
783
784
785
786
787
788
789
790
791
792
793
794
795
796
797
798
799
800
801
802
803
804
805
806
807
808
809
810
811
812
813
814
815
816
817
818
819
820
821
822
823
824
825
826
827
828
829
830
831
832
833
834
835
836
837
838
839
840
841
842
843
844
845
846
847
848
849
850
851
852
853
854
855
856
857
858
859
860
861
862
863
864
865
866
867
868
869
870
871
872
873
874
875
876
877
878
879
880
881
882
883
884
885
886
887
888
889
890
891
892
893
894
895
896
897
898
899
900
901
902
903
904
905
906
907
908
909
910
911
912
913
914
915
916
917
918
919
920
921
922
923
924
925
926
927
928
929
930
931
932
933
934
935
936
937
938
939
940
941
942
943
944
945
946
947
948
949
950
951
952
953
954
955
956
957
958
959
960
961
962
963
964
965
966
967
968
969
970
971
972
973
974
975
976
977
978
979
980
981
982
983
984
985
986
987
988
989
990
991
992
993
994
995
996
997
998
999
1000
1001
1002
1003
1004
1005
1006
1007
1008
1009
1010
1011
1012
1013
1014
1015
1016
1017
1018
1019
1020
1021
1022
1023
1024
1025
1026
1027
1028
1029
1030
1031
1032
1033
1034
1035
1036
1037
1038
1039
1040
1041
1042
1043
1044
1045
1046
1047
1048
1049
1050
1051
1052
1053
1054
1055
1056
1057
1058
1059
1060
1061
1062
1063
1064
1065
1066
1067
1068
1069
1070
1071
1072
1073
1074
1075
1076
1077
1078
1079
1080
1081
1082
1083
1084
1085
1086
1087
1088
1089
1090
1091
1092
1093
1094
1095
1096
1097
1098
1099
1100
1101
1102
1103
1104
1105
1106
1107
1108
1109
1110
1111
1112
1113
1114
1115
1116
1117
1118
1119
1120
1121
1122
1123
1124
1125
1126
1127
1128
1129
1130
1131
1132
1133
1134
1135
1136
1137
1138
1139
1140
1141
1142
1143
1144
1145
1146
1147
1148
1149
1150
1151
1152
1153
1154
1155
1156
1157
1158
1159
1160
1161
1162
1163
1164
1165
1166
1167
1168
1169
1170
1171
1172
1173
1174
1175
1176
1177
1178
1179
1180
1181
1182
1183
1184
1185
1186
1187
1188
1189
1190
1191
1192
1193
1194
1195
1196
1197
1198
1199
1200
1201
1202
1203
1204
1205
1206
1207
1208
1209
1210
1211
1212
1213
1214
1215
1216
1217
1218
1219
1220
1221
1222
1223
1224
1225
1226
1227
1228
1229
1230
1231
1232
1233
1234
1235
1236
1237
1238
1239
1240
1241
1242
1243
1244
1245
1246
1247
1248
1249
1250
1251
0.005767187880672613 -0.008722378155861292 0
0.008638627992211802 0.00577214668532761 0
-0.00577214668532761 0.008638627992211802 0
0.01040711194833449 -0.001758066926417578 0
-0.01040494115211085 0.001461446662681757 0
-0.002026908370242293 -0.0101899564966395 0
0.00239600122319378 0.0101767958567349 0
-0.008358947300724662 -0.006311810202392118 0
-0.01030481732717944 0.05180581499984012 0
0.05155685369973393 0.009842538960164321 0
-0.0521060251324471 -0.01066160316446565 0
-0.04394538774733744 0.02980920667970505 0
0.01025630362915106 -0.05211153850872646 0
-0.02913237336040088 -0.04417241653075988 0
0.04403594687275106 -0.02927748680812202 0
0.0293456368707693 0.0439188493006267 0
-0.04121587834867384 -0.033069976734115 0
0.03221838146370889 -0.04142574796689054 0
0.04171391548819815 0.0328145998841843 0
-0.05245462162074777 0.006208413579691237 0
0.005935401825059868 0.05265753360519977 0
0.05240000780332965 -0.006603474792325864 0
-0.006703130116586247 -0.05236184164485324 0
-0.03270100730180887 0.04148102999766584 0
0.04826619311988112 0.02246856211873015 0
-0.02228775220812637 0.0477699763048024 0
0.04950731691228563 -0.01770979226245847 0
-0.01791319710798435 -0.05020400910755863 0
-0.04766121564846876 -0.02179249103103421 0
-0.04936201517729281 0.01844689440231773 0
0.01828216286056885 0.04955597087983054 0
0.02189376737487004 -0.04884469111995807 0
0.03889526521833897 -0.03597011247363894 0
-0.03564745466617717 -0.03815545597321257 0
0.03608353170790551 0.03892796499908195 0
-0.03897402045014275 0.03559382426808537 0
-0.05304530524893847 -0.002167598335673402 0
-0.002395608327803475 0.05268802654654559 0
0.05346325845616332 0.002715083769229953 0
0.002000146598974989 -0.05313070688068368 0
0.00318305266304941 -0.0102207665210385 0
0.006022051071240604 -0.0117787531124544 0
0.003464603076559894 -0.01355521099076401 0
0.006300312921773134 -0.01502533116040681 0
0.003628421385444292 -0.0168662911782517 0
0.006561019859083951 -0.01835690402580824 0
0.009331053290791905 -0.01646258380277642 0
0.003731356192553485 -0.0202348783994095 0
0.00959514047167042 -0.01988339929093697 0
0.01248529584233703 -0.01791317270864512 0
0.01272777479124743 -0.02144283328864964 0
0.01569854434418686 -0.01940925948649711 0
0.01595732264559892 -0.02298106905945648 0
0.01293449900514557 -0.02505222015129682 0
0.01894179623357564 -0.02090560342602947 0
0.01873799139768931 -0.01741455914731973 0
0.02197482547929712 -0.01884967742538635 0
0.02174677617115549 -0.01530411158262507 0
0.02501700591609649 -0.01677267639420201 0
0.02470507427686012 -0.01304179885788177 0
0.01628160028480762 -0.02662000249376762 0
0.01315825722648942 -0.0287429300035074 0
0.02807330175752127 -0.0146781692501196 0
0.02777028422197793 -0.01083802956067203 0
0.02544861048838768 -0.02027061769121563 0
0.03121660997487948 -0.01246995307005455 0
0.03088268130029135 -0.008649209693858189 0
0.02742970816238326 -0.007030045538237809 0
0.03052273886317994 -0.004846636755925745 0
0.02708624427169743 -0.003276137532642789 0
0.03015535905135296 -0.00108345465793009 0
0.02674169205084857 0.0004744917077628012 0
0.02979106591965564 0.002664398002052996 0
0.02638265268104702 0.004231274664653993 0
0.02943081145550138 0.006401071908638733 0
0.02603400847877629 0.007978904253520712 0
0.02909106870825357 0.0101415994385954 0
0.02566902137033424 0.01172514427100409 0
0.02873525355936649 0.0139122282224551 0
0.02529054501796828 0.01550050714248676 0
0.02836911076296992 0.01772062786978312 0
0.02490373449288841 0.01930426769688052 0
0.0218118992466754 0.0170917161920203 0
0.02142049308400864 0.02086621479052683 0
0.01834972829756469 0.01865054521707627 0
0.01796048789906544 0.02241763985090237 0
0.02101178187798569 0.02461690117429738 0
0.0175031114743675 0.02612386780944094 0
0.01446758655672907 0.02393465754035082 0
0.01400058368198056 0.02762680446041727 0
0.0110124525322288 0.02553173196093619 0
0.01055310662071724 0.02923168450821896 0
0.007540344904034627 0.02707393995920361 0
0.007040079947773935 0.03068932424684312 0
0.004008413673830089 0.02849050740659156 0
0.003583317996420795 0.03226228201819098 0
0.0004930593041713204 0.03000779510803921 0
0.0001283842965110038 0.03383329369893842 0
-0.003039404315964529 0.03153199531985976 0
-0.002836472520251975 0.02729543641080787 0
-0.006130729133038857 0.02921503427477205 0
-0.006611028104226403 0.0330662873375889 0
-0.009695674979156993 0.03070694144202976 0
-0.00929279067952889 0.02699507324033612 0
-0.01276601543454735 0.02838256640941428 0
-0.01227796605602549 0.02461023898430262 0
-0.01578078908337413 0.02604511723782358 0
-0.01526804867061399 0.02230544090817588 0
-0.01877679628342142 0.02372109733977404 0
-0.01828383083934414 0.02000085794765717 0
-0.02179784645350644 0.02143566343143728 0
-0.02132087967506563 0.01769002028767686 0
-0.02479491995545728 0.01912221761170698 0
-0.02432384006013445 0.01538500774552756 0
-0.02782655928991941 0.01682108792817679 0
-0.02734535373678165 0.01299728841062834 0
0.03290229639155199 0.004963632802502408 0
-0.01635846851782464 0.02981984651601231 0
0.0007689768995591912 -0.01871236961128283 0
0.0008614280783382855 -0.02214679339591799 0
-0.002156838760840924 -0.02072754001531155 0
-0.002056315077697632 -0.02413217702428577 0
-0.005163861306495145 -0.02265586631140037 0
-0.005046529921949692 -0.02613160678171186 0
-0.008318115428954428 -0.02447000305788958 0
-0.008118964421702218 -0.02814598188434023 0
-0.01142522703105819 -0.02645232434538155 0
-0.004782358937361001 -0.02979451823379093 0
-0.0116226347866636 -0.02274568012051918 0
-0.01472305280432777 -0.02472377410180183 0
-0.01490922331536267 -0.02103053666957785 0
-0.01803289806732237 -0.02303431798177975 0
-0.01821365306125207 -0.0193012125199962 0
-0.02136452647507029 -0.02129508618383794 0
-0.02150094938868664 -0.0174535477181635 0
-0.02472904714962901 -0.01951069951330147 0
-0.02488072531055183 -0.01563616065562876 0
-0.014732622711377 -0.02837153599891942 0
-0.02798713962129626 -0.01766411158378294 0
-0.02828444261163927 -0.0137925260205202 0
-0.02500669542924915 -0.0117153156208552 0
-0.02851816897486253 -0.01005876842257205 0
-0.02522938361406005 -0.007939478268703283 0
-0.02864819304386274 -0.006096526723031523 0
-0.02540665308271312 -0.004153188914363156 0
-0.03150482001129154 -0.01196210030068098 0
-0.03091722164251828 0.01451570570047701 0
-0.02371753349346722 0.01161300776004578 0
-0.03040587761857273 0.01058806862134565 0
-0.02505499121704823 -0.02300584860174532 0
0.01671308053893218 0.02983459325201616 0
0.01660906428275772 -0.03037378842150591 0
0.0135794175988379 -0.03249511187914774 0
0.007004030482043611 0.03461427484472925 0
-0.02543695229513822 0.02284178877602767 0
0.03440884463220393 -0.01026565664644839 0
-0.008581439958071225 0.02315912249880532 0
-0.03404763426167622 0.01215611713500301 0
-0.03353321440898258 0.008200630697981865 0
0.02796659110702025 0.02146524144602835 0
-0.01020974059553142 0.0345804157043603 0
0.01113511388563829 0.02148544211170214 0
0.03474245881904532 -0.01422937145763397 0
0.03193498854878897 0.01583057510615686 0
0.02073546471174049 -0.01130545795938859 0
-0.007919300236499839 -0.03187516753500551 0
-0.004477968708862662 -0.03359254788317311 0
-0.007761967060996468 -0.03573745456282932 0
0.004455298317613614 0.02505090468758283 0
-0.01793220404326823 0.01649095875934418 0
0.03364259065245484 -0.002579470787037956 0
-0.03124339798279338 0.01852022112499006 0
0.02264946074313002 0.009834492776504904 0
-0.004234193268351758 -0.03748711337213984 0
0.001110549256275495 -0.02569499789750487 0
-0.007064011001626434 0.03698642795740512 0
-0.01844021079058769 -0.01540166946486944 0
0.02283446924966573 0.001766294387030797 0
-0.01179289834102145 -0.01905303118671429 0
0.008655134067429395 -0.009989194492820494 0
-0.02205908821260677 -0.00588908260350819 0
-0.02221109772850258 -0.002230303819068517 0
-0.03723890409637271 0.009763551595011069 0
-0.03670823735638842 0.005786570204870055 0
-0.0009598481701845372 -0.03529172869499735 0
0.01690606663280987 -0.03425159797018381 0
0.02014544130460998 -0.03202648152555728 0
0.01357438012709977 -0.03613367198513354 0
-0.01077565875781692 0.03853848085997576 0
0.03803088956388993 -0.01190227933398569 0
-0.0006843293465053862 -0.03924566035886393 0
-0.007532620421850674 -0.03969817281830427 0
-0.01112284347779933 -0.03788812915573284 0
-0.03773964137387865 0.01376043001599917 0
0.03835980041619051 -0.01593500543553539 0
-0.02543298434516395 -0.0005100793231585059 0
-0.01900623208500685 -0.003903101669748172 0
-0.01912855218739499 -0.0003596774055545924 0
0.02042980005623633 -0.03600386902943595 0
0.0237141592328084 -0.03374526658130752 0
0.03502722353309976 -0.01824595579410003 0
-0.04099033569042307 0.01134369774112586 0
-0.00752893426026213 0.04098578139694592 0
0.009924638697602238 -0.0308338912570318 0
0.002596150055936289 -0.03700977906478269 0
0.002914929321737994 -0.0410072336263862 0
-0.0004447600598860579 -0.04326338945692193 0
-0.01089684735716013 -0.04192333730086267 0
-0.0145221118858877 -0.04007216992773788 0
0.03868472721356508 -0.01998950991207682 0
0.03549560582990803 -0.02228092292042704 0
-0.01128542736365114 0.0425953619426211 0
-0.0145755056493849 0.04009013930164954 0
0.02340646305069898 -0.02975000875343711 0
0.02700148226993062 -0.03145517210598671 0
0.02405345887046934 -0.0377878459490707 0
0.04171351620430689 -0.01362767517610835 0
0.04135739239332321 -0.009528453507754093 0
-0.01878148440662453 -0.007483850924169783 0
-0.03299625418575645 0.004242042614295534 0
-0.03615763234195253 0.001762447506583162 0
-0.03992410914453868 0.003310173136311358 0
-0.03935247280642738 -0.0007633914577437515 0
-0.04317423792944573 0.0007950157499217654 0
-0.04259121550580398 -0.003301436408653797 0
-0.03873949109474256 -0.004824978304531108 0
-0.04197741493437501 -0.007426081623840821 0
-0.002492559560539336 -0.01712362204149431 0
-0.01602601183709292 -0.001973011211013992 0
0.01874280193750926 0.01494943792782176 0
0.02412102199055093 -0.005382897679794968 0
0.0451144347775414 -0.01127009402982306 0
0.04472097871205004 -0.007136613962726168 0
0.01539845319388169 0.01647646240063624 0
0.01578411339917973 0.01301574248377156 0
0.0128556896807623 0.01440132494368446 0
-0.04150264971676906 0.01540736582167959 0
-0.01612089083306156 0.001504298943505863 0
-0.01920202942682835 0.003146342309405842 0
-0.01640104899303982 0.004950543456428466 0
0.0105520368953121 0.003281392134233128 0
0.01178092625076832 0.006023519634242902 0
0.0136012544711271 0.003366371400104063 0
0.01503776758353256 0.006291429574010621 0
0.005875702175713056 0.008712817288668608 0
0.004947874376435412 0.01194522542450869 0
0.002100279926651395 0.01347422708427175 0
0.004841329363718087 0.01522824357685008 0
0.001899544277148814 0.01675820181536696 0
-0.0009846760181601824 0.01502211149067979 0
-0.001097953721524 0.01831983128344244 0
-0.004285630957059698 0.01654793709246563 0
-0.008391971504857409 0.006324033685715427 0
-0.009144282187738099 0.009144282187738099 0
-0.005645515778720226 -0.008809382746174335 0
-0.009212715205091575 -0.009336367232799578 0
-0.007046121781772713 -0.01164165705053698 0
-0.01030487407608126 -0.01230382835021612 0
-0.0113968345980374 -0.006872722869080957 0
0.002319614217815214 -0.03310596673899836 0
0.01196717760622866 -0.01453314602788114 0
0.04100360476260054 -0.005409149915807332 0
0.04432986524498229 -0.003011959066279735 0
0.04061379625276182 -0.001293653605194846 0
0.04393094247484051 0.001096194816415061 0
0.04023628664292648 0.002809623209016941 0
0.04353701373322091 0.005192389587380128 0
0.03984554067974637 0.006903061696063587 0
0.04336145092736591 0.009307237976440997 0
0.03943913041467351 0.01099880076788165 0
0.04300923033327456 0.01341477105312726 0
-0.003802518628644167 0.03940133885758242 0
-0.004256636733461101 0.04342355890367283 0
-0.0004700699395623926 0.04181929507276358 0
-0.04373698900794254 0.004870946720766895 0
0.02022459753778692 -0.04044410628571879 0
0.003221923489252837 -0.0450707639311757 0
0.006617194810023224 -0.04276341444025709 0
-0.03818733850886002 0.01792148355717792 0
-0.04201295375736891 0.01954077223620371 0
-0.03865894649714921 0.0220258709886077 0
-0.01468720813724991 -0.03607419747003623 0
-0.01813854590060669 -0.03821382773761204 0
-0.01829625764080745 -0.0341948855176358 0
-0.0217546492233899 -0.03632180469864636 0
-0.02194923148019351 -0.03226463837929195 0
-0.02537765717006899 -0.03444860526684013 0
-0.02158735700629679 -0.04042123239050352 0
-0.00729195359176045 -0.0437550485932728 0
-0.01069311572732904 -0.04605288260619562 0
-0.04464649778683899 0.01298132572902624 0
0.03910755526359988 0.01511767230713159 0
0.02672045048497858 -0.02752008405128963 0
0.03020057771699693 -0.02927653912316481 0
0.03068402044727615 -0.03321091451512299 0
-0.01508850780464491 0.04418870266418593 0
-0.01838544745786818 0.04163037129426498 0
-0.01788150779935963 0.03757384152451818 0
-0.02170084805574444 0.03910880057407747 0
-0.0211702824594033 0.03503762471885391 0
-0.02497800025924274 0.03656983803893593 0
-0.02442282027473678 0.03247968052446305 0
-0.02824025909953506 0.03403213865541614 0
-0.02771981025078211 0.02999071188827052 0
-0.03153443434391875 0.03151830344570323 0
-0.03099354903360973 0.02746348776875945 0
-0.03503761223708011 0.0289728537151864 0
0.01690079878721 0.003541558479098711 0
0.0155258635751709 0.0003045665075833025 0
-0.03187347021300922 7.155303565037128e-05 0
-0.02561449326077507 -0.03045286611697092 0
-0.02903296859437439 -0.03258950179797049 0
-0.02926528995296154 -0.02856543347593537 0
-0.03270331908510623 -0.03070681419185685 0
-0.03287241082734235 -0.02654998451576025 0
-0.019336859954954 0.006635727132551351 0
-0.01651315194998206 0.008442744329888672 0
-0.02239773608358619 0.004511490694845298 0
-0.02548373404636982 0.04070269302732746 0
-0.00811823718947809 -0.01475187417849634 0
0.004699865898272374 0.01851128749243637 0
0.03441100137379932 -0.0302186981859476 0
-0.04575716662332453 -0.005863256244385596 0
-0.04512021335298212 -0.01001245587433156 0
-0.04131809082237021 -0.01156722956744496 0
-0.04458226021386608 -0.01419087940082962 0
-0.04065153743629479 -0.01550863046939584 0
-0.01039267056612347 -0.00160216994005111 0
-0.006986713974080424 0.01157538241509256 0
-0.01038071139297223 0.0121763971348946 0
0.04234848112617645 0.01750578303919223 0
0.03866292726112647 0.01924916296366325 0
0.04648661478430292 0.01602997324984909 0
-0.0287920683333628 -0.03659680752415674 0
0.009327255571674541 0.008972020313544337 0
-0.0008737691216427041 0.04580901816230677 0
0.002747886683844641 0.04442250233695817 0
0.02456255564007821 -0.04208343429204593 0
0.0389905757310508 -0.02407024318661869 0
0.04217364456707332 -0.02162483674120968 0
-0.0467996577686656 0.002338342213469987 0
0.02299662982930033 -0.02600736601834239 0
0.00762563954348493 0.01696977278368866 0
-0.00411079269992583 0.01986428711914308 0
-0.007011714718927602 0.01799685240033941 0
-0.001290309781866113 0.02158786385703142 0
0.009406307100334035 -0.004900005649188937 0
0.01259041818549843 -0.004071250964158655 0
0.0418524860159415 0.02141459425825994 0
0.03815386822122838 0.02336798159340311 0
0.04198816936402391 0.0257563502035596 0
0.0377361208008489 0.02744589479449758 0
0.03435974176568733 0.02522597633684461 0
0.03392166387301544 0.02928657187710655 0
0.03059179944615032 0.02703174029597234 0
0.03014282390124043 0.03100985694857898 0
0.02693172879383089 0.02876769809620454 0
0.02639367050883049 0.03271084709933554 0
0.02961653925632828 0.03510503734961629 0
0.02591509363617651 0.03679063501528642 0
0.02264190061404411 0.03446439427225273 0
0.0221434948105823 0.03847388278959837 0
0.01884905513925553 0.03615493761288737 0
0.01836157639180864 0.04014307370138605 0
0.01501966506437265 0.03771664941374754 0
0.01457236098689631 0.04179080625899952 0
0.02171882490963712 0.04261771352660955 0
0.01129419944818877 0.0394694211747657 0
0.009991997174969104 0.04378234242640268 0
0.003359164036611835 0.0402206699381257 0
0.03170485073444517 -0.0209327727826102 0
-0.004435799599029997 0.04826631717958405 0
-0.03631263380331323 -0.02863460673669482 0
-0.03656686257303948 -0.02457404525663229 0
-0.04002738103180963 -0.0266654922232788 0
-0.04031480428091143 -0.02289426585773966 0
-0.03662420446296254 -0.02064934944615897 0
-0.003326121766848676 0.01022935505832984 0
0.005783930511709248 -0.03494450208648288 0
-0.02359419471484511 0.02867884638396601 0
0.0114041493996819 -0.00761736697854547 0
0.01502091329251245 -0.006246705908999979 0
0.01446138357829755 -0.009517799909561399 0
-0.01142614797535192 0.00722507877775337 0
-0.0001645148181706942 -0.04712755405365229 0
-0.02182971744242217 -0.02849559087848474 0
0.01852903787684762 0.006290414463939265 0
0.019170492686415 0.001047963975974851 0
-0.03207796761470365 0.03561282613314399 0
0.01267446703545235 0.009085399501562097 0
0.01772169190038791 -0.008479114723037202 0
0.01822092627805294 -0.005114087486128778 0
0.01701073903260371 -0.01174485267817314 0
0.007084505088852254 -0.04659566710464073 0
0.01043101261930048 -0.04443824207526569 0
-0.03762280293488143 -0.01283157438723291 0
-0.04237599172517607 0.02350918557998086 0
0.01158133405646565 0.0352370387013534 0
-0.03668206784830425 -0.03307276640337655 0
0.04770501564814664 -0.0006043760887150681 0
-0.02900107667213035 0.003142728857764449 0
-0.01964763386517842 0.01065929633306492 0
-0.004409552489478043 0.02337266419452826 0
-0.01584816845061353 0.01180613983964878 0
0.04713895622779879 0.007580670872202179 0
0.03564963782898552 0.01269783349799576 0
0.009886749558414001 -0.04064018167037448 0
0.01373882823169129 -0.04228315334842962 0
0.0141969685578415 -0.04624342994010178 0
0.003256252946380906 0.04882089800288023 0
0.006247557570753954 0.04672804721408955 0
-0.03452256857472669 0.0248241416126273 0
-0.03038264995135016 0.02331387192551924 0
0.01414113491666868 0.04630161910344386 0
-0.04425149986969046 -0.01818924358037095 0
-0.04788975958205476 -0.01668536598146563 0
-0.02925635119121967 -0.02410377849000524 0
-0.0386120350537093 0.02613041471521373 0
-0.0394561434976228 0.03049811090691701 0
0.027901622377202 -0.03961937600241625 0
0.02995912661411765 -0.02500102040144959 0
-0.01179443715572451 0.04747248826953364 0
-0.01572936443840112 0.04776465538224428 0
0.005926264807064118 -0.03108898418631828 0
0.01760834594062365 -0.04391710093241829 0
-0.04822487383069409 0.006709413669509456 0
0.04545593141523381 -0.01542943112663056 0
0.04878415669018839 -0.01309301524536629 0
-0.04389968662204342 -0.0247486367840603 0
-0.01321050993213114 -0.0001603418510346686 0
0.007607832973735657 0.02041028508825527 0
0.01922602575047979 0.01156814960474433 0
-0.004901620542228283 -0.01435886362908883 0
0.03697044216032372 0.0001524925455236024 0
0.03564696250924002 -0.02620583695322139 0
0.03931986474053605 -0.0283210417539033 0
-0.006328083704746427 -0.01741156136013186 0
-0.001967338070479278 -0.01344012650711198 0
0.02889791409434529 -0.04401564756999491 0
0.01231946485619948 0.01777446510143655 0
0.02930251484800094 0.03925546529145575 0
-0.04574829614261575 0.0210802449940524 0
-0.01132590434345515 -0.01564135443049323 0
-0.01352386405595241 -0.01291583587991161 0
-0.007053933762028293 -0.04787148487553381 0
-0.01065678697954863 -0.04998034366896532 0
-0.0129682664307549 0.009753175462300871 0
-0.01609386742065981 -0.005511902334936212 0
-0.01563574605202648 -0.009312426727866221 0
-0.01866609382534684 -0.01128339013523562 0
0.02384134296693487 -0.001862888870778927 0
0.02238475710857986 0.006092544868369712 0
0.0242832836007817 -0.009144472579893217 0
-0.02982535764631532 0.006710926276237334 0
-0.02606660079258724 0.005422116988793123 0
-0.02663388966900646 0.009279858481381631 0
-0.01192869437131661 0.02087215058409843 0
-0.01480900512352134 0.01865826156705391 0
-0.01129696596710632 0.01724331059074023 0
-0.01453804484653643 0.01503327161199625 0
-0.008159438942291035 -0.02054910232399466 0
-0.02086836180899362 0.01409034585617785 0
-0.01355881849489667 0.003170734430467251 0
-0.02173189365050766 -0.009597281172538837 0
-0.02161199644543701 -0.01342913234166901 0
0.0009240588046683989 0.02621122604655608 0
0.03483742719536599 -0.03459270236652981 0
0.02221234949878699 0.01331042370896645 0
-0.02037405195783729 0.03117706819326885 0
-0.01496040981979989 -0.01665642864557657 0
0.007378323070021705 0.0406129421819163 0
0.03616110809030702 0.008111645696819937 0
-0.01821215581300632 -0.03035988657502572 0
0.03485806653697206 0.02133694532300362 0
-0.03821445579022308 -0.008845732843210937 0
-0.03510602574388367 -0.006355780975016489 0
-0.001272237344636531 -0.0314552743154297 0
-0.03321422707698267 -0.02238357316307749 0
-0.03382216226441662 -0.01825142738731848 0
-0.02881763738231584 -0.002349904500368397 0
0.01497544575483338 0.02021085614133909 0
0.01584930584841802 0.03374944033853365 0
-0.03556866109772142 -0.002325639314529561 0
-0.03474330015466819 0.02078066700029384 0
0.03770001123955289 -0.007866238637726257 0
0.01977298005919519 -0.02821618530975302 0
-0.01402415855973822 0.03609075702054265 0
0.006209719598714998 -0.03880139740355169 0
0.02331842946364089 0.03051474103021321 0
-0.01132621252837331 -0.03391570886683417 0
0.01003666774043538 -0.02693009524244688 0
0.03749340671938917 0.03198803642997453 0
0.02105671377533377 -0.007208576304963068 0
0.0121835964211755 0.0006405024509240481 0
0.01554913641460305 -0.01538003471805317 0
-0.008141399486171281 0.01476548499381963 0
0.009660217102233779 -0.03671056496598105 0
-0.03546343247216865 0.03311236355363393 0
-0.0131191005604306 -0.003782911036733408 0
0.001968212782465532 -0.02933622843787153 0
0.005202339343629874 -0.0271017826010174 0
-0.0001766788208845999 0.03777349004649128 0
0.01564835275684662 -0.003010637905887734 0
0.009842530720641642 -0.02328802665536251 0
0.03150660123556571 -0.01648144980839612 0
0.03324851032978079 0.03340371924926741 0
-0.04047081869108928 0.007331722041159922 0
-0.008007259585503686 0.04502908947941027 0
-0.003427542762472522 0.03543213886964431 0
-0.02214304918794024 0.0432916457276438 0
-0.02636116987877047 0.04546343430062039 0
-0.04623973160744566 -0.001737712164745158 0
0.04846291980055603 -0.00471946287143471 0
0.02447341010321398 0.02303593170564168 0
-0.04517093226186501 0.01701812069695224 0
-0.01791382011071488 -0.04222814489085012 0
-0.02148325646934345 -0.04443775717563495 0
-0.02510283589129564 -0.04242429401479449 0
-0.003981663356585573 -0.04149609891341222 0
0.0471300345009531 0.003467993581207565 0
0.0504937633507051 0.005280154229950698 0
0.04721261537999846 0.01186346895526588 0
0.05071088761759866 0.01456714020819545 0
-0.02874548717472572 0.03845465686417519 0
0.04201209560834492 -0.01767488379202377 0
0.0180596611207025 0.04451904343600904 0
0.01389486333883638 0.05076863173806636 0
0.01035352452477976 0.04804252899702126 0
0.0255987103625469 0.04105587961374844 0
0.02516187571799908 0.04609386519370436 0
-0.013252578558044 0.03215442177810659 0
0.03397942222071075 -0.006423661942606038 0
-0.02516577660651446 -0.03842848400672631 0
0.04851419825275555 -0.008873755811346265 0
-0.03247386938792478 -0.03478355867793387 0
0.02740435556432816 -0.03550294582926294 0
-0.01428488468333485 -0.04803029599431646 0
0.004024805225154256 -0.02367043949397338 0
0.02015854534477124 0.003750903315257022 0
0.01635513900709268 0.009563125925630418 0
-0.01430233098592527 -0.04406865489530167 0
-0.01129168295821833 -0.03016349523638651 0
0.01676192284435596 -0.03787703064706197 0
0.008920799058555964 -0.01318448741201293 0
0.006789995875454065 -0.02168914477943888 0
-0.03447975565406579 0.01627577075565684 0
0.03734734054326406 -0.003836123273126574 0
-0.01725487522001298 0.03363225510029189 0
-0.0225790407597769 0.00826249364701272 0
0.01806947064864567 -0.04748535892360981 0
0.01473065608788699 -0.05060087220017552 0
-0.001679779873817304 -0.02775746711509911 0
0.001721095243854603 0.02000072579952689 0
-0.04367312055078472 -0.0291206870673352 0
0.007703578352323272 0.01369793363379318 0
-0.02221805626125898 0.001174463782936064 0
-0.03583148997604945 0.03819044947062639 0
0.03327451292303089 0.001276929801058799 0
-0.04603008270161046 0.02559671456809994 0
-0.04435978419979276 0.008961989347986334 0
-0.03925574075931037 -0.03619304924662804 0
0.03661220470737823 0.004181090552388588 0
-0.01924858578192151 0.02743916806167225 0
-0.004367249097649296 0.01331905526736941 0
0.03289615347173395 0.04143119076420231 0
-0.04832507172416636 -0.01241916142432653 0
0.0212045212897493 0.04644875876514612 0
0.01919868160299656 -0.02451946464590785 0
-0.01475768996483872 -0.03217995161080631 0
-0.0005320148804817404 0.01184267128590994 0
0.03586504957617195 -0.03888002027418034 0
-0.05310060820583631 0.002013071646068444 0
0.00170968196537634 0.05280924218611462 0
0.05214819104022593 -0.001710229941058541 0
-0.002110391896208774 -0.0531036443061596 0
0.039063270366818 0.03604075552997867 0
-0.03265672722537415 -0.04168823314908893 0
-0.05262467617606387 -0.006467448410863158 0
-0.006456978465349525 0.05234063392873103 0
0.04166102251420901 -0.03279773020828402 0
0.00614679419580199 -0.05280687510947863 0
-0.02256263901799938 0.02505971653329698 0
-0.003731530393155451 -0.04546483605654539 0
0.03148514277067552 -0.03720528449240047 0
0.03243722799286977 0.008703970843882405 0
0.02833869948102172 -0.01838329880678316 0
-0.05192910424595597 0.01010462656094247 0
-0.051038868638153 0.01408462929018443 0
0.04417719331589371 0.0294732247867214 0
0.04636811460351254 0.02602949415331998 0
0.04641793796489371 -0.02595416563019495 0
0.04828146444761056 -0.02225736986126401 0
-0.02720078510450808 0.02616360809253936 0
0.003687417787682311 -0.04932279250183008 0
0.01160021507701679 -0.01120570620210518 0
-0.04799205161528988 0.01124901759934712 0
-0.01883093539568821 0.04565694816573679 0
0.0032258647586136 0.03600741282765953 0
0.03156963532765286 0.01225724142181711 0
0.02252670896706616 -0.02239971106948383 0
-0.03178269214768087 -0.008067548268342242 0
-0.01786177899858713 -0.02660065371717819 0
0.03784228098926972 -0.03225126977284477 0
0.03543545595281206 0.01711227144199672 0
0.04548177712893316 -0.01955135686804184 0
-0.02793689589493169 0.02012383747328415 0
-0.0320722819807515 -0.00401900308947674 0
-0.0254932158212013 -0.0464470044685048 0
0.05213529396070485 -0.01075502644938531 0
0.01044852983917514 0.01206953751624515 0
-0.02169161197776722 -0.02486670840988276 0
0.02604988760081441 -0.02377594044281051 0
0.0316022155224043 0.01947883664010625 0
-0.04932805172278062 -0.004129484199215716 0
0.009989458055411082 0.05204120073017447 0
0.007913989700569255 0.02361530627377793 0
0.04269828760683006 -0.02538411588345722 0
-0.03718379387535296 -0.01675942012079086 0
-0.02561027121916208 -0.02663514683381832 0
-0.01235505828808135 -0.009642484487296441 0
0.02745006993452978 0.02508365822681959 0
-0.0422791296845441 0.03321578549317026 0
0.02120835074051888 -0.003806794618343862 0
-0.003362250334479019 -0.04937549017512012 0
0.0213585381735458 -0.04472418822185901 0
0.02395663771459206 0.02654012733530555 0
0.0008842816784128502 -0.01531894831298393 0
-0.02870502558227024 0.04226995759432793 0
-0.009144912504198429 -0.01748138469596608 0
0.0005896151628834302 -0.01176728654886425 0
0.02034092423467777 0.02836528852841509 0
0.004550013575709453 0.02171827423225871 0
-0.02772716795672578 -0.02117669376375539 0
-0.03476692495347088 -0.01037063270168756 0
0.031138080718794 0.02327039971146246 0
0.01961878263982808 0.03218056583905303 0
0.02535012412842571 -0.0464283828541432 0
-0.04879949723747458 -0.008298917501328357 0
0.00163898544586039 0.02319585097568039 0
-0.02880988250695166 -0.04026886636928558 0
-0.01783430006541429 -0.04618610524722878 0
-0.008252141025722389 0.0488118207101443 0
0.01091270254753648 -0.04821584768609603 0
0.01309889835746311 0.03135942323867735 0
0.04558727015331505 0.01975689167432863 0
0.0495667061858768 0.01867614747829555 0
-0.006250196956073798 0.02600746612384992 0
-0.05144551001476314 -0.01478851969364306 0
0.03272837027993409 0.03733415072833415 0
0.00985548989289271 0.03222634910796442 0
0.008518012097623581 0.03758934735680056 0
-0.04977557990280574 7.640876537848906e-06 0
0.01875602154555841 -0.01422980321711194 0
0.008160773608935136 -0.007360006974594788 0
0.01411773034174995 -0.0124763079071548 0
0.0184739780410199 -0.002028935766760556 0
-0.019000273087505 0.04991895897409539 0
-0.0311205432017987 -0.01600542323227826 0
-0.04061215384511448 -0.01927594210012341 0
-0.02169690140381566 -0.04836966984259956 0
-0.01417575567667977 0.05137630066730765 0
-0.03167600042395811 -0.03829858433873554 0
-0.0007635679809592521 0.04955236051289279 0
-0.004317500908688559 -0.01168799728591032 0
0.007112612212061518 -0.02497895310851922 0
-0.006713285033914347 0.02074220089949836 0
-0.01651711483096784 -0.01325136036747337 0
-0.001416739040733697 0.02451243716239638 0
-0.01093713791525482 0.004530310858043546 0
-0.01432882137346414 -0.05182668497924797 0
-0.03433684120686868 -0.01436342968833151 0
0.04062176113767077 0.02949562121978748 0
0.02839953905155124 -0.02161104813929044 0
0.01004659934015038 0.01552950258860791 0
0.02110572673691087 -0.0009768721785755397 0
-0.04702177787757274 -0.0263296668192252 0
-0.02536674691641591 0.002380674196683628 0
-0.04764207309588794 0.01475599754356555 0
0.007591503001336329 0.01108622042105908 0
0.05198656707782954 -0.01466172825736325 0
-0.0489689827278238 0.02257918233277812 0
-0.05012214886425646 0.003657940774909271 0
-0.00910642000986722 0.02000272739469635 0
-0.03066914700631593 -0.02010274321442944 0
0.01341916135613037 -0.001639120177167703 0
-0.01404358372885164 0.006595029965790967 0
-0.01042758228552516 -0.004385328329351939 0
-0.04398422034331709 -0.02151462717954007 0
-0.03941872334442769 -0.03010532332479221 0
0.008575902432739951 -0.03355268639678317 0
-0.004853984853007372 -0.01980882046945157 0
0.03311780533582844 -0.02437956207010674 0
0.01999352320518599 0.008793725125723521 0
-0.05077106559338627 -0.01873043497756126 0
-0.01150964987094214 0.01444542272969306 0
0.00754668864701131 -0.02863590183703117 0
0.01324103819897073 0.01189702072566154 0
0.04481244665133483 0.02308517848163966 0
0.03581644045266261 0.03556046464714153 0
0.007638372010887774 0.04960097511235686 0
0.009662802615486323 0.01866227512685933 0
0.005929892216898054 0.04329743154912306 0
0.05377291453378139 0.006306433326967038 0
0.007666167123370704 -0.049885843833572 0
-0.0001937455742703676 -0.05056369946271428 0
0.0129807908533213 -0.03927666787344469 0
0.005735677329672956 0.03786725241595823 0
0.03274043059732242 -0.02730928136496559 0
-0.04218227077328775 0.02677513285554618 0
0.01647241831804918 -0.04097499312806113 0
0.04507951760638453 -0.02298366962079387 0
-0.03020279437142898 0.04504581022654687 0
-0.0180200512416588 0.01365946732816046 0
0.05018805259923882 0.001829725110122921 0
-0.01318702091484463 0.01273943745300403 0
0.009909598773844647 0.0009906858917343511 0
-0.01065854570188707 -0.05331646974640582 0
0.01881602555254865 -0.05086803176146756 0
-0.01396880159160828 -0.007090496903907942 0
0.02266200528091347 0.0492936245472949 0
-0.02811287080307863 0.0003519549017766153 0
0.01106291119170273 -0.03394518529681546 0
2 9 0 25
1252
1253
1254
1255
1256
1257
1258
1259
1260
1261
1262
1263
1264
1265
1266
1267
1268
1269
1270
1271
1272
1273
1274
1275
1276
0.002736857773679721 -0.004328727137215023 0
-0.002813994874452233 0.004211440945216362 0
-0.003693612066181308 -0.002956110050353602 0
0.004456352155359185 0.002997315020130138 0
-0.001235518979216636 -0.005134176978760144 0
0.005152745988811141 -0.0009403762665941502 0
-0.004967733308878535 0.0009881435929798119 0
0.001087126914263327 0.005417492505824494 0
0.004967733308878532 -0.003319333275872791 0
0.002180818787599858 -0.001445177161984155 0
0.003361858466100421 0.001061617352321673 0
0.0005213580828856139 0.001337263650200719 0
-0.001348630707772619 -0.0008878574302170465 0
-0.002439080893151673 0.001663582171822629 0
9.615281388781808e-06 -0.002981949209386004 0
-0.004967733308878533 0.003319333275872791 0
-0.003378818151294448 -0.005235088991635477 0
0.0009052012078147936 -0.005520508626175841 0
0.005859840978222105 0.001165594841446488 0
0.003258714650577465 0.004893926097099841 0
-0.001165594841446489 0.005859840978222106 0
-0.005584135732155811 -0.001145770478842135 0
-0.0006887442849627598 0.003462551343769265 0
-0.00360663854162799 -0.0004676024389220687 0
0.001999444330703875 0.003195027661557688 0
$EndNodes
$Elements
20 2468 1 2805
0 1 15 1
1 1 
0 2 15 1
2 2 
0 3 15 1
3 3 
0 4 15 1
4 4 
0 5 15 1
5 5 
0 6 15 1
6 6 
0 7 15 1
7 7 
0 8 15 1
8 8 
0 9 15 1
9 9 
0 10 15 1
10 10 
0 11 15 1
11 11 
0 12 15 1
12 12 
0 13 15 1
13 13 
0 14 15 1
14 14 
0 15 15 1
15 15 
0 16 15 1
16 16 
2 6 2 192
354 1 17 145 
355 1 146 17 
356 66 146 1 
357 71 18 2 
358 18 150 2 
359 150 70 2 
360 19 3 76 
361 19 155 3 
362 155 75 3 
363 20 160 4 
364 161 20 4 
365 4 160 80 
366 161 4 81 
367 21 165 5 
368 166 21 5 
369 5 165 85 
370 166 5 86 
371 91 22 6 
372 22 170 6 
373 170 90 6 
374 96 23 7 
375 23 175 7 
376 175 95 7 
377 101 24 8 
378 24 180 8 
379 180 100 8 
380 25 185 9 
381 186 25 9 
382 185 105 9 
383 106 186 9 
384 111 26 10 
385 26 190 10 
386 190 110 10 
387 11 27 115 
388 27 11 116 
389 12 121 28 
390 200 12 28 
391 12 200 120 
392 125 13 29 
393 13 206 29 
394 206 13 126 
395 14 131 30 
396 210 14 30 
397 210 130 14 
398 135 15 31 
399 15 136 31 
400 140 16 32 
401 16 221 32 
402 141 221 16 
403 17 225 145 
404 151 18 71 
405 156 19 76 
406 171 22 91 
407 176 23 96 
408 181 24 101 
409 191 26 111 
410 27 195 115 
411 196 27 116 
412 121 201 28 
413 205 125 29 
414 131 211 30 
415 215 135 31 
416 136 216 31 
417 220 140 32 
418 67 147 66 
419 147 146 66 
420 68 147 67 
421 69 148 68 
422 148 147 68 
423 70 149 69 
424 149 148 69 
425 150 149 70 
426 72 152 71 
427 152 151 71 
428 73 153 72 
429 153 152 72 
430 74 154 73 
431 154 153 73 
432 75 155 74 
433 155 154 74 
434 156 76 77 
435 157 77 78 
436 157 156 77 
437 158 78 79 
438 158 157 78 
439 159 79 80 
440 159 158 79 
441 160 159 80 
442 162 81 82 
443 162 161 81 
444 163 82 83 
445 163 162 82 
446 164 83 84 
447 164 163 83 
448 165 84 85 
449 165 164 84 
450 167 86 87 
451 167 166 86 
452 88 167 87 
453 89 168 88 
454 168 167 88 
455 90 169 89 
456 169 168 89 
457 170 169 90 
458 92 171 91 
459 93 172 92 
460 172 171 92 
461 94 173 93 
462 173 172 93 
463 95 174 94 
464 174 173 94 
465 175 174 95 
466 97 176 96 
467 98 177 97 
468 177 176 97 
469 99 178 98 
470 178 177 98 
471 100 179 99 
472 179 178 99 
473 180 179 100 
474 102 181 101 
475 103 182 102 
476 182 181 102 
477 104 184 103 
478 183 182 103 
479 184 183 103 
480 105 184 104 
481 185 184 105 
482 107 187 106 
483 187 186 106 
484 108 188 107 
485 188 187 107 
486 109 189 108 
487 189 188 108 
488 110 190 109 
489 190 189 109 
490 112 191 111 
491 113 192 112 
492 192 191 112 
493 193 113 114 
494 193 192 113 
495 194 114 115 
496 194 193 114 
497 195 194 115 
498 196 116 117 
499 197 117 118 
500 197 196 117 
501 198 118 119 
502 198 197 118 
503 199 119 120 
504 199 198 119 
505 200 199 120 
506 201 121 122 
507 202 122 123 
508 202 201 122 
509 203 123 124 
510 203 202 123 
511 204 124 125 
512 204 203 124 
513 205 204 125 
514 207 126 127 
515 207 206 126 
516 128 208 127 
517 208 207 127 
518 128 129 208 
519 129 130 209 
520 208 129 209 
521 209 130 210 
522 131 132 212 
523 211 131 212 
524 132 133 213 
525 212 132 213 
526 133 134 214 
527 213 133 214 
528 134 135 215 
529 134 215 214 
530 137 216 136 
531 138 217 137 
532 217 216 137 
533 219 138 139 
534 218 217 138 
535 219 218 138 
536 220 139 140 
537 220 219 139 
538 222 141 142 
539 222 221 141 
540 223 142 143 
541 223 222 142 
542 224 143 144 
543 224 223 143 
544 225 144 145 
545 225 224 144 
2 7 2 656
546 233 232 368 
547 261 260 356 
548 277 276 364 
549 241 240 380 
550 257 256 384 
551 229 228 400 
552 249 248 404 
553 265 264 360 
554 253 252 372 
555 285 284 396 
556 281 280 416 
557 237 236 376 
558 273 272 408 
559 289 288 388 
560 245 244 412 
561 269 268 392 
562 398 323 400 
563 362 324 364 
564 410 327 412 
565 382 326 384 
566 378 325 380 
567 354 322 356 
568 358 329 360 
569 386 328 388 
570 406 331 408 
571 394 333 396 
572 370 330 372 
573 390 334 392 
574 414 337 416 
575 402 335 404 
576 374 332 376 
577 366 336 368 
578 290 233 368 
579 301 261 356 
580 292 277 364 
581 296 281 416 
582 300 257 384 
583 304 241 380 
584 291 249 404 
585 295 265 360 
586 293 237 376 
587 294 273 408 
588 299 285 396 
589 302 229 400 
590 297 269 392 
591 303 289 388 
592 298 253 372 
593 305 245 412 
594 327 410 411 
595 323 398 399 
596 324 362 363 
597 329 358 359 
598 326 382 383 
599 325 378 379 
600 322 354 355 
601 328 386 387 
602 334 390 391 
603 337 414 415 
604 331 406 407 
605 333 394 395 
606 332 374 375 
607 330 370 371 
608 335 402 403 
609 336 366 367 
610 260 354 356 
611 276 362 364 
612 228 398 400 
613 240 378 380 
614 256 382 384 
615 232 366 368 
616 252 370 372 
617 288 386 388 
618 244 410 412 
619 236 374 376 
620 264 358 360 
621 284 394 396 
622 272 406 408 
623 248 402 404 
624 268 390 392 
625 280 414 416 
626 290 368 369 
627 301 356 357 
628 296 416 417 
629 293 376 377 
630 295 360 361 
631 292 364 365 
632 300 384 385 
633 291 404 405 
634 294 408 409 
635 297 392 393 
636 304 380 381 
637 299 396 397 
638 303 388 389 
639 298 372 373 
640 302 400 401 
641 305 412 413 
642 419 464 494 
643 422 454 492 
644 427 465 497 
645 420 463 489 
646 429 453 485 
647 428 459 491 
648 425 458 493 
649 423 462 496 
650 426 457 495 
651 421 452 487 
652 430 461 490 
653 432 455 486 
654 418 451 483 
655 431 456 488 
656 433 460 484 
657 424 450 482 
658 464 353 494 
659 454 342 492 
660 465 352 497 
661 463 349 489 
662 453 341 485 
663 459 347 491 
664 458 350 493 
665 457 346 495 
666 462 351 496 
667 452 340 487 
668 461 348 490 
669 456 343 488 
670 455 344 486 
671 451 339 483 
672 460 345 484 
673 450 338 482 
674 354 316 355 
675 358 306 359 
676 366 315 367 
677 374 313 375 
678 390 310 391 
679 378 318 379 
680 386 314 387 
681 382 319 383 
682 370 309 371 
683 394 311 395 
684 406 321 407 
685 402 320 403 
686 414 307 415 
687 362 317 363 
688 398 312 399 
689 410 308 411 
690 263 306 358 
691 231 315 366 
692 259 316 354 
693 275 317 362 
694 235 313 374 
695 251 309 370 
696 267 310 390 
697 283 311 394 
698 239 318 378 
699 287 314 386 
700 255 319 382 
701 247 320 402 
702 227 312 398 
703 271 321 406 
704 279 307 414 
705 243 308 410 
706 315 230 428 
707 306 262 433 
708 312 226 419 
709 309 250 421 
710 317 274 422 
711 307 278 418 
712 316 258 431 
713 311 282 429 
714 308 242 420 
715 310 266 432 
716 319 254 423 
717 318 238 425 
718 320 246 427 
719 314 286 430 
720 313 234 424 
721 321 270 426 
722 39 291 421 
723 33 303 419 
724 45 294 422 
725 46 292 418 
726 40 298 423 
727 47 296 429 
728 36 293 425 
729 37 304 420 
730 35 290 424 
731 38 305 427 
732 44 297 426 
733 34 302 428 
734 48 299 430 
735 41 300 431 
736 43 295 432 
737 42 301 433 
738 375 313 482 
739 355 316 488 
740 371 309 487 
741 367 315 491 
742 379 318 493 
743 395 311 485 
744 363 317 492 
745 359 306 484 
746 383 319 496 
747 387 314 490 
748 391 310 486 
749 407 321 495 
750 403 320 497 
751 415 307 483 
752 399 312 494 
753 411 308 489 
754 178 179 330 
755 158 159 332 
756 188 189 322 
757 198 199 334 
758 203 204 331 
759 218 219 333 
760 223 224 328 
761 173 174 335 
762 163 164 325 
763 183 184 326 
764 208 209 324 
765 148 149 323 
766 193 194 329 
767 168 169 327 
768 213 214 337 
769 153 154 336 
770 19 156 338 
771 27 196 344 
772 30 211 339 
773 26 191 345 
774 31 216 341 
775 23 176 340 
776 18 151 347 
777 24 181 351 
778 32 221 348 
779 25 186 343 
780 20 161 350 
781 28 201 346 
782 17 146 353 
783 22 171 352 
784 29 206 342 
785 21 166 349 
786 155 369 466 
787 175 405 470 
788 210 365 467 
789 160 377 472 
790 180 373 471 
791 205 409 478 
792 185 385 469 
793 195 361 476 
794 200 393 479 
795 215 417 475 
796 220 397 477 
797 190 357 468 
798 150 401 474 
799 225 389 480 
800 165 381 473 
801 170 413 481 
802 412 327 481 
803 364 324 467 
804 400 323 474 
805 360 329 476 
806 408 331 478 
807 392 334 479 
808 384 326 469 
809 404 335 470 
810 416 337 475 
811 396 333 477 
812 376 332 472 
813 380 325 473 
814 388 328 480 
815 372 330 471 
816 356 322 468 
817 368 336 466 
818 434 355 488 
819 435 375 482 
820 438 371 487 
821 440 363 492 
822 443 367 491 
823 441 395 485 
824 444 379 493 
825 447 383 496 
826 445 387 490 
827 448 407 495 
828 446 399 494 
829 449 403 497 
830 439 391 486 
831 436 359 484 
832 437 411 489 
833 442 415 483 
834 263 262 306 
835 275 274 317 
836 231 230 315 
837 283 282 311 
838 267 266 310 
839 251 250 309 
840 227 226 312 
841 287 286 314 
842 247 246 320 
843 259 258 316 
844 243 242 308 
845 255 254 319 
846 239 238 318 
847 271 270 321 
848 235 234 313 
849 279 278 307 
850 42 261 301 
851 34 229 302 
852 38 245 305 
853 33 289 303 
854 40 253 298 
855 37 241 304 
856 36 237 293 
857 41 257 300 
858 44 269 297 
859 48 285 299 
860 46 277 292 
861 45 273 294 
862 39 249 291 
863 43 265 295 
864 47 281 296 
865 35 233 290 
866 260 259 354 
867 236 235 374 
868 240 239 378 
869 256 255 382 
870 280 279 414 
871 288 287 386 
872 272 271 406 
873 264 263 358 
874 248 247 402 
875 268 267 390 
876 252 251 370 
877 232 231 366 
878 244 243 410 
879 284 283 394 
880 228 227 398 
881 276 275 362 
882 278 46 418 
883 226 33 419 
884 234 35 424 
885 250 39 421 
886 274 45 422 
887 242 37 420 
888 282 47 429 
889 238 36 425 
890 254 40 423 
891 270 44 426 
892 246 38 427 
893 286 48 430 
894 258 41 431 
895 266 43 432 
896 230 34 428 
897 262 42 433 
898 369 155 498 
899 405 175 499 
900 365 210 500 
901 409 205 501 
902 377 160 506 
903 361 195 505 
904 373 180 508 
905 385 185 502 
906 393 200 504 
907 397 220 507 
908 417 215 503 
909 357 190 509 
910 401 150 510 
911 381 165 511 
912 389 225 513 
913 413 170 512 
914 329 359 516 
915 327 411 515 
916 337 415 517 
917 334 391 524 
918 323 399 514 
919 331 407 527 
920 333 395 518 
921 332 375 528 
922 328 387 522 
923 326 383 523 
924 325 379 521 
925 324 363 519 
926 335 403 529 
927 322 355 520 
928 330 371 525 
929 336 367 526 
930 393 392 479 
931 361 360 476 
932 413 412 481 
933 409 408 478 
934 365 364 467 
935 377 376 472 
936 405 404 470 
937 417 416 475 
938 401 400 474 
939 385 384 469 
940 397 396 477 
941 373 372 471 
942 389 388 480 
943 381 380 473 
944 369 368 466 
945 357 356 468 
946 338 156 435 
947 349 166 437 
948 345 191 436 
949 344 196 439 
950 342 206 440 
951 341 216 441 
952 343 186 434 
953 340 176 438 
954 339 211 442 
955 347 151 443 
956 350 161 444 
957 353 146 446 
958 351 181 447 
959 348 221 445 
960 346 201 448 
961 352 171 449 
962 186 187 434 
963 166 167 437 
964 191 192 436 
965 206 207 440 
966 176 177 438 
967 156 157 435 
968 196 197 439 
969 146 147 446 
970 161 162 444 
971 221 222 445 
972 181 182 447 
973 216 217 441 
974 211 212 442 
975 151 152 443 
976 201 202 448 
977 171 172 449 
978 419 303 464 
979 418 292 451 
980 422 294 454 
981 429 296 453 
982 420 304 463 
983 425 293 458 
984 427 305 465 
985 421 291 452 
986 426 297 457 
987 423 298 462 
988 428 302 459 
989 430 299 461 
990 431 300 456 
991 432 295 455 
992 433 301 460 
993 424 290 450 
994 154 155 466 
995 189 190 468 
996 184 185 469 
997 209 210 467 
998 174 175 470 
999 214 215 475 
1000 179 180 471 
1001 159 160 472 
1002 164 165 473 
1003 149 150 474 
1004 204 205 478 
1005 219 220 477 
1006 199 200 479 
1007 169 170 481 
1008 194 195 476 
1009 224 225 480 
1010 218 333 518 
1011 208 324 519 
1012 148 323 514 
1013 203 331 527 
1014 183 326 523 
1015 168 327 515 
1016 163 325 521 
1017 173 335 529 
1018 213 337 517 
1019 223 328 522 
1020 188 322 520 
1021 153 336 526 
1022 193 329 516 
1023 198 334 524 
1024 178 330 525 
1025 158 332 528 
1026 155 19 498 
1027 210 30 500 
1028 175 23 499 
1029 180 24 508 
1030 160 20 506 
1031 150 18 510 
1032 205 29 501 
1033 185 25 502 
1034 220 32 507 
1035 195 27 505 
1036 190 26 509 
1037 200 28 504 
1038 165 21 511 
1039 215 31 503 
1040 225 17 513 
1041 170 22 512 
1042 317 422 492 
1043 309 421 487 
1044 311 429 485 
1045 312 419 494 
1046 315 428 491 
1047 313 424 482 
1048 306 433 484 
1049 307 418 483 
1050 308 420 489 
1051 310 432 486 
1052 318 425 493 
1053 316 431 488 
1054 314 430 490 
1055 319 423 496 
1056 320 427 497 
1057 321 426 495 
1058 363 440 519 
1059 399 446 514 
1060 411 437 515 
1061 395 441 518 
1062 355 434 520 
1063 379 444 521 
1064 383 447 523 
1065 371 438 525 
1066 367 443 526 
1067 407 448 527 
1068 387 445 522 
1069 403 449 529 
1070 415 442 517 
1071 375 435 528 
1072 359 436 516 
1073 391 439 524 
1074 290 369 450 
1075 296 417 453 
1076 291 405 452 
1077 292 365 451 
1078 293 377 458 
1079 295 361 455 
1080 294 409 454 
1081 297 393 457 
1082 300 385 456 
1083 301 357 460 
1084 299 397 461 
1085 298 373 462 
1086 302 401 459 
1087 304 381 463 
1088 303 389 464 
1089 305 413 465 
1090 434 187 520 
1091 436 192 516 
1092 437 167 515 
1093 446 147 514 
1094 440 207 519 
1095 441 217 518 
1096 438 177 525 
1097 435 157 528 
1098 439 197 524 
1099 444 162 521 
1100 447 182 523 
1101 442 212 517 
1102 445 222 522 
1103 448 202 527 
1104 443 152 526 
1105 449 172 529 
1106 342 440 492 
1107 349 437 489 
1108 340 438 487 
1109 339 442 483 
1110 341 441 485 
1111 338 435 482 
1112 353 446 494 
1113 343 434 488 
1114 347 443 491 
1115 344 439 486 
1116 345 436 484 
1117 350 444 493 
1118 348 445 490 
1119 351 447 496 
1120 346 448 495 
1121 352 449 497 
1122 336 154 466 
1123 330 179 471 
1124 332 159 472 
1125 322 189 468 
1126 324 209 467 
1127 335 174 470 
1128 326 184 469 
1129 333 219 477 
1130 331 204 478 
1131 325 164 473 
1132 334 199 479 
1133 328 224 480 
1134 323 149 474 
1135 329 194 476 
1136 337 214 475 
1137 327 169 481 
1138 27 344 505 
1139 23 340 499 
1140 26 345 509 
1141 31 341 503 
1142 22 352 512 
1143 28 346 504 
1144 20 350 506 
1145 30 339 500 
1146 17 353 513 
1147 24 351 508 
1148 25 343 502 
1149 32 348 507 
1150 29 342 501 
1151 18 347 510 
1152 19 338 498 
1153 21 349 511 
1154 217 218 518 
1155 207 208 519 
1156 147 148 514 
1157 167 168 515 
1158 202 203 527 
1159 182 183 523 
1160 212 213 517 
1161 152 153 526 
1162 162 163 521 
1163 172 173 529 
1164 192 193 516 
1165 222 223 522 
1166 197 198 524 
1167 187 188 520 
1168 157 158 528 
1169 177 178 525 
1170 341 453 503 
1171 346 457 504 
1172 344 455 505 
1173 352 465 512 
1174 350 458 506 
1175 342 454 501 
1176 353 464 513 
1177 340 452 499 
1178 347 459 510 
1179 343 456 502 
1180 348 461 507 
1181 339 451 500 
1182 345 460 509 
1183 351 462 508 
1184 349 463 511 
1185 338 450 498 
1186 450 369 498 
1187 452 405 499 
1188 451 365 500 
1189 454 409 501 
1190 453 417 503 
1191 455 361 505 
1192 456 385 502 
1193 457 393 504 
1194 458 377 506 
1195 461 397 507 
1196 462 373 508 
1197 460 357 509 
1198 459 401 510 
1199 463 381 511 
1200 464 389 513 
1201 465 413 512 
2 8 2 1540
1202 570 60 1159 
1203 901 567 1108 
1204 929 1042 1103 
1205 964 851 965 
1206 553 918 1053 
1207 694 920 922 
1208 928 563 1064 
1209 965 851 1132 
1210 920 694 1022 
1211 972 973 999 
1212 60 535 1159 
1213 567 901 1192 
1214 910 709 1124 
1215 549 955 1116 
1216 781 1025 1093 
1217 985 984 1078 
1218 1116 955 1125 
1219 907 52 1099 
1220 701 942 1013 
1221 918 553 1086 
1222 999 973 1196 
1223 560 943 1055 
1224 800 798 1051 
1225 810 941 947 
1226 917 707 1068 
1227 984 847 1078 
1228 707 917 1204 
1229 555 242 1040 
1230 558 944 945 
1231 1140 679 1148 
1232 276 547 968 
1233 709 910 1183 
1234 940 898 1057 
1235 563 928 1090 
1236 915 1140 1148 
1237 677 931 991 
1238 944 558 1217 
1239 941 836 947 
1240 898 940 1231 
1241 1114 935 1128 
1242 232 233 1059 
1243 550 939 1229 
1244 781 874 1025 
1245 242 243 1040 
1246 1001 935 1114 
1247 1042 551 1103 
1248 943 560 1056 
1249 913 783 976 
1250 684 1111 1122 
1251 539 934 1050 
1252 784 537 785 
1253 693 1133 1142 
1254 536 774 775 
1255 782 532 783 
1256 1111 909 1122 
1257 916 981 1222 
1258 774 531 864 
1259 934 539 1051 
1260 857 534 959 
1261 874 988 1025 
1262 939 550 1102 
1263 783 859 976 
1264 275 276 968 
1265 61 60 570 
1266 981 916 1068 
1267 1133 1003 1142 
1268 53 52 907 
1269 63 62 876 
1270 779 1093 1099 
1271 547 949 968 
1272 929 1103 1243 
1273 956 556 957 
1274 543 264 1137 
1275 535 59 784 
1276 58 537 784 
1277 50 531 774 
1278 536 51 774 
1279 56 534 857 
1280 54 532 782 
1281 864 771 919 
1282 951 538 1190 
1283 973 978 1196 
1284 941 810 1013 
1285 942 684 1122 
1286 931 677 1078 
1287 531 771 864 
1288 539 288 1052 
1289 947 836 948 
1290 876 62 1183 
1291 245 38 1086 
1292 693 935 1133 
1293 912 910 1124 
1294 927 683 1179 
1295 684 942 1135 
1296 683 927 1180 
1297 52 536 1099 
1298 858 532 907 
1299 1001 646 1091 
1300 798 934 1051 
1301 935 693 1128 
1302 544 965 1109 
1303 545 232 1059 
1304 1087 963 1091 
1305 1093 907 1099 
1306 547 1100 1113 
1307 646 1087 1091 
1308 901 1108 1171 
1309 862 800 1051 
1310 942 941 1013 
1311 666 664 994 
1312 694 982 1022 
1313 706 979 994 
1314 535 784 1193 
1315 1024 922 1184 
1316 1013 808 1075 
1317 949 547 1113 
1318 629 932 1197 
1319 942 701 1135 
1320 988 874 1212 
1321 646 1001 1114 
1322 922 1024 1182 
1323 932 629 1176 
1324 939 940 1229 
1325 1100 996 1113 
1326 979 706 1196 
1327 1039 555 1040 
1328 858 907 1093 
1329 560 1055 1096 
1330 534 55 1198 
1331 708 972 999 
1332 867 1154 1166 
1333 679 946 1148 
1334 948 541 1238 
1335 55 782 1198 
1336 905 1188 1217 
1337 962 757 967 
1338 560 234 1056 
1339 771 773 919 
1340 928 546 1090 
1341 686 932 1176 
1342 565 948 1027 
1343 1129 871 1141 
1344 241 1186 1190 
1345 677 985 1078 
1346 950 900 1202 
1347 670 666 994 
1348 1047 543 1137 
1349 1025 858 1093 
1350 970 545 1058 
1351 234 235 1056 
1352 992 1198 1215 
1353 664 706 994 
1354 998 909 1092 
1355 1006 1029 1081 
1356 667 1002 1098 
1357 694 922 1182 
1358 704 1029 1030 
1359 978 973 1149 
1360 900 950 1221 
1361 961 702 997 
1362 946 679 1162 
1363 1027 918 1086 
1364 952 951 1190 
1365 1109 965 1132 
1366 1188 944 1217 
1367 701 1013 1075 
1368 932 686 1195 
1369 594 1129 1141 
1370 546 928 1218 
1371 565 1027 1086 
1372 933 989 1242 
1373 966 990 1220 
1374 978 979 1196 
1375 538 951 1171 
1376 838 1032 1185 
1377 757 648 1156 
1378 1058 545 1059 
1379 1051 539 1052 
1380 1002 813 1098 
1381 1170 1046 1189 
1382 1198 913 1215 
1383 989 699 1242 
1384 757 962 966 
1385 1186 952 1190 
1386 553 245 1086 
1387 987 699 989 
1388 767 758 959 
1389 959 758 1028 
1390 1092 909 1111 
1391 668 1187 1213 
1392 915 1002 1131 
1393 38 565 1086 
1394 857 959 1028 
1395 967 535 1193 
1396 704 1030 1067 
1397 552 974 975 
1398 691 969 1010 
1399 288 289 1052 
1400 957 556 1209 
1401 541 248 1088 
1402 954 1079 1154 
1403 1029 704 1081 
1404 1059 233 1249 
1405 551 1042 1063 
1406 1064 563 1191 
1407 541 948 1151 
1408 553 1053 1157 
1409 919 773 1069 
1410 259 260 1083 
1411 1145 698 1161 
1412 963 700 1076 
1413 677 645 985 
1414 948 565 1151 
1415 998 647 1077 
1416 639 699 987 
1417 558 945 1223 
1418 1009 839 1136 
1419 967 757 1156 
1420 960 1145 1161 
1421 990 966 1158 
1422 917 838 1185 
1423 1060 1016 1077 
1424 535 967 1159 
1425 1130 673 1136 
1426 915 1131 1140 
1427 706 999 1196 
1428 1061 1014 1076 
1429 1069 916 1222 
1430 910 876 1183 
1431 645 678 985 
1432 1079 561 1154 
1433 779 781 1093 
1434 1160 1018 1165 
1435 672 670 993 
1436 947 948 1238 
1437 537 57 1216 
1438 1118 880 1119 
1439 805 954 1154 
1440 1187 1008 1213 
1441 694 589 982 
1442 960 691 1145 
1443 272 273 1080 
1444 57 857 1216 
1445 264 265 1137 
1446 993 670 994 
1447 601 707 980 
1448 810 808 1013 
1449 680 1160 1165 
1450 647 1060 1077 
1451 707 603 981 
1452 542 272 1080 
1453 678 983 985 
1454 556 956 1134 
1455 939 1102 1192 
1456 968 867 1166 
1457 700 1061 1076 
1458 699 641 991 
1459 759 961 997 
1460 1031 801 1038 
1461 618 691 1010 
1462 839 1009 1250 
1463 589 593 982 
1464 1011 927 1173 
1465 767 959 992 
1466 557 1170 1189 
1467 773 916 1069 
1468 733 953 1219 
1469 612 759 997 
1470 536 775 776 
1471 1000 898 1231 
1472 982 760 1022 
1473 981 702 1222 
1474 681 716 1015 
1475 698 624 995 
1476 702 607 997 
1477 627 1031 1038 
1478 260 546 1083 
1479 700 963 1087 
1480 1117 1116 1125 
1481 654 652 990 
1482 660 708 999 
1483 943 1056 1057 
1484 637 639 987 
1485 727 726 758 
1486 962 967 1193 
1487 692 595 1034 
1488 971 559 1044 
1489 785 537 788 
1490 711 710 726 
1491 783 532 858 
1492 678 688 983 
1493 647 998 1092 
1494 959 534 992 
1495 784 785 786 
1496 782 783 913 
1497 769 767 992 
1498 1173 927 1179 
1499 986 637 987 
1500 1174 862 1175 
1501 984 930 1206 
1502 551 1063 1138 
1503 986 987 988 
1504 674 672 710 
1505 759 763 764 
1506 590 681 1015 
1507 954 805 1239 
1508 831 909 998 
1509 898 943 1057 
1510 727 758 767 
1511 969 763 1010 
1512 996 562 1132 
1513 799 935 1001 
1514 711 726 727 
1515 764 763 765 
1516 710 672 993 
1517 807 936 1017 
1518 633 635 686 
1519 599 601 980 
1520 635 637 986 
1521 1003 882 1164 
1522 977 748 978 
1523 674 710 711 
1524 612 614 759 
1525 763 614 1010 
1526 844 946 1007 
1527 759 614 763 
1528 706 662 999 
1529 961 1069 1222 
1530 755 1004 1005 
1531 788 1028 1248 
1532 726 748 977 
1533 626 629 995 
1534 618 620 691 
1535 686 635 986 
1536 595 592 1034 
1537 601 603 707 
1538 597 599 760 
1539 643 677 991 
1540 639 641 699 
1541 983 930 984 
1542 660 658 708 
1543 879 882 1003 
1544 839 750 1012 
1545 750 752 1012 
1546 657 696 1006 
1547 641 643 991 
1548 760 599 980 
1549 605 702 981 
1550 758 726 977 
1551 622 624 698 
1552 749 839 930 
1553 603 605 981 
1554 658 654 990 
1555 593 597 982 
1556 988 987 989 
1557 755 756 1004 
1558 1006 789 1029 
1559 726 710 748 
1560 743 822 871 
1561 605 607 702 
1562 248 249 1088 
1563 624 626 995 
1564 609 612 997 
1565 793 795 963 
1566 829 831 998 
1567 831 833 909 
1568 894 897 927 
1569 708 658 990 
1570 612 613 614 
1571 714 789 1006 
1572 662 660 999 
1573 915 815 1002 
1574 815 813 1002 
1575 696 714 1006 
1576 688 749 983 
1577 797 799 1001 
1578 948 836 1027 
1579 799 821 935 
1580 789 908 953 
1581 840 815 915 
1582 1103 568 1243 
1583 555 1039 1126 
1584 906 1007 1008 
1585 607 609 997 
1586 983 984 985 
1587 643 645 677 
1588 685 719 1014 
1589 835 941 942 
1590 749 930 983 
1591 1021 548 1105 
1592 1025 988 1224 
1593 965 544 1146 
1594 790 579 1024 
1595 933 846 976 
1596 862 1052 1175 
1597 1017 936 1026 
1598 597 598 599 
1599 906 903 1007 
1600 714 734 789 
1601 882 883 884 
1602 861 879 1003 
1603 690 718 1016 
1604 756 854 1004 
1605 633 634 635 
1606 587 589 694 
1607 854 856 925 
1608 892 894 1011 
1609 851 996 1132 
1610 759 764 961 
1611 664 662 706 
1612 716 743 1015 
1613 626 628 629 
1614 597 760 982 
1615 903 844 1007 
1616 854 925 1004 
1617 884 885 886 
1618 844 842 946 
1619 740 730 900 
1620 630 632 633 
1621 671 670 672 
1622 609 611 612 
1623 697 695 1019 
1624 276 277 547 
1625 268 269 552 
1626 284 285 551 
1627 236 237 550 
1628 244 245 553 
1629 252 253 549 
1630 228 229 548 
1631 260 261 546 
1632 879 881 882 
1633 279 280 544 
1634 239 240 538 
1635 255 256 540 
1636 287 288 539 
1637 271 272 542 
1638 247 248 541 
1639 263 264 543 
1640 231 232 545 
1641 669 666 670 
1642 953 733 1225 
1643 650 648 757 
1644 576 790 1073 
1645 599 600 601 
1646 887 890 1018 
1647 719 747 1014 
1648 635 636 637 
1649 886 887 1018 
1650 807 924 936 
1651 593 596 597 
1652 673 672 674 
1653 615 618 1010 
1654 866 803 899 
1655 707 981 1068 
1656 46 278 562 
1657 40 254 566 
1658 36 238 567 
1659 38 246 565 
1660 44 270 569 
1661 48 286 568 
1662 34 230 564 
1663 42 262 563 
1664 718 742 1016 
1665 615 617 618 
1666 827 828 829 
1667 793 963 1076 
1668 1002 667 1131 
1669 791 792 793 
1670 752 755 1012 
1671 896 1058 1059 
1672 33 226 554 
1673 37 242 555 
1674 39 250 559 
1675 45 274 561 
1676 35 234 560 
1677 47 282 556 
1678 41 258 558 
1679 43 266 557 
1680 829 998 1077 
1681 618 619 620 
1682 1206 930 1250 
1683 905 903 906 
1684 1154 561 1166 
1685 958 558 1205 
1686 793 794 795 
1687 673 1009 1136 
1688 742 826 827 
1689 637 638 639 
1690 829 830 831 
1691 894 927 1011 
1692 601 602 603 
1693 747 762 791 
1694 755 1005 1012 
1695 545 970 1094 
1696 580 578 1033 
1697 742 827 1016 
1698 747 791 1014 
1699 688 713 749 
1700 890 891 892 
1701 887 889 890 
1702 789 734 908 
1703 659 658 660 
1704 629 628 630 
1705 722 697 1019 
1706 730 692 1034 
1707 812 811 813 
1708 795 796 797 
1709 749 750 839 
1710 639 640 641 
1711 743 871 1015 
1712 892 893 894 
1713 831 832 833 
1714 612 611 613 
1715 738 722 811 
1716 882 881 883 
1717 620 621 622 
1718 603 604 605 
1719 768 767 769 
1720 765 763 969 
1721 1016 827 1077 
1722 591 583 1020 
1723 656 654 658 
1724 894 895 897 
1725 963 795 1091 
1726 884 883 885 
1727 1014 791 1076 
1728 803 801 1031 
1729 913 976 1215 
1730 614 613 615 
1731 797 1001 1091 
1732 752 754 755 
1733 633 632 634 
1734 657 1006 1081 
1735 614 615 1010 
1736 814 813 815 
1737 1015 871 1097 
1738 886 885 887 
1739 833 834 835 
1740 597 596 598 
1741 797 798 799 
1742 1117 1125 1207 
1743 743 744 822 
1744 716 729 743 
1745 897 898 1000 
1746 1029 953 1030 
1747 936 924 937 
1748 622 623 624 
1749 579 581 1024 
1750 576 579 790 
1751 756 853 854 
1752 811 722 1019 
1753 816 815 840 
1754 733 591 1020 
1755 854 855 856 
1756 599 598 600 
1757 799 800 821 
1758 674 725 1009 
1759 635 634 636 
1760 835 836 941 
1761 836 834 1027 
1762 1011 680 1165 
1763 641 642 643 
1764 605 606 607 
1765 991 931 1242 
1766 827 826 828 
1767 674 711 725 
1768 845 769 846 
1769 669 670 671 
1770 1143 1107 1167 
1771 822 823 950 
1772 618 617 619 
1773 583 580 1033 
1774 829 828 830 
1775 791 762 792 
1776 821 860 861 
1777 841 840 842 
1778 581 584 585 
1779 793 792 794 
1780 1005 1130 1136 
1781 585 586 587 
1782 908 1017 1026 
1783 749 713 750 
1784 808 723 1075 
1785 637 636 638 
1786 861 878 879 
1787 890 889 891 
1788 795 794 796 
1789 601 600 602 
1790 661 660 662 
1791 284 551 1138 
1792 727 767 768 
1793 673 674 1009 
1794 843 842 844 
1795 834 918 1027 
1796 909 833 1122 
1797 738 811 812 
1798 831 830 832 
1799 809 808 810 
1800 755 754 756 
1801 562 996 1100 
1802 682 591 733 
1803 758 977 1028 
1804 624 625 626 
1805 892 891 893 
1806 879 880 881 
1807 766 723 808 
1808 656 658 659 
1809 735 807 1017 
1810 931 846 933 
1811 789 953 1029 
1812 639 638 640 
1813 732 705 801 
1814 620 619 621 
1815 685 1014 1061 
1816 714 720 734 
1817 671 672 673 
1818 812 813 814 
1819 581 585 1024 
1820 724 692 730 
1821 643 644 645 
1822 833 832 834 
1823 835 942 1122 
1824 696 703 714 
1825 894 893 895 
1826 902 844 903 
1827 837 772 838 
1828 690 1016 1060 
1829 802 801 803 
1830 603 602 604 
1831 797 796 798 
1832 739 730 740 
1833 854 853 855 
1834 813 811 1098 
1835 892 1011 1165 
1836 630 631 632 
1837 865 803 866 
1838 607 608 609 
1839 659 660 661 
1840 926 810 947 
1841 786 849 962 
1842 1071 667 1098 
1843 735 806 807 
1844 275 968 1166 
1845 897 895 898 
1846 748 710 993 
1847 838 772 1023 
1848 839 1012 1136 
1849 904 903 905 
1850 776 778 779 
1851 230 231 1094 
1852 587 588 589 
1853 899 803 1031 
1854 856 855 944 
1855 622 621 623 
1856 835 834 836 
1857 814 815 816 
1858 862 1051 1052 
1859 807 923 924 
1860 961 764 1069 
1861 605 604 606 
1862 1020 583 1033 
1863 868 740 964 
1864 743 729 744 
1865 626 627 628 
1866 641 640 642 
1867 900 730 1034 
1868 816 840 841 
1869 799 798 800 
1870 939 866 940 
1871 937 938 954 
1872 719 746 747 
1873 887 888 889 
1874 717 1026 1235 
1875 624 623 625 
1876 747 761 762 
1877 821 800 860 
1878 609 610 611 
1879 718 741 742 
1880 978 748 979 
1881 752 753 754 
1882 935 821 1133 
1883 742 825 826 
1884 750 751 752 
1885 822 744 823 
1886 589 592 593 
1887 615 616 617 
1888 841 842 843 
1889 883 881 1021 
1890 688 712 713 
1891 663 662 664 
1892 668 666 669 
1893 622 698 1145 
1894 779 780 781 
1895 843 844 902 
1896 756 852 853 
1897 577 574 648 
1898 691 620 1145 
1899 585 584 586 
1900 593 595 596 
1901 630 628 631 
1902 879 878 880 
1903 861 1003 1133 
1904 665 664 666 
1905 62 61 530 
1906 50 49 531 
1907 54 53 532 
1908 64 63 533 
1909 56 55 534 
1910 60 59 535 
1911 52 51 536 
1912 58 57 537 
1913 861 860 878 
1914 645 676 678 
1915 607 606 608 
1916 766 808 809 
1917 643 642 644 
1918 908 734 1017 
1919 768 769 845 
1920 871 822 1141 
1921 753 751 804 
1922 870 804 955 
1923 980 707 1204 
1924 649 648 650 
1925 756 754 852 
1926 809 810 926 
1927 721 697 722 
1928 732 801 802 
1929 887 885 888 
1930 1028 788 1216 
1931 781 873 874 
1932 558 958 1217 
1933 902 903 904 
1934 904 905 958 
1935 845 846 931 
1936 737 722 738 
1937 587 586 588 
1938 724 730 739 
1939 734 720 735 
1940 802 803 865 
1941 678 687 688 
1942 865 866 939 
1943 626 625 627 
1944 714 703 720 
1945 807 806 923 
1946 752 751 753 
1947 786 785 787 
1948 745 867 949 
1949 651 650 652 
1950 750 713 751 
1951 739 740 868 
1952 830 828 848 
1953 776 775 777 
1954 937 924 938 
1955 944 855 945 
1956 801 705 1038 
1957 661 662 663 
1958 712 687 723 
1959 615 613 616 
1960 611 610 689 
1961 681 715 716 
1962 753 804 870 
1963 573 575 576 
1964 868 964 965 
1965 632 631 690 
1966 59 58 784 
1967 645 644 676 
1968 716 728 729 
1969 609 608 610 
1970 843 902 928 
1971 794 792 929 
1972 653 652 654 
1973 636 634 647 
1974 825 741 951 
1975 51 50 774 
1976 834 832 918 
1977 772 770 1023 
1978 655 654 656 
1979 734 735 1017 
1980 57 56 857 
1981 889 888 970 
1982 747 746 761 
1983 742 741 825 
1984 911 920 921 
1985 1046 817 1047 
1986 665 666 668 
1987 798 796 934 
1988 619 617 680 
1989 669 671 675 
1990 812 814 817 
1991 688 687 712 
1992 893 891 896 
1993 731 723 766 
1994 845 931 1078 
1995 55 54 782 
1996 690 631 705 
1997 802 865 901 
1998 816 841 863 
1999 804 751 1036 
2000 663 664 665 
2001 628 627 1038 
2002 582 580 583 
2003 712 723 731 
2004 663 665 679 
2005 576 578 579 
2006 589 588 592 
2007 596 595 685 
2008 725 711 1085 
2009 809 926 971 
2010 818 819 974 
2011 745 728 805 
2012 877 911 1032 
2013 631 628 1038 
2014 718 705 732 
2015 837 838 917 
2016 653 655 657 
2017 702 961 1222 
2018 898 895 943 
2019 783 858 859 
2020 860 800 862 
2021 962 849 966 
2022 731 766 820 
2023 823 824 851 
2024 579 580 581 
2025 231 545 1094 
2026 761 746 956 
2027 685 595 692 
2028 593 592 595 
2029 1019 1071 1098 
2030 990 652 1220 
2031 721 737 818 
2032 625 623 683 
2033 552 975 1246 
2034 610 608 693 
2035 656 659 667 
2036 735 720 736 
2037 825 951 952 
2038 604 602 646 
2039 581 582 584 
2040 739 868 869 
2041 590 583 591 
2042 718 732 741 
2043 600 598 700 
2044 972 787 973 
2045 530 571 709 
2046 633 686 1176 
2047 735 736 806 
2048 681 591 682 
2049 721 722 737 
2050 530 61 570 
2051 715 682 717 
2052 642 640 684 
2053 676 644 701 
2054 657 695 696 
2055 719 692 724 
2056 762 761 1063 
2057 678 676 687 
2058 696 697 703 
2059 769 992 1215 
2060 899 1031 1127 
2061 974 819 975 
2062 761 956 957 
2063 564 230 1094 
2064 649 650 651 
2065 806 736 914 
2066 577 648 649 
2067 690 705 718 
2068 569 1110 1123 
2069 949 867 968 
2070 1097 871 1129 
2071 531 49 770 
2072 1106 543 1169 
2073 852 754 1041 
2074 1020 1194 1225 
2075 823 744 824 
2076 532 53 907 
2077 713 712 1036 
2078 533 63 876 
2079 850 777 872 
2080 851 824 996 
2081 719 724 746 
2082 840 915 1148 
2083 685 692 719 
2084 974 552 1153 
2085 791 793 1076 
2086 588 586 594 
2087 1102 567 1192 
2088 651 652 653 
2089 751 713 1036 
2090 776 777 778 
2091 653 654 655 
2092 754 753 1041 
2093 885 883 1035 
2094 703 697 721 
2095 911 921 1032 
2096 729 728 745 
2097 779 778 780 
2098 716 715 728 
2099 781 780 873 
2100 745 805 867 
2101 818 737 819 
2102 946 842 1148 
2103 786 787 849 
2104 975 819 1066 
2105 705 631 1038 
2106 827 829 1077 
2107 920 912 922 
2108 792 762 1042 
2109 581 580 582 
2110 696 695 697 
2111 828 826 1039 
2112 691 960 1230 
2113 883 1021 1035 
2114 790 1024 1184 
2115 579 578 580 
2116 930 839 1250 
2117 657 655 695 
2118 582 583 590 
2119 611 689 1043 
2120 575 574 577 
2121 573 572 574 
2122 745 949 1065 
2123 576 575 578 
2124 681 682 715 
2125 590 591 681 
2126 727 768 1085 
2127 571 570 572 
2128 649 651 704 
2129 1119 880 1227 
2130 979 993 994 
2131 911 910 912 
2132 613 611 1043 
2133 859 858 1025 
2134 1106 1169 1191 
2135 832 830 1053 
2136 796 794 1049 
2137 573 574 575 
2138 847 845 1078 
2139 571 572 573 
2140 738 812 1045 
2141 911 912 920 
2142 773 772 837 
2143 891 889 1058 
2144 1107 540 1167 
2145 577 649 1067 
2146 1019 695 1071 
2147 921 920 1022 
2148 1007 946 1213 
2149 712 731 1036 
2150 530 570 571 
2151 873 780 875 
2152 753 870 1041 
2153 895 893 1055 
2154 889 970 1058 
2155 1084 1139 1203 
2156 888 885 1035 
2157 979 748 993 
2158 732 802 1037 
2159 849 787 972 
2160 761 957 1063 
2161 951 741 1037 
2162 634 632 1060 
2163 632 690 1060 
2164 598 596 1061 
2165 777 775 1084 
2166 596 685 1061 
2167 850 872 960 
2168 771 770 772 
2169 851 964 1237 
2170 711 727 1085 
2171 768 845 847 
2172 766 809 1044 
2173 814 816 1062 
2174 773 837 916 
2175 616 613 1043 
2176 848 828 1039 
2177 1079 938 1080 
2178 741 732 1037 
2179 1047 817 1062 
2180 1018 890 1165 
2181 744 729 1065 
2182 848 1039 1040 
2183 929 792 1042 
2184 896 1059 1096 
2185 873 875 932 
2186 778 777 850 
2187 1042 762 1063 
2188 830 848 1053 
2189 820 766 1044 
2190 841 843 1064 
2191 1142 1003 1164 
2192 900 1034 1115 
2193 877 910 911 
2194 720 703 1048 
2195 955 804 1089 
2196 918 832 1053 
2197 802 901 1037 
2198 934 796 1049 
2199 737 738 1070 
2200 794 929 1049 
2201 877 876 910 
2202 724 739 1054 
2203 771 772 773 
2204 812 817 1045 
2205 843 928 1064 
2206 721 818 1048 
2207 809 971 1044 
2208 647 634 1060 
2209 896 891 1058 
2210 729 745 1065 
2211 934 1049 1050 
2212 925 856 1147 
2213 1056 235 1144 
2214 893 896 1055 
2215 956 746 1054 
2216 587 694 1182 
2217 531 770 771 
2218 927 897 1180 
2219 703 721 1048 
2220 816 863 1062 
2221 1045 817 1046 
2222 817 814 1062 
2223 943 895 1055 
2224 656 667 1071 
2225 746 724 1054 
2226 863 841 1064 
2227 954 938 1079 
2228 533 876 877 
2229 757 966 1220 
2230 573 576 1073 
2231 655 656 1071 
2232 736 720 1048 
2233 1066 819 1070 
2234 804 1036 1089 
2235 955 549 1211 
2236 738 1045 1070 
2237 739 869 1054 
2238 768 847 1085 
2239 723 687 1075 
2240 700 598 1061 
2241 805 728 1072 
2242 824 744 1065 
2243 795 797 1091 
2244 602 600 1087 
2245 546 261 1090 
2246 904 958 1083 
2247 715 717 1072 
2248 259 1083 1205 
2249 945 855 1095 
2250 1036 731 1089 
2251 649 704 1067 
2252 1033 578 1074 
2253 636 647 1092 
2254 819 737 1070 
2255 837 917 1068 
2256 686 986 1212 
2257 872 777 1084 
2258 1026 936 1235 
2259 42 563 1090 
2260 971 926 1088 
2261 653 657 1081 
2262 676 701 1075 
2263 590 1015 1097 
2264 709 571 1073 
2265 695 655 1071 
2266 629 630 1176 
2267 687 676 1075 
2268 646 602 1087 
2269 547 277 1100 
2270 552 269 1104 
2271 548 229 1105 
2272 550 237 1102 
2273 549 253 1101 
2274 551 285 1103 
2275 976 846 1215 
2276 972 708 1158 
2277 263 543 1106 
2278 255 540 1107 
2279 239 538 1108 
2280 279 544 1109 
2281 271 542 1110 
2282 600 700 1087 
2283 228 548 1118 
2284 544 280 1120 
2285 638 636 1092 
2286 916 837 1068 
2287 252 549 1116 
2288 728 715 1072 
2289 1072 1235 1239 
2290 46 562 1100 
2291 40 566 1101 
2292 36 567 1102 
2293 44 569 1104 
2294 48 568 1103 
2295 34 564 1105 
2296 563 262 1106 
2297 566 254 1107 
2298 562 278 1109 
2299 567 238 1108 
2300 569 270 1110 
2301 571 573 1073 
2302 575 577 1074 
2303 864 919 1139 
2304 1073 790 1124 
2305 541 1088 1238 
2306 1040 243 1241 
2307 577 1067 1074 
2308 731 820 1089 
2309 736 1048 1112 
2310 578 575 1074 
2311 1048 818 1112 
2312 536 776 1099 
2313 559 971 1210 
2314 899 1000 1231 
2315 651 653 1081 
2316 1072 717 1235 
2317 47 556 1121 
2318 554 226 1119 
2319 684 640 1111 
2320 559 250 1117 
2321 855 853 1095 
2322 261 42 1090 
2323 955 1089 1125 
2324 1055 896 1096 
2325 704 651 1081 
2326 1057 1056 1144 
2327 582 590 1097 
2328 806 914 1123 
2329 604 646 1114 
2330 1031 627 1127 
2331 1039 826 1126 
2332 780 778 1082 
2333 1034 592 1115 
2334 778 850 1082 
2335 584 582 1097 
2336 875 780 1082 
2337 1065 949 1113 
2338 785 788 1149 
2339 818 974 1112 
2340 825 952 1126 
2341 627 625 1127 
2342 776 779 1099 
2343 1024 585 1182 
2344 693 608 1128 
2345 592 588 1115 
2346 640 638 1111 
2347 969 691 1230 
2348 277 46 1100 
2349 229 34 1105 
2350 253 40 1101 
2351 237 36 1102 
2352 269 44 1104 
2353 285 48 1103 
2354 262 263 1106 
2355 254 255 1107 
2356 238 239 1108 
2357 270 271 1110 
2358 278 279 1109 
2359 1108 538 1171 
2360 280 281 1120 
2361 227 228 1118 
2362 251 252 1116 
2363 824 1065 1113 
2364 281 47 1121 
2365 226 227 1119 
2366 675 671 1130 
2367 250 251 1117 
2368 811 1019 1098 
2369 667 659 1131 
2370 1096 1059 1249 
2371 606 604 1114 
2372 833 835 1122 
2373 594 586 1129 
2374 539 1050 1232 
2375 648 574 1156 
2376 787 785 1149 
2377 1089 820 1125 
2378 1139 1084 1208 
2379 1194 1030 1225 
2380 638 1092 1111 
2381 740 900 1221 
2382 701 644 1135 
2383 914 736 1112 
2384 953 908 1219 
2385 867 805 1154 
2386 663 679 1140 
2387 283 284 1138 
2388 650 757 1220 
2389 1147 856 1188 
2390 642 684 1135 
2391 996 824 1113 
2392 1004 925 1163 
2393 923 806 1123 
2394 866 899 1231 
2395 610 693 1142 
2396 588 594 1115 
2397 247 541 1151 
2398 552 1104 1153 
2399 49 64 1245 
2400 868 965 1146 
2401 826 825 1126 
2402 565 246 1151 
2403 608 606 1128 
2404 1028 977 1248 
2405 924 923 1172 
2406 584 1097 1129 
2407 847 984 1206 
2408 821 861 1133 
2409 625 683 1127 
2410 680 617 1160 
2411 921 1022 1152 
2412 680 1011 1173 
2413 709 1073 1124 
2414 235 236 1144 
2415 886 1018 1155 
2416 586 584 1129 
2417 606 1114 1128 
2418 919 1069 1226 
2419 542 1080 1172 
2420 659 661 1131 
2421 784 786 1193 
2422 1080 938 1172 
2423 540 256 1177 
2424 668 669 1187 
2425 958 905 1217 
2426 1123 1110 1233 
2427 679 665 1162 
2428 1012 1005 1136 
2429 671 673 1130 
2430 1022 760 1152 
2431 1023 533 1214 
2432 1053 848 1157 
2433 946 1162 1213 
2434 770 49 1245 
2435 975 1066 1199 
2436 619 680 1173 
2437 62 530 1183 
2438 878 860 1174 
2439 1021 1105 1228 
2440 989 933 1244 
2441 1120 281 1121 
2442 227 1118 1119 
2443 849 972 1158 
2444 945 1095 1177 
2445 822 950 1141 
2446 274 275 1166 
2447 644 642 1135 
2448 251 1116 1117 
2449 931 933 1242 
2450 683 623 1179 
2451 1046 1047 1137 
2452 1069 764 1226 
2453 236 550 1144 
2454 850 960 1161 
2455 289 33 1175 
2456 1095 853 1167 
2457 557 266 1199 
2458 901 865 1192 
2459 888 1035 1178 
2460 268 552 1246 
2461 620 622 1145 
2462 244 553 1241 
2463 1020 1033 1194 
2464 558 258 1205 
2465 287 539 1232 
2466 556 282 1209 
2467 689 610 1142 
2468 775 774 1208 
2469 661 663 1140 
2470 241 37 1186 
2471 39 559 1210 
2472 1005 1004 1163 
2473 265 43 1189 
2474 1045 1046 1170 
2475 1195 686 1212 
2476 568 286 1232 
2477 240 241 1190 
2478 1163 925 1200 
2479 533 877 1214 
2480 956 1054 1134 
2481 41 558 1223 
2482 1131 661 1140 
2483 45 561 1247 
2484 774 864 1208 
2485 35 560 1249 
2486 1063 957 1138 
2487 906 1008 1147 
2488 1121 556 1134 
2489 1080 273 1247 
2490 760 980 1152 
2491 1054 869 1134 
2492 852 1041 1143 
2493 928 902 1218 
2494 842 840 1148 
2495 1050 568 1232 
2496 873 932 1195 
2497 1021 881 1201 
2498 1126 952 1186 
2499 543 1047 1169 
2500 540 1095 1167 
2501 562 1109 1132 
2502 882 884 1164 
2503 1147 1008 1200 
2504 856 944 1188 
2505 698 995 1168 
2506 548 1021 1201 
2507 1052 289 1175 
2508 884 886 1150 
2509 1083 958 1205 
2510 1066 1070 1170 
2511 869 868 1146 
2512 1155 1018 1160 
2513 1066 557 1199 
2514 1139 765 1203 
2515 912 1124 1184 
2516 904 1083 1218 
2517 1095 540 1177 
2518 765 969 1203 
2519 973 787 1149 
2520 880 878 1227 
2521 246 247 1151 
2522 951 1037 1171 
2523 1044 559 1207 
2524 1088 926 1238 
2525 1043 689 1150 
2526 708 990 1158 
2527 566 1107 1143 
2528 975 1199 1246 
2529 852 1143 1167 
2530 1083 546 1218 
2531 561 1079 1247 
2532 557 1066 1170 
2533 544 1120 1146 
2534 890 892 1165 
2535 859 1025 1224 
2536 1047 1062 1169 
2537 561 274 1166 
2538 976 859 1244 
2539 1032 838 1214 
2540 945 1177 1223 
2541 1150 689 1164 
2542 560 1096 1249 
2543 1094 970 1178 
2544 906 1147 1188 
2545 572 570 1159 
2546 875 1168 1197 
2547 805 1072 1239 
2548 864 1139 1208 
2549 1079 1080 1247 
2550 554 1174 1175 
2551 1156 572 1159 
2552 967 1156 1159 
2553 617 616 1160 
2554 880 1118 1201 
2555 848 1040 1157 
2556 555 1126 1186 
2557 966 849 1158 
2558 574 572 1156 
2559 1050 1049 1243 
2560 568 1050 1243 
2561 630 633 1176 
2562 1008 1187 1200 
2563 616 1043 1155 
2564 978 1149 1248 
2565 665 668 1162 
2566 564 1094 1178 
2567 33 554 1175 
2568 853 852 1167 
2569 1101 566 1181 
2570 1000 899 1236 
2571 616 1155 1160 
2572 884 1150 1164 
2573 699 991 1242 
2574 897 1000 1180 
2575 1043 1150 1155 
2576 875 1082 1168 
2577 938 924 1172 
2578 1046 1137 1189 
2579 533 1023 1245 
2580 933 976 1244 
2581 995 629 1197 
2582 585 587 1182 
2583 675 1163 1200 
2584 1143 1041 1181 
2585 1137 265 1189 
2586 1085 847 1206 
2587 566 1143 1181 
2588 256 257 1177 
2589 64 533 1245 
2590 621 619 1173 
2591 675 1130 1163 
2592 1112 974 1153 
2593 1125 820 1207 
2594 1130 1005 1163 
2595 1070 1045 1170 
2596 553 1157 1241 
2597 682 733 1251 
2598 860 862 1174 
2599 37 555 1186 
2600 923 1123 1233 
2601 1141 950 1202 
2602 1026 717 1251 
2603 1082 850 1161 
2604 43 557 1189 
2605 538 240 1190 
2606 1062 863 1169 
2607 1035 1021 1228 
2608 1037 901 1171 
2609 970 888 1178 
2610 914 1112 1153 
2611 530 709 1183 
2612 623 621 1179 
2613 1150 886 1155 
2614 1203 969 1230 
2615 905 906 1188 
2616 922 912 1184 
2617 838 1023 1214 
2618 1168 995 1197 
2619 1123 914 1234 
2620 786 962 1193 
2621 621 1173 1179 
2622 1067 1030 1194 
2623 1169 863 1191 
2624 559 1117 1207 
2625 1041 870 1181 
2626 788 537 1216 
2627 669 675 1187 
2628 992 534 1198 
2629 1149 788 1248 
2630 870 955 1211 
2631 900 1115 1202 
2632 563 1106 1191 
2633 899 1127 1236 
2634 782 913 1198 
2635 1074 1067 1194 
2636 1178 1035 1228 
2637 986 988 1212 
2638 857 1028 1216 
2639 1032 921 1185 
2640 764 765 1226 
2641 865 939 1192 
2642 881 880 1201 
2643 266 267 1199 
2644 977 978 1248 
2645 950 823 1237 
2646 921 1152 1185 
2647 988 989 1224 
2648 1008 1007 1213 
2649 1057 1144 1229 
2650 725 1206 1250 
2651 874 873 1195 
2652 1172 923 1233 
2653 689 1142 1164 
2654 846 769 1215 
2655 1138 957 1209 
2656 823 851 1237 
2657 971 1088 1210 
2658 258 259 1205 
2659 733 1020 1225 
2660 863 1064 1191 
2661 878 1174 1227 
2662 1115 594 1202 
2663 908 1026 1219 
2664 282 283 1209 
2665 249 39 1210 
2666 932 875 1197 
2667 1101 1181 1211 
2668 725 1085 1206 
2669 569 1123 1234 
2670 964 740 1221 
2671 594 1141 1202 
2672 877 1032 1214 
2673 257 41 1223 
2674 1088 249 1210 
2675 283 1138 1209 
2676 1084 775 1208 
2677 652 650 1220 
2678 1030 953 1225 
2679 1127 683 1236 
2680 936 937 1235 
2681 1124 790 1184 
2682 1082 1161 1168 
2683 1033 1074 1194 
2684 1177 257 1223 
2685 940 1057 1229 
2686 1009 725 1250 
2687 286 287 1232 
2688 940 866 1231 
2689 902 904 1218 
2690 1235 937 1239 
2691 937 954 1239 
2692 820 1044 1207 
2693 243 244 1241 
2694 267 268 1246 
2695 273 45 1247 
2696 233 35 1249 
2697 717 682 1251 
2698 1023 770 1245 
2699 1118 548 1201 
2700 1161 698 1168 
2701 872 1203 1230 
2702 872 1084 1203 
2703 549 1101 1211 
2704 1157 1040 1241 
2705 926 947 1238 
2706 1199 267 1246 
2707 960 872 1230 
2708 1181 870 1211 
2709 1185 1152 1204 
2710 683 1180 1236 
2711 1134 869 1240 
2712 733 1219 1251 
2713 1162 668 1213 
2714 1153 1104 1234 
2715 925 1147 1200 
2716 1105 564 1228 
2717 1144 550 1229 
2718 554 1119 1227 
2719 1049 929 1243 
2720 1110 542 1233 
2721 869 1146 1240 
2722 1121 1134 1240 
2723 1104 569 1234 
2724 564 1178 1228 
2725 1120 1121 1240 
2726 1152 980 1204 
2727 1146 1120 1240 
2728 1180 1000 1236 
2729 874 1195 1212 
2730 1174 554 1227 
2731 542 1172 1233 
2732 914 1153 1234 
2733 1139 919 1226 
2734 1187 675 1200 
2735 1221 950 1237 
2736 917 1185 1204 
2737 765 1139 1226 
2738 859 1224 1244 
2739 964 1221 1237 
2740 1224 989 1244 
2741 1219 1026 1251 
2 9 2 64
2742 1254 1256 1266 
2743 1264 1254 1266 
2744 1256 1254 1268 
2745 1252 1260 1261 
2746 1260 1257 1261 
2747 63 64 1257 
2748 59 60 1256 
2749 57 58 1254 
2750 51 52 1259 
2751 53 54 1253 
2752 55 56 1258 
2753 61 62 1252 
2754 49 50 1255 
2755 1254 1264 1275 
2756 1261 1263 1264 
2757 1252 1261 1266 
2758 1252 1266 1269 
2759 1258 1265 1267 
2760 1265 1253 1267 
2761 1261 1257 1262 
2762 1266 1256 1269 
2763 1264 1263 1265 
2764 1261 1262 1263 
2765 60 61 1269 
2766 59 1256 1268 
2767 63 1257 1260 
2768 1254 58 1268 
2769 62 63 1260 
2770 1252 62 1260 
2771 64 49 1270 
2772 52 53 1272 
2773 1259 52 1272 
2774 55 1258 1267 
2775 56 57 1273 
2776 50 51 1271 
2777 1255 50 1271 
2778 51 1259 1271 
2779 54 55 1267 
2780 1253 54 1267 
2781 57 1254 1273 
2782 61 1252 1269 
2783 58 59 1268 
2784 49 1255 1270 
2785 1258 56 1273 
2786 1256 60 1269 
2787 1257 64 1270 
2788 53 1253 1272 
2789 1261 1264 1266 
2790 1263 1262 1276 
2791 1265 1258 1275 
2792 1264 1265 1275 
2793 1262 1257 1270 
2794 1255 1262 1270 
2795 1274 1263 1276 
2796 1259 1274 1276 
2797 1262 1255 1276 
2798 1253 1265 1274 
2799 1265 1263 1274 
2800 1272 1253 1274 
2801 1259 1272 1274 
2802 1258 1273 1275 
2803 1273 1254 1275 
2804 1255 1271 1276 
2805 1271 1259 1276 
$EndElements
