$MeshFormat
4.1 0 8
$EndMeshFormat
$PhysicalNames
20
0 1001 "e1"
0 1002 "e2"
0 1003 "e3"
0 1004 "e4"
0 1005 "e5"
0 1006 "e6"
0 1007 "e7"
0 1008 "e8"
0 1009 "e9"
0 1010 "e10"
0 1011 "e11"
0 1012 "e12"
0 1013 "e13"
0 1014 "e14"
0 1015 "e15"
0 1016 "e16"
2 201 "Skin"
2 202 "Fat"
2 203 "Muscle"
2 204 "Bone"
$EndPhysicalNames
$Entities
65 64 4 0
1 0.0704351640336686 0.02917520021071917 0 1 1001 
2 0.05390874066320485 0.05390874066320484 0 1 1002 
3 0.02917520021071918 0.0704351640336686 0 1 1003 
4 4.668260046133084e-18 0.07623847217635825 0 1 1004 
5 -0.02917520021071917 0.0704351640336686 0 1 1005 
6 -0.05390874066320484 0.05390874066320485 0 1 1006 
7 -0.0704351640336686 0.02917520021071918 0 1 1007 
8 -0.07623847217635825 9.336520092266167e-18 0 1 1008 
9 -0.0704351640336686 -0.02917520021071916 0 1 1009 
10 -0.05390874066320486 -0.05390874066320484 0 1 1010 
11 -0.02917520021071921 -0.07043516403366859 0 1 1011 
12 -1.400478013839925e-17 -0.07623847217635825 0 1 1012 
13 0.02917520021071919 -0.07043516403366859 0 1 1013 
14 0.05390874066320483 -0.05390874066320486 0 1 1014 
15 0.07043516403366859 -0.02917520021071922 0 1 1015 
16 0.07623847217635825 -1.867304018453233e-17 0 1 1016 
17 0.0680882408592141 0.0282030728020124 0 0 
18 0.05211248343141001 0.05211248343141 0 0 
19 0.0282030728020124 0.0680882408592141 0 0 
20 4.51271206329013e-18 0.07369818083764323 0 0 
21 -0.0282030728020124 0.0680882408592141 0 0 
22 -0.05211248343141 0.05211248343141001 0 0 
23 -0.0680882408592141 0.02820307280201241 0 0 
24 -0.07369818083764323 9.025424126580259e-18 0 0 
25 -0.06808824085921411 -0.02820307280201239 0 0 
26 -0.05211248343141001 -0.05211248343141 0 0 
27 -0.02820307280201244 -0.06808824085921408 0 0 
28 -1.353813618987039e-17 -0.07369818083764323 0 0 
29 0.02820307280201242 -0.0680882408592141 0 0 
30 0.05211248343140999 -0.05211248343141001 0 0 
31 0.06808824085921408 -0.02820307280201245 0 0 
32 0.07369818083764323 -1.805084825316052e-17 0 0 
33 0.05487499893624621 0.02272996879460235 0 0 
34 0.04199950588790671 0.0419995058879067 0 0 
35 0.02272996879460235 0.05487499893624621 0 0 
36 3.636972648253107e-18 0.05939627083964632 0 0 
37 -0.02272996879460234 0.05487499893624621 0 0 
38 -0.0419995058879067 0.04199950588790671 0 0 
39 -0.05487499893624621 0.02272996879460235 0 0 
40 -0.05939627083964632 7.273945296506214e-18 0 0 
41 -0.05487499893624622 -0.02272996879460234 0 0 
42 -0.04199950588790671 -0.0419995058879067 0 0 
43 -0.02272996879460238 -0.0548749989362462 0 0 
44 -1.091091794475932e-17 -0.05939627083964632 0 0 
45 0.02272996879460236 -0.05487499893624621 0 0 
46 0.04199950588790669 -0.04199950588790671 0 0 
47 0.0548749989362462 -0.02272996879460238 0 0 
48 0.05939627083964632 -1.454789059301243e-17 0 0 
49 0.009159341837586809 0.003793923611539763 0 0 
50 0.007010256745225777 0.007010256745225776 0 0 
51 0.003793923611539763 0.009159341837586809 0 0 
52 6.070574284293979e-19 0.009914000164815764 0 0 
53 -0.003793923611539762 0.009159341837586809 0 0 
54 -0.007010256745225776 0.007010256745225777 0 0 
55 -0.009159341837586809 0.003793923611539764 0 0 
56 -0.009914000164815764 1.214114856858796e-18 0 0 
57 -0.009159341837586809 -0.003793923611539761 0 0 
58 -0.007010256745225778 -0.007010256745225776 0 0 
59 -0.003793923611539768 -0.009159341837586805 0 0 
60 -1.821172285288194e-18 -0.009914000164815764 0 0 
61 0.003793923611539765 -0.009159341837586807 0 0 
62 0.007010256745225775 -0.007010256745225778 0 0 
63 0.009159341837586805 -0.003793923611539769 0 0 
64 0.009914000164815764 -2.428229713717591e-18 0 0 
1000 0 0 0 0 
1 0.05390874066320485 0.02917520021071917 0 0.0704351640336686 0.05390874066320485 0 0 2 1 -2 
2 0.02917520021071918 0.05390874066320484 0 0.05390874066320485 0.0704351640336686 0 0 2 2 -3 
3 -1.040834085586084e-17 0.0704351640336686 0 0.0291752002107192 0.07623847217635828 0 0 2 3 -4 
4 -0.02917520021071917 0.0704351640336686 0 5.204170427930421e-18 0.07623847217635825 0 0 2 4 -5 
5 -0.05390874066320485 0.05390874066320485 0 -0.02917520021071917 0.0704351640336686 0 0 2 5 -6 
6 -0.0704351640336686 0.02917520021071918 0 -0.05390874066320484 0.05390874066320485 0 0 2 6 -7 
7 -0.07623847217635828 -3.469446951953614e-18 0 -0.0704351640336686 0.0291752002107192 0 0 2 7 -8 
8 -0.07623847217635825 -0.02917520021071916 0 -0.0704351640336686 8.673617379884035e-18 0 0 2 8 -9 
9 -0.0704351640336686 -0.05390874066320484 0 -0.05390874066320485 -0.02917520021071916 0 0 2 9 -10 
10 -0.05390874066320484 -0.07043516403366856 0 -0.02917520021071921 -0.05390874066320481 0 0 2 10 -11 
11 -0.0291752002107192 -0.07623847217635822 0 0 -0.07043516403366856 0 0 2 11 -12 
12 -1.387778780781446e-17 -0.07623847217635825 0 0.02917520021071919 -0.07043516403366859 0 0 2 12 -13 
13 0.02917520021071918 -0.07043516403366858 0 0.05390874066320482 -0.05390874066320484 0 0 2 13 -14 
14 0.05390874066320482 -0.05390874066320485 0 0.07043516403366858 -0.02917520021071921 0 0 2 14 -15 
15 0.07043516403366856 -0.0291752002107192 0 0.07623847217635822 -1.387778780781446e-17 0 0 2 15 -16 
16 0.0704351640336686 -1.908195823574488e-17 0 0.07623847217635825 0.02917520021071917 0 0 2 16 -1 
17 0.05211248343140999 0.0282030728020124 0 0.06808824085921408 0.05211248343140999 0 0 2 17 -18 
18 0.0282030728020124 0.05211248343141 0 0.05211248343141001 0.0680882408592141 0 0 2 18 -19 
19 -1.040834085586084e-17 0.06808824085921408 0 0.02820307280201242 0.07369818083764322 0 0 2 19 -20 
20 -0.0282030728020124 0.0680882408592141 0 5.204170427930421e-18 0.07369818083764323 0 0 2 20 -21 
21 -0.05211248343140999 0.05211248343140999 0 -0.02820307280201239 0.06808824085921408 0 0 2 21 -22 
22 -0.0680882408592141 0.0282030728020124 0 -0.05211248343141 0.05211248343141001 0 0 2 22 -23 
23 -0.07369818083764323 -6.938893903907228e-18 0 -0.0680882408592141 0.02820307280201242 0 0 2 23 -24 
24 -0.07369818083764323 -0.02820307280201239 0 -0.0680882408592141 8.673617379884035e-18 0 0 2 24 -25 
25 -0.06808824085921412 -0.05211248343141001 0 -0.05211248343141002 -0.0282030728020124 0 0 2 25 -26 
26 -0.05211248343141001 -0.0680882408592141 0 -0.02820307280201245 -0.05211248343141001 0 0 2 26 -27 
27 -0.02820307280201243 -0.07369818083764321 0 -6.938893903907228e-18 -0.06808824085921407 0 0 2 27 -28 
28 -1.387778780781446e-17 -0.07369818083764323 0 0.02820307280201241 -0.0680882408592141 0 0 2 28 -29 
29 0.02820307280201242 -0.0680882408592141 0 0.05211248343141001 -0.05211248343141002 0 0 2 29 -30 
30 0.05211248343140999 -0.05211248343141001 0 0.06808824085921408 -0.02820307280201245 0 0 2 30 -31 
31 0.06808824085921408 -0.02820307280201245 0 0.07369818083764322 -1.040834085586084e-17 0 0 2 31 -32 
32 0.0680882408592141 -1.734723475976807e-17 0 0.07369818083764323 0.0282030728020124 0 0 2 32 -17 
33 0.04199950588790669 0.02272996879460234 0 0.0548749989362462 0.0419995058879067 0 0 2 33 -34 
34 0.02272996879460235 0.04199950588790669 0 0.0419995058879067 0.0548749989362462 0 0 2 34 -35 
35 0 0.0548749989362462 0 0.02272996879460235 0.05939627083964631 0 0 2 35 -36 
36 -0.02272996879460234 0.0548749989362462 0 3.469446951953614e-18 0.0593962708396463 0 0 2 36 -37 
37 -0.04199950588790667 0.04199950588790674 0 -0.02272996879460233 0.05487499893624623 0 0 2 37 -38 
38 -0.0548749989362462 0.02272996879460235 0 -0.04199950588790669 0.0419995058879067 0 0 2 38 -39 
39 -0.05939627083964631 3.469446951953614e-18 0 -0.05487499893624621 0.02272996879460235 0 0 2 39 -40 
40 -0.0593962708396463 -0.02272996879460234 0 -0.0548749989362462 6.938893903907228e-18 0 0 2 40 -41 
41 -0.05487499893624621 -0.0419995058879067 0 -0.0419995058879067 -0.02272996879460232 0 0 2 41 -42 
42 -0.04199950588790672 -0.0548749989362462 0 -0.02272996879460238 -0.0419995058879067 0 0 2 42 -43 
43 -0.02272996879460237 -0.0593962708396463 0 3.469446951953614e-18 -0.05487499893624619 0 0 2 43 -44 
44 -1.040834085586084e-17 -0.0593962708396463 0 0.02272996879460236 -0.05487499893624619 0 0 2 44 -45 
45 0.02272996879460235 -0.05487499893624619 0 0.04199950588790669 -0.0419995058879067 0 0 2 45 -46 
46 0.04199950588790668 -0.04199950588790671 0 0.05487499893624619 -0.02272996879460237 0 0 2 46 -47 
47 0.05487499893624619 -0.02272996879460238 0 0.0593962708396463 0 0 0 2 47 -48 
48 0.0548749989362462 -1.387778780781446e-17 0 0.0593962708396463 0.02272996879460235 0 0 2 48 -33 
49 0.00701025674522578 0.003793923611539764 0 0.00915934183758681 0.007010256745225778 0 0 2 49 -50 
50 0.003793923611539763 0.007010256745225776 0 0.007010256745225777 0.009159341837586809 0 0 2 50 -51 
51 -1.734723475976807e-18 0.009159341837586807 0 0.003793923611539765 0.009914000164815764 0 0 2 51 -52 
52 -0.003793923611539762 0.009159341837586809 0 6.505213034913027e-19 0.009914000164815764 0 0 2 52 -53 
53 -0.007010256745225778 0.00701025674522578 0 -0.003793923611539763 0.00915934183758681 0 0 2 53 -54 
54 -0.009159341837586809 0.003793923611539763 0 -0.007010256745225776 0.007010256745225777 0 0 2 54 -55 
55 -0.009914000164815764 -1.301042606982605e-18 0 -0.009159341837586807 0.003793923611539765 0 0 2 55 -56 
56 -0.009914000164815764 -0.003793923611539761 0 -0.009159341837586809 1.301042606982605e-18 0 0 2 56 -57 
57 -0.009159341837586809 -0.007010256745225776 0 -0.007010256745225778 -0.003793923611539761 0 0 2 57 -58 
58 -0.007010256745225778 -0.009159341837586807 0 -0.003793923611539768 -0.007010256745225776 0 0 2 58 -59 
59 -0.003793923611539769 -0.009914000164815764 0 -8.673617379884035e-19 -0.009159341837586807 0 0 2 59 -60 
60 -1.734723475976807e-18 -0.009914000164815764 0 0.003793923611539765 -0.009159341837586807 0 0 2 60 -61 
61 0.003793923611539766 -0.009159341837586809 0 0.007010256745225776 -0.007010256745225779 0 0 2 61 -62 
62 0.007010256745225775 -0.00701025674522578 0 0.009159341837586807 -0.003793923611539771 0 0 2 62 -63 
63 0.009159341837586805 -0.003793923611539769 0 0.009914000164815763 -1.734723475976807e-18 0 0 2 63 -64 
64 0.009159341837586809 -2.38524477946811e-18 0 0.009914000164815764 0.003793923611539763 0 0 2 64 -49 
6 -0.07623847217635828 -0.07623847217635825 0 0.07623847217635825 0.07623847217635828 0 1 201 32 1 2 3 4 5 6 7 8 9 10 11 12 13 14 15 16 -32 -31 -30 -29 -28 -27 -26 -25 -24 -23 -22 -21 -20 -19 -18 -17 
7 -0.07369818083764323 -0.07369818083764323 0 0.07369818083764323 0.07369818083764323 0 1 202 32 17 18 19 20 21 22 23 24 25 26 27 28 29 30 31 32 -48 -47 -46 -45 -44 -43 -42 -41 -40 -39 -38 -37 -36 -35 -34 -33 
8 -0.05939627083964631 -0.05939627083964631 0 0.05939627083964631 0.05939627083964631 0 1 203 32 33 34 35 36 37 38 39 40 41 42 43 44 45 46 47 48 -64 -63 -62 -61 -60 -59 -58 -57 -56 -55 -54 -53 -52 -51 -50 -49 
9 -0.009914000164815764 -0.009914000164815764 0 0.009914000164815764 0.009914000164815764 0 1 204 16 49 50 51 52 53 54 55 56 57 58 59 60 61 62 63 64 
$EndEntities
$Nodes
116 1291 1 1292
0 1 0 1
1
0.0704351640336686 0.02917520021071917 0
0 2 0 1
2
0.05390874066320485 0.05390874066320484 0
0 3 0 1
3
0.02917520021071918 0.0704351640336686 0
0 4 0 1
4
4.668260046133084e-18 0.07623847217635825 0
0 5 0 1
5
-0.02917520021071917 0.0704351640336686 0
0 6 0 1
6
-0.05390874066320484 0.05390874066320485 0
0 7 0 1
7
-0.0704351640336686 0.02917520021071918 0
0 8 0 1
8
-0.07623847217635825 9.336520092266167e-18 0
0 9 0 1
9
-0.0704351640336686 -0.02917520021071916 0
0 10 0 1
10
-0.05390874066320486 -0.05390874066320484 0
0 11 0 1
11
-0.02917520021071921 -0.07043516403366859 0
0 12 0 1
12
-1.400478013839925e-17 -0.07623847217635825 0
0 13 0 1
13
0.02917520021071919 -0.07043516403366859 0
0 14 0 1
14
0.05390874066320483 -0.05390874066320486 0
0 15 0 1
15
0.07043516403366859 -0.02917520021071922 0
0 16 0 1
16
0.07623847217635825 -1.867304018453233e-17 0
0 17 0 1
17
0.0680882408592141 0.0282030728020124 0
0 18 0 1
18
0.05211248343141001 0.05211248343141 0
0 19 0 1
19
0.0282030728020124 0.0680882408592141 0
0 20 0 1
20
4.51271206329013e-18 0.07369818083764323 0
0 21 0 1
21
-0.0282030728020124 0.0680882408592141 0
0 22 0 1
22
-0.05211248343141 0.05211248343141001 0
0 23 0 1
23
-0.0680882408592141 0.02820307280201241 0
0 24 0 1
24
-0.07369818083764323 9.025424126580259e-18 0
0 25 0 1
25
-0.06808824085921411 -0.02820307280201239 0
0 26 0 1
26
-0.05211248343141001 -0.05211248343141 0
0 27 0 1
27
-0.02820307280201244 -0.06808824085921408 0
0 28 0 1
28
-1.353813618987039e-17 -0.07369818083764323 0
0 29 0 1
29
0.02820307280201242 -0.0680882408592141 0
0 30 0 1
30
0.05211248343140999 -0.05211248343141001 0
0 31 0 1
31
0.06808824085921408 -0.02820307280201245 0
0 32 0 1
32
0.07369818083764323 -1.805084825316052e-17 0
0 33 0 1
33
0.05487499893624621 0.02272996879460235 0
0 34 0 1
34
0.04199950588790671 0.0419995058879067 0
0 35 0 1
35
0.02272996879460235 0.05487499893624621 0
0 36 0 1
36
3.636972648253107e-18 0.05939627083964632 0
0 37 0 1
37
-0.02272996879460234 0.05487499893624621 0
0 38 0 1
38
-0.0419995058879067 0.04199950588790671 0
0 39 0 1
39
-0.05487499893624621 0.02272996879460235 0
0 40 0 1
40
-0.05939627083964632 7.273945296506214e-18 0
0 41 0 1
41
-0.05487499893624622 -0.02272996879460234 0
0 42 0 1
42
-0.04199950588790671 -0.0419995058879067 0
0 43 0 1
43
-0.02272996879460238 -0.0548749989362462 0
0 44 0 1
44
-1.091091794475932e-17 -0.05939627083964632 0
0 45 0 1
45
0.02272996879460236 -0.05487499893624621 0
0 46 0 1
46
0.04199950588790669 -0.04199950588790671 0
0 47 0 1
47
0.0548749989362462 -0.02272996879460238 0
0 48 0 1
48
0.05939627083964632 -1.454789059301243e-17 0
0 49 0 1
49
0.009159341837586809 0.003793923611539763 0
0 50 0 1
50
0.007010256745225777 0.007010256745225776 0
0 51 0 1
51
0.003793923611539763 0.009159341837586809 0
0 52 0 1
52
6.070574284293979e-19 0.009914000164815764 0
0 53 0 1
53
-0.003793923611539762 0.009159341837586809 0
0 54 0 1
54
-0.007010256745225776 0.007010256745225777 0
0 55 0 1
55
-0.009159341837586809 0.003793923611539764 0
0 56 0 1
56
-0.009914000164815764 1.214114856858796e-18 0
0 57 0 1
57
-0.009159341837586809 -0.003793923611539761 0
0 58 0 1
58
-0.007010256745225778 -0.007010256745225776 0
0 59 0 1
59
-0.003793923611539768 -0.009159341837586805 0
0 60 0 1
60
-1.821172285288194e-18 -0.009914000164815764 0
0 61 0 1
61
0.003793923611539765 -0.009159341837586807 0
0 62 0 1
62
0.007010256745225775 -0.007010256745225778 0
0 63 0 1
63
0.009159341837586805 -0.003793923611539769 0
0 64 0 1
64
0.009914000164815764 -2.428229713717591e-18 0
1 1 0 5
66
67
68
69
70
0.06837620754275273 0.03371941402005315 0
0.06602445363243738 0.03811923611935947 0
0.06338997288161509 0.04235582578410501 0
0.06048404654515271 0.04641104128662867 0
0.05731911823929341 0.05026751758397518 0
1 2 0 5
71
72
73
74
75
0.05026751757173159 0.05731911825003073 0
0.04641104125988559 0.06048404656567338 0
0.04235582573362435 0.06338997291534519 0
0.03811923607546937 0.06602445365777733 0
0.03371941400522088 0.06837620755006718 0
1 3 0 5
76
77
78
79
80
0.02450605371564328 0.07219250633598587 0
0.01973196854694574 0.07364070923781017 0
0.01487338805325247 0.07477357131769702 0
0.009951117453611231 0.07558624148090567 0
0.004986234644661299 0.07607523975547981 0
1 4 0 5
81
82
83
84
85
-0.004986234663375627 0.07607523975425318 0
-0.009951117503523958 0.07558624147433453 0
-0.01487338812790483 0.0747735713028477 0
-0.01973196859282946 0.07364070922551563 0
-0.02450605373717742 0.07219250632867599 0
1 5 0 5
86
87
88
89
90
-0.03371941401865087 0.06837620754344426 0
-0.03811923612322578 0.06602445363020515 0
-0.04235582578897269 0.06338997287836262 0
-0.04641104129373378 0.06048404653970078 0
-0.05026751757454545 0.05731911824756306 0
1 6 0 5
91
92
93
94
95
-0.05731911825079195 0.05026751757086361 0
-0.06048404657039074 0.04641104125373782 0
-0.06338997292376015 0.04235582572103046 0
-0.06602445366345946 0.0381192360656276 0
-0.06837620755333447 0.03371941399859549 0
1 7 0 5
96
97
98
99
100
-0.07219250633537017 0.02450605371745711 0
-0.07364070923514252 0.01973196855690153 0
-0.07477357131742583 0.01487338805461579 0
-0.07558624148137003 0.009951117450084351 0
-0.07607523975557763 0.004986234643168715 0
1 8 0 5
101
102
103
104
105
-0.07607523975425318 -0.004986234663375622 0
-0.07558624147433453 -0.009951117503523954 0
-0.0747735713028477 -0.01487338812790483 0
-0.07364070922551563 -0.01973196859282945 0
-0.07219250632867599 -0.02450605373717741 0
1 9 0 5
106
107
108
109
110
-0.06837620754248014 -0.03371941402060589 0
-0.06602445363087815 -0.0381192361220601 0
-0.06338997287662954 -0.04235582579156642 0
-0.06048404654246214 -0.0464110412901351 0
-0.05731911824673035 -0.05026751757549495 0
1 10 0 5
111
112
113
114
115
-0.05026751756424005 -0.05731911825660061 0
-0.04641104124705373 -0.0604840465755196 0
-0.04235582572621509 -0.06338997292029586 0
-0.0381192360641807 -0.06602445366429481 0
-0.03371941399799168 -0.06837620755363219 0
1 11 0 5
116
117
118
119
120
-0.02450605371492438 -0.07219250633622985 0
-0.01973196853598749 -0.07364070924074638 0
-0.01487338804555096 -0.07477357131922889 0
-0.009951117442471739 -0.0755862414823722 0
-0.00498623463368961 -0.07607523975619887 0
1 12 0 5
121
122
123
124
125
0.004986234660194809 -0.07607523975446165 0
0.009951117497696551 -0.07558624147510172 0
0.01487338812766968 -0.07477357130289447 0
0.01973196859869439 -0.07364070922394411 0
0.02450605374760506 -0.07219250632513628 0
1 13 0 5
126
127
128
129
130
0.03371941400788085 -0.06837620754875541 0
0.03811923610476875 -0.06602445364086131 0
0.04235582577741881 -0.06338997288608264 0
0.04641104128885685 -0.06048404654344294 0
0.05026751759282715 -0.05731911823153041 0
1 14 0 5
131
132
133
134
135
0.05731911825560843 -0.05026751756537141 0
0.06048404657767639 -0.04641104124424298 0
0.06338997293038681 -0.04235582571111294 0
0.0660244536662936 -0.03811923606071872 0
0.06837620756183163 -0.03371941398136492 0
1 15 0 5
136
137
138
139
140
0.07219250633601729 -0.02450605371555063 0
0.07364070923784947 -0.01973196854679882 0
0.07477357131775265 -0.01487338805297256 0
0.07558624148165446 -0.009951117447923419 0
0.07607523975614132 -0.004986234634567915 0
1 16 0 5
141
142
143
144
145
0.07607523975433612 0.004986234662109916 0
0.07558624147473884 0.009951117500452876 0
0.07477357130392832 0.0148733881224722 0
0.07364070922529296 0.01973196859366042 0
0.07219250632782925 0.02450605373967181 0
1 17 0 5
146
147
148
149
150
0.06609788948379358 0.03259587189455393 0
0.06382449679498885 0.0368490904588488 0
0.06127779781486779 0.04094451555139158 0
0.05846869791203374 0.04486460991972743 0
0.05540922608222312 0.04859258712753466 0
1 18 0 5
151
152
153
154
155
0.0485925870981593 0.05540922610798463 0
0.0448646098515754 0.05846869796432864 0
0.04094451546238513 0.06127779787434002 0
0.03684909038256155 0.06382449683903331 0
0.03259587185561644 0.06609788950299546 0
1 19 0 5
156
157
158
159
160
0.02368950383234718 0.06978702792751078 0
0.01907449277482158 0.07118697622572012 0
0.01437780180172635 0.07228209096400184 0
0.00961954289664646 0.07306768268692762 0
0.004820091641758548 0.07354038737552999 0
1 20 0 5
161
162
163
164
165
-0.00482009165876821 0.07354038737441514 0
-0.009619542945679382 0.07306768268047233 0
-0.01437780187169508 0.07228209095008421 0
-0.01907449281872873 0.07118697621395526 0
-0.02368950385449547 0.06978702791999247 0
1 21 0 5
166
167
168
169
170
-0.03259587188333647 0.06609788948932543 0
-0.03684909044468502 0.06382449680316631 0
-0.04094451553932249 0.06127779782293209 0
-0.0448646099132253 0.058468697917023 0
-0.04859258712612015 0.05540922608346361 0
1 22 0 5
171
172
173
174
175
-0.05540922610798463 0.0485925870981593 0
-0.05846869796432864 0.0448646098515754 0
-0.06127779787434002 0.04094451546238513 0
-0.06382449683903331 0.03684909038256155 0
-0.06609788950299546 0.03259587185561644 0
1 23 0 5
176
177
178
179
180
-0.06978702792809623 0.02368950383062257 0
-0.07118697622592814 0.01907449277404529 0
-0.07228209096419277 0.01437780180076657 0
-0.07306768268679761 0.009619542897633938 0
-0.07354038737564915 0.004820091639940845 0
1 24 0 5
181
182
183
184
185
-0.0735403873744668 -0.004820091657979975 0
-0.07306768268052929 -0.009619542945246563 0
-0.0722820909506026 -0.01437780186908895 0
-0.07118697621424926 -0.01907449281763146 0
-0.06978702792138258 -0.02368950385040031 0
1 25 0 5
186
187
188
189
190
-0.06609788949389299 -0.03259587187407446 0
-0.06382449681086344 -0.03684909043135325 0
-0.06127779784667094 -0.04094451550379487 0
-0.05846869793919037 -0.04486460988433626 0
-0.0554092261041005 -0.04859258710258835 0
1 26 0 5
191
192
193
194
195
-0.04859258709608807 -0.05540922610980107 0
-0.04486460985553616 -0.05846869796128946 0
-0.04094451547659866 -0.06127779786484285 0
-0.03684909040319288 -0.06382449682712182 0
-0.03259587185778074 -0.06609788950192814 0
1 27 0 5
196
197
198
199
200
-0.02368950382498376 -0.06978702793001033 0
-0.01907449276101669 -0.07118697622941914 0
-0.01437780179737316 -0.07228209096486773 0
-0.009619542895623293 -0.0730676826870623 0
-0.004820091633605729 -0.07354038737606436 0
1 28 0 5
201
202
203
204
205
0.004820091655935805 -0.07354038737460078 0
0.009619542942098795 -0.07306768268094371 0
0.0143778018710921 -0.07228209095020414 0
0.01907449281973823 -0.07118697621368475 0
0.02368950386007301 -0.06978702791809915 0
1 29 0 5
206
207
208
209
210
0.03259587188165661 -0.06609788949015387 0
0.03684909044697985 -0.06382449680184141 0
0.04094451553288762 -0.06127779782723176 0
0.04486460989649876 -0.05846869792985775 0
0.04859258712372273 -0.05540922608556612 0
1 30 0 5
211
212
213
214
215
0.05540922609933914 -0.04859258710801759 0
0.05846869795630558 -0.04486460986203126 0
0.0612777978682242 -0.04094451547153809 0
0.06382449682966775 -0.03684909039878318 0
0.06609788949956383 -0.03259587186257511 0
1 31 0 5
216
217
218
219
220
0.06978702793208302 -0.02368950381887784 0
0.07118697622866631 -0.01907449276382627 0
0.0722820909659055 -0.01437780179215605 0
0.07306768268814227 -0.009619542887420313 0
0.07354038737590488 -0.00482009163603923 0
1 32 0 5
221
222
223
224
225
0.07354038737456696 0.004820091656451936 0
0.07306768268130502 0.009619542939354379 0
0.07228209095230546 0.0143778018605281 0
0.07118697621702119 0.01907449280728647 0
0.0697870279217755 0.02368950384924278 0
1 33 0 4
226
227
228
229
0.05292246482186655 0.02696534269826577 0
0.05064364611548154 0.0310344662880883 0
0.04805259249952599 0.03491225205756736 0
0.04516527867379306 0.03857479218317621 0
1 34 0 4
230
231
232
233
0.03857479216205294 0.04516527869183404 0
0.03491225201053501 0.04805259253369699 0
0.0310344662280041 0.05064364615230119 0
0.02696534266131886 0.05292246484069195 0
1 35 0 4
234
235
236
237
0.01835445708484603 0.05648921042798494 0
0.01386578403418165 0.05775514715394681 0
0.009291623825772102 0.05866500418764974 0
0.004660177686357566 0.05921317196019981 0
1 36 0 4
238
239
240
241
-0.004660177713076957 0.05921317195809695 0
-0.009291623880341472 0.05866500417900681 0
-0.01386578408767313 0.05775514714110465 0
-0.01835445710636569 0.05648921042099278 0
1 37 0 4
242
243
244
245
-0.02696534269606035 0.0529224648229903 0
-0.03103446629905704 0.05064364610875992 0
-0.03491225205552935 0.04805259250100671 0
-0.03857479218117064 0.04516527867550599 0
1 38 0 4
246
247
248
249
-0.04516527869183404 0.03857479216205294 0
-0.04805259253369699 0.03491225201053501 0
-0.05064364615230119 0.0310344662280041 0
-0.05292246484069195 0.02696534266131886 0
1 39 0 4
250
251
252
253
-0.05648921042904092 0.01835445708159612 0
-0.05775514715374245 0.01386578403503295 0
-0.05866500418685731 0.00929162383077538 0
-0.05921317195950679 0.004660177695163376 0
1 40 0 4
254
255
256
257
-0.0592131719580791 -0.004660177713303754 0
-0.05866500417890502 -0.0092916238809841 0
-0.05775514714153179 -0.01386578408589393 0
-0.05648921042212918 -0.01835445710286824 0
1 41 0 4
258
259
260
261
-0.0529224648203147 -0.02696534270131146 0
-0.05064364610916694 -0.0310344662983928 0
-0.04805259248110364 -0.03491225208292355 0
-0.04516527867234785 -0.03857479218486834 0
1 42 0 4
262
263
264
265
-0.03857479217679331 -0.04516527867924459 0
-0.03491225203394632 -0.0480525925166877 0
-0.0310344662511998 -0.05064364613808687 0
-0.02696534267102463 -0.05292246483574663 0
1 43 0 4
266
267
268
269
-0.01835445708358115 -0.05648921042839593 0
-0.01386578403319767 -0.05775514715418305 0
-0.009291623828003618 -0.05866500418729632 0
-0.004660177685469741 -0.05921317196026969 0
1 44 0 4
270
271
272
273
0.004660177710961917 -0.0592131719582634 0
0.009291623873711991 -0.05866500418005681 0
0.01386578407957611 -0.05775514714304857 0
0.01835445710225369 -0.05648921042232886 0
1 45 0 4
274
275
276
277
0.02696534269031499 -0.05292246482591768 0
0.03103446627802948 -0.0506436461216456 0
0.03491225205828624 -0.0480525924990037 0
0.03857479217894628 -0.04516527867740575 0
1 46 0 4
278
279
280
281
0.04516527868519597 -0.0385747921698251 0
0.04805259252565244 -0.03491225202160738 0
0.05064364613877051 -0.03103446625008416 0
0.05292246483438343 -0.02696534267370004 0
1 47 0 4
282
283
284
285
0.05648921042866601 -0.01835445708274993 0
0.05775514715559519 -0.01386578402731571 0
0.05866500418828894 -0.009291623821736424 0
0.05921317196065613 -0.004660177680559558 0
1 48 0 4
286
287
288
289
0.05921317195822959 0.004660177711391589 0
0.05866500417985309 0.009291623874998238 0
0.05775514714250956 0.01386578408182125 0
0.05648921042190057 0.01835445710357183 0
2 6 0 96
290
291
292
293
294
295
296
297
298
299
300
301
302
303
304
305
306
307
308
309
310
311
312
313
314
315
316
317
318
319
320
321
322
323
324
325
326
327
328
329
330
331
332
333
334
335
336
337
338
339
340
341
342
343
344
345
346
347
348
349
350
351
352
353
354
355
356
357
358
359
360
361
362
363
364
365
366
367
368
369
370
371
372
373
374
375
376
377
378
379
380
381
382
383
384
385
-0.05122033218873574 -0.05468739211525413 0
0.06824937547985725 0.03092338973183466 0
-0.02639345763815994 -0.07012573478978072 0
0.07012573479024575 -0.02639345763679004 0
0.01220546260963928 -0.07392739660228601 0
-0.0729708369356723 0.0170144127965823 0
-0.03532090311747453 0.06608076186653529 0
-0.002451581580535957 0.07488807003566746 0
-0.02175050470922808 -0.07170180493410142 0
-0.007344246692836794 0.07456738782086879 0
-0.07488807003568036 -0.002451581580338895 0
-0.07456738782089595 -0.007344246692531528 0
-0.07012573478908728 0.02639345764020282 0
0.06608076186349314 0.03532090312320384 0
0.007344246688981489 -0.07456738782127696 0
-0.01220546261220081 0.07392739660193469 0
0.07488807003572613 0.002451581579640454 0
0.02639345764018051 0.07012573478909484 0
0.0546873921123906 -0.05122033219200097 0
-0.03092338972867973 0.06824937548141309 0
0.002451581579032647 -0.07488807003576597 0
-0.05468739211334785 0.05122033219090944 0
0.03532090311032152 -0.06608076187040299 0
0.05122033219112643 0.05468739211315755 0
-0.07392739660207852 -0.01220546261144107 0
0.01701441279418654 0.07297083693630729 0
0.06090512883314823 -0.04364399807223131 0
0.07456738782123673 0.007344246689592277 0
0.05792027222223238 -0.0475339389449158 0
-0.03956716697405149 0.06362918028366654 0
0.07297083693754347 -0.01701441278893843 0
0.03092338972556727 -0.06824937548294799 0
-0.05468739211136142 -0.05122033219317453 0
0.07392739660306942 0.01220546260570189 0
-0.01701441278498208 -0.07297083693856554 0
-0.06824937548231397 -0.03092338972685298 0
0.02175050471743945 0.07170180493175674 0
-0.06090512883320488 0.0436439980721822 0
-0.07170180493113426 0.02175050471975662 0
-0.04753393894072951 -0.05792027222580268 0
0.03956716696551375 -0.06362918028900427 0
0.07170180493365402 -0.02175050471126339 0
-0.06608076186952869 -0.03532090311202342 0
-0.04364399807635091 -0.06090512883048693 0
0.002451581571604964 0.07488807003625281 0
-0.07488807003630707 0.002451581570777395 0
-0.05792027222337399 0.04753393894358404 0
0.07012573478562185 0.02639345765041154 0
0.06362918028097728 0.03956716697842621 0
-0.07012573478573532 -0.02639345765007732 0
0.0170144128542986 -0.07297083692268187 0
-0.07392739661244656 0.01220546255077516 0
-0.03956716691754683 -0.06362918031913883 0
0.01220546255130913 0.07392739661238304 0
0.04364399812391551 -0.06090512879665377 0
-0.05122033219882011 0.05468739210641038 0
-0.02639345765110111 0.07012573478538779 0
0.04753393894533797 0.05792027222200434 0
0.07488807003651191 -0.002451581567651795 0
-0.0353209030807865 -0.06608076188674425 0
-0.04364399813381356 0.06090512878950462 0
-0.002451581566823842 -0.07488807003656617 0
-0.07297083692330379 -0.01701441285186367 0
0.07392739661336373 -0.01220546254511809 0
0.02175050475652767 -0.07170180492021608 0
0.04364399807686761 0.06090512882992181 0
0.05468739210403285 0.05122033220153117 0
0.04753393897547637 -0.0579202721975993 0
-0.01701441285278953 0.0729708369231007 0
0.07297083692463699 0.0170144128459868 0
0.0660807618893392 -0.03532090307586049 0
-0.01220546254525479 -0.07392739661338278 0
-0.03092338971712602 -0.06824937548711076 0
0.07170180492297973 0.02175050474746537 0
0.07456738782546073 -0.007344246651487719 0
0.05122033220279117 -0.05468739210292786 0
-0.0745673878248486 0.007344246657706961 0
0.007344246659169384 0.07456738782471077 0
0.02639345765510243 -0.07012573478402954 0
-0.007344246651347593 -0.07456738782542442 0
0.03092338971839222 0.06824937548648632 0
-0.06824937548730316 0.03092338971673588 0
-0.06362918032514824 0.03956716690790119 0
-0.07170180492245586 -0.02175050474950966 0
0.06824937548856953 -0.03092338971416792 0
-0.02175050475080777 0.07170180492203485 0
0.06362918032364309 -0.03956716691053823 0
0.0395671669135101 0.06362918032162396 0
-0.06362918029126051 -0.03956716696219366 0
0.06090512878841733 0.04364399813546316 0
-0.06608076188970567 0.03532090307560026 0
0.05792027219467575 0.04753393897946648 0
-0.06090512880123824 -0.04364399811745816 0
0.03532090307971705 0.06608076188746831 0
-0.05792027220812083 -0.04753393896313866 0
-0.04753393897690616 0.05792027219693761 0
2 7 0 256
386
387
388
389
390
391
392
393
394
395
396
397
398
399
400
401
402
403
404
405
406
407
408
409
410
411
412
413
414
415
416
417
418
419
420
421
422
423
424
425
426
427
428
429
430
431
432
433
434
435
436
437
438
439
440
441
442
443
444
445
446
447
448
449
450
451
452
453
454
455
456
457
458
459
460
461
462
463
464
465
466
467
468
469
470
471
472
473
474
475
476
477
478
479
480
481
482
483
484
485
486
487
488
489
490
491
492
493
494
495
496
497
498
499
500
501
502
503
504
505
506
507
508
509
510
511
512
513
514
515
516
517
518
519
520
521
522
523
524
525
526
527
528
529
530
531
532
533
534
535
536
537
538
539
540
541
542
543
544
545
546
547
548
549
550
551
552
553
554
555
556
557
558
559
560
561
562
563
564
565
566
567
568
569
570
571
572
573
574
575
576
577
578
579
580
581
582
583
584
585
586
587
588
589
590
591
592
593
594
595
596
597
598
599
600
601
602
603
604
605
606
607
608
609
610
611
612
613
614
615
616
617
618
619
620
621
622
623
624
625
626
627
628
629
630
631
632
633
634
635
636
637
638
639
640
641
-0.0469175935430149 -0.04251196037088668 0
-0.05723051580503691 0.02707758147157692 0
0.02707758147180762 0.05723051580470719 0
0.0632362440061873 -0.003115253091829621 0
0.04691759354337048 0.04251196036387916 0
-0.05961482729916303 -0.02132134433330603 0
0.00311525309658081 0.063236244008298 0
-0.02132134433431065 0.05961482729809511 0
-0.0425119603638766 0.04691759354513374 0
-0.06323624400885709 0.00311525310069445 0
-0.003115253096250156 -0.06323624400743788 0
0.02132134432968694 -0.05961482729898226 0
-0.02707758148618142 -0.05723051580111081 0
0.05961482730042247 0.02132134433134526 0
0.04251196036200668 -0.04691759354955082 0
0.05723051580282346 -0.02707758148525091 0
-0.03906101420129878 -0.04956134727907315 0
0.04956134728497767 -0.03906101419157485 0
-0.03084071138674949 0.05505397801156917 0
0.06073671734499246 -0.01712136503276347 0
-0.01712136503649761 -0.06073671734418206 0
0.05505397801773691 0.03084071138428526 0
-0.06073671734272218 0.01712136503629913 0
0.03084071137789878 -0.05505397802324222 0
0.01712136503726688 0.06073671734318158 0
-0.05505397801196339 -0.03084071139448319 0
0.06266547276558537 0.007424856736946292 0
0.00742485673611371 -0.06266547276610367 0
-0.06266547276551099 -0.007424856741725518 0
0.03906101418153719 0.04956134729408299 0
-0.04956134729430368 0.03906101418159586 0
-0.007424856741147481 0.06266547276560329 0
-0.05656132066103427 -0.0399215503700287 0
-0.03992155038353846 0.05656132064622337 0
0.0399215503762397 -0.05656132065778741 0
0.05656132064645725 0.03992155039087834 0
-0.06753316240806344 -0.01523762297564367 0
0.03697853054876814 0.05852778363446767 0
-0.05852778363446768 0.03697853054876812 0
-0.06822369237381398 0.01176609440371853 0
0.06822369237643949 -0.01176609439484753 0
-0.01523762297708062 0.0675331624080581 0
0.01176609440319131 0.06822369237479202 0
-0.01176609440068134 -0.06822369237447998 0
0.0675331624094954 0.01523762296770602 0
0.01523762297404909 -0.06753316240724953 0
0.05852778362435482 -0.03697853056223107 0
-0.03697853056786434 -0.05852778362151092 0
-0.065580093408554 0.02443779607010808 0
0.02443779607122167 0.06558009340838368 0
0.0655800934096961 -0.0244377960695479 0
0.04767399484670524 0.0512361663622038 0
-0.02443779607261925 -0.06558009340887545 0
0.02909199743839397 -0.06365226008203599 0
0.06994004572026845 0.002518835629875629 0
-0.05123616636238765 0.04767399484685455 0
-0.0636522600826689 -0.02909199743787944 0
-0.02909199744171577 0.06365226007791246 0
-0.04767399484363768 -0.05123616636170528 0
0.002518835628608043 -0.06994004572132149 0
0.05123616635924454 -0.04767399485319657 0
-0.06994004572091639 -0.002518835629270785 0
-0.002518835630076109 0.06994004572044459 0
0.06365226007574749 0.02909199744401146 0
-0.05251095725254713 -0.03577562701860454 0
-0.05749195881400547 -0.03449690358677083 0
-0.0516977806910974 -0.04092424986682238 0
-0.05112924745517103 -0.04526019894403363 0
-0.03577562700568077 0.05251095724755101 0
-0.0344969035906752 0.05749195880443714 0
-0.04092424986056328 0.05169778069141439 0
-0.04526019894769476 0.05112924745917507 0
0.06242804241787304 -0.0118336655005479 0
0.06504594839597405 -0.01625995947955558 0
0.06549366589112586 -0.007618036702965129 0
0.06815763118703912 -0.004150043998520667 0
-0.05314744291800674 0.03482305889242494 0
-0.05387220329599801 0.03991425055054298 0
-0.05759296099501784 0.03210148904264785 0
-0.06138128735838565 0.02991693694717354 0
0.03482305889241659 0.05314744291797521 0
0.0399142505506052 0.05387220329587859 0
0.03210148904268492 0.05759296099495762 0
0.02991693694738778 0.06138128735828649 0
0.0118336655064807 0.06242804241685915 0
0.01625995948788763 0.06504594839540757 0
0.007618036710053255 0.06549366589180938 0
0.004150044004603833 0.06815763118808268 0
-0.01183366550600885 -0.06242804241617222 0
-0.01625995948301439 -0.06504594839502938 0
-0.007618036709398601 -0.06549366589137269 0
-0.004150044002925665 -0.06815763118852501 0
-0.06242804241550806 0.01183366550833622 0
-0.06504594839478907 0.01625995948727519 0
-0.06549366589186525 0.007618036713926072 0
-0.06815763118890218 0.004150044007297932 0
-0.06220453837657502 -0.01295729619482622 0
-0.06631703750096862 -0.009869763029326671 0
-0.06342355386197839 -0.01802519266948119 0
-0.06455759352355978 -0.02224865553173139 0
0.05314744290511682 -0.03482305890660571 0
0.05387220328790807 -0.03991425056110171 0
0.05759296098779004 -0.03210148906033384 0
0.06138128735617557 -0.02991693696146192 0
-0.01295729619565134 0.06220453837648549 0
-0.009869763029482633 0.06631703750117082 0
-0.01802519267103493 0.06342355386121579 0
-0.02224865553396264 0.06455759352209459 0
-0.03482305891351981 -0.05314744290086159 0
-0.03991425056448396 -0.05387220328473049 0
-0.03210148906326182 -0.05759296098489514 0
-0.0299169369630782 -0.06138128735477799 0
0.03577562699909918 -0.05251095725808317 0
0.03449690358513642 -0.05749195881324645 0
0.04092424985739956 -0.05169778069859114 0
0.04526019894453277 -0.05112924746413755 0
0.06220453837755667 0.01295729618951512 0
0.06631703750212412 0.009869763023486544 0
0.063423553863726 0.01802519266492678 0
0.06455759352384699 0.02224865552957622 0
0.01295729618916506 -0.06220453837562406 0
0.009869763025755438 -0.06631703750142572 0
0.01802519266532455 -0.06342355386201599 0
0.02224865553122534 -0.06455759352426188 0
0.05251095725072573 0.03577562700449606 0
0.05749195880381523 0.03449690359451447 0
0.05169778069041876 0.04092424986283347 0
0.05112924745790207 0.04526019894957514 0
-0.05720550081721147 -0.02616819408480991 0
0.0572055008189843 0.02616819408139183 0
0.04283685702329439 0.04606785631928561 0
-0.04606785631935191 0.04283685702381915 0
0.06286512568307157 0.002284661509933162 0
-0.06286512568489767 -0.002284661508534637 0
-0.02616819408331933 0.05720550081594344 0
0.02616819407773423 -0.05720550082241629 0
-0.002284661509314426 0.06286512568432175 0
-0.05895410503546555 0.02194669006210117 0
0.00228466150790039 -0.06286512568459979 0
-0.04283685702714372 -0.04606785631327959 0
0.02194669006333466 0.05895410503516962 0
-0.02194669006957872 -0.05895410503657995 0
0.0460678563153315 -0.0428368570290372 0
0.05895410503727439 -0.02194669006761997 0
-0.04423329317843108 -0.05450691918828934 0
-0.06172512915102422 -0.03343047855359375 0
0.06728517547845439 -0.02000733929804613 0
0.03343047855928129 -0.06172512914757463 0
0.04423329317257152 0.05450691919396428 0
-0.05450691919409584 0.04423329317251562 0
-0.02000733930032386 -0.0672851754776676 0
-0.06728517547656597 0.02000733930542266 0
0.06172512913948422 0.0334304785695088 0
0.02000733930674557 0.06728517547661796 0
-0.03343047856245932 0.06172512914229084 0
0.06981987374245444 0.007264550614852625 0
0.05450691918721377 -0.04423329318070846 0
-0.06981987374185414 -0.00726455061924127 0
-0.007264550619389689 0.06981987374206124 0
0.007264550616630808 -0.06981987374246766 0
-0.06150543521475997 0.02577443851585768 0
0.02577443851640738 0.06150543521444508 0
-0.04734958725985074 -0.04696016212924457 0
0.04734958728045785 0.04696016213338498 0
0.06668706333488461 -0.0002753651571654417 0
-0.0617161905880414 -0.02526563005566169 0
-0.02577443853988254 -0.06150543522149809 0
0.06150543522285352 -0.0257744385368666 0
0.02526563005367305 -0.06171619059425714 0
-0.04696016213314963 0.04734958728187643 0
-0.02526563005739018 0.06171619058620787 0
0.0002753651638066652 0.06668706333964654 0
-0.000275365163157618 -0.06668706334050296 0
-0.06668706334209443 0.0002753651673898344 0
0.04696016212994131 -0.0473495872862038 0
0.06171619059147041 0.025265630053836 0
-0.05468587540716854 -0.0439312767051064 0
0.0337113892351304 0.0615145859061908 0
-0.06151458590619081 0.03371138923513039 0
0.06973285701217614 -0.007604649660033871 0
0.007604649670303097 0.06973285701136869 0
-0.06733493277430044 -0.01965982889218848 0
-0.01965982889416002 0.06733493277379818 0
-0.007604649669109119 -0.0697328570126247 0
-0.04393127672206468 0.05468587541353859 0
0.04393127671501557 -0.05468587542033861 0
0.05468587541123629 0.04393127673029842 0
-0.06973285701296772 0.007604649673763756 0
0.06733493277615352 0.01965982888412911 0
-0.03371138926027126 -0.061514585897521 0
0.01965982888994159 -0.06733493277705667 0
0.06151458590029378 -0.03371138925702812 0
-0.04351149951247432 -0.05036744242605373 0
0.02092459808047729 0.06318457914553424 0
-0.06318457914547612 0.02092459807951065 0
-0.02988231918705155 0.05947416957306014 0
0.06638243645806476 0.004847883726321468 0
0.05036744242743614 -0.04351149951697043 0
-0.0594741695774858 -0.02988231918553313 0
-0.02092459808365273 -0.06318457914730541 0
0.02988231918201962 -0.05947416958046212 0
0.06318457914820746 -0.02092459808073327 0
0.004847883725308461 -0.06638243645940356 0
0.05947416957453975 0.02988231918792464 0
-0.004847883727600612 0.06638243645887471 0
0.04351149950919523 0.05036744243313337 0
-0.06638243645937369 -0.004847883726784841 0
-0.05036744243321445 0.04351149950953409 0
-0.02818562324707463 -0.06453058926925873 0
0.05073490781973966 0.04883231960082171 0
0.02569977193707556 -0.06556026259557365 0
-0.04883231960015244 0.05073490782055593 0
0.06453058926950063 -0.02818562324649279 0
-0.06453058926878184 0.02818562323815362 0
0.02818562323852913 0.06453058926866494 0
-0.06556026259497334 -0.02569977193553704 0
-0.02569977193791529 0.06556026259308428 0
0.07040466169114805 -0.001345333032369945 0
0.04883231959777027 -0.05073490782410281 0
-0.001345333034216196 -0.0704046616928114 0
-0.07040466169304108 0.001345333037071567 0
0.001345333036018588 0.0704046616922694 0
0.06556026259441092 0.02569977193573577 0
-0.050734907818834 -0.04883231959379636 0
-0.03739335327790749 0.0602553952451795 0
0.03739335327708049 -0.06025539525046111 0
-0.04135890961749244 -0.05760569521393095 0
-0.06904809225732207 0.01616590492072933 0
0.06025539524097846 0.03739335329118935 0
0.06904809225969427 -0.01616590491184968 0
0.05760569521456248 -0.04135890961846477 0
-0.06025539526208067 -0.03739335325803275 0
0.01616590492174398 0.06904809225824053 0
-0.01616590491316337 -0.06904809225821833 0
0.06997854317869415 0.01148821226364898 0
-0.06997854317751184 -0.0114882122704981 0
0.01148821226977071 -0.06997854317840975 0
-0.0114882122720364 0.06997854317854672 0
0.04135890961073225 0.05760569522435036 0
-0.05760569522436346 0.0413589096107261 0
-0.04870073693939592 -0.03840005962769673 0
0.03029854744882987 0.05411399429739473 0
-0.05411399429743775 0.03029854744880339 0
0.06158956388664066 -0.007283678782078792 0
0.007283678787430659 0.06158956388666494 0
0.03840005960668093 -0.04870073694166326 0
-0.05968868068930651 -0.01684006395277787 0
-0.06158956388557164 0.007283678793307174 0
-0.03840005960598593 0.0487007369372985 0
-0.01684006395489693 0.05968868068816232 0
-0.00728367878762398 -0.06158956388519782 0
0.0596886806896004 0.01684006395026096 0
0.0487007369356216 0.03840005960708396 0
0.05411399428553987 -0.03029854746433296 0
-0.03029854746454754 -0.05411399428429275 0
0.01684006394814811 -0.05968868068702874 0
2 8 0 626
642
643
644
645
646
647
648
649
650
651
652
653
654
655
656
657
658
659
660
661
662
663
664
665
666
667
668
669
670
671
672
673
674
675
676
677
678
679
680
681
682
683
684
685
686
687
688
689
690
691
692
693
694
695
696
697
698
699
700
701
702
703
704
705
706
707
708
709
710
711
712
713
714
715
716
717
718
719
720
721
722
723
724
725
726
727
728
729
730
731
732
733
734
735
736
737
738
739
740
741
742
743
744
745
746
747
748
749
750
751
752
753
754
755
756
757
758
759
760
761
762
763
764
765
766
767
768
769
770
771
772
773
774
775
776
777
778
779
780
781
782
783
784
785
786
787
788
789
790
791
792
793
794
795
796
797
798
799
800
801
802
803
804
805
806
807
808
809
810
811
812
813
814
815
816
817
818
819
820
821
822
823
824
825
826
827
828
829
830
831
832
833
834
835
836
837
838
839
840
841
842
843
844
845
846
847
848
849
850
851
852
853
854
855
856
857
858
859
860
861
862
863
864
865
866
867
868
869
870
871
872
873
874
875
876
877
878
879
880
881
882
883
884
885
886
887
888
889
890
891
892
893
894
895
896
897
898
899
900
901
902
903
904
905
906
907
908
909
910
911
912
913
914
915
916
917
918
919
920
921
922
923
924
925
926
927
928
929
930
931
932
933
934
935
936
937
938
939
940
941
942
943
944
945
946
947
948
949
950
951
952
953
954
955
956
957
958
959
960
961
962
963
964
965
966
967
968
969
970
971
972
973
974
975
976
977
978
979
980
981
982
983
984
985
986
987
988
989
990
991
992
993
994
995
996
997
998
999
1000
1001
1002
1003
1004
1005
1006
1007
1008
1009
1010
1011
1012
1013
1014
1015
1016
1017
1018
1019
1020
1021
1022
1023
1024
1025
1026
1027
1028
1029
1030
1031
1032
1033
1034
1035
1036
1037
1038
1039
1040
1041
1042
1043
1044
1045
1046
1047
1048
1049
1050
1051
1052
1053
1054
1055
1056
1057
1058
1059
1060
1061
1062
1063
1064
1065
1066
1067
1068
1069
1070
1071
1072
1073
1074
1075
1076
1077
1078
1079
1080
1081
1082
1083
1084
1085
1086
1087
1088
1089
1090
1091
1092
1093
1094
1095
1096
1097
1098
1099
1100
1101
1102
1103
1104
1105
1106
1107
1108
1109
1110
1111
1112
1113
1114
1115
1116
1117
1118
1119
1120
1121
1122
1123
1124
1125
1126
1127
1128
1129
1130
1131
1132
1133
1134
1135
1136
1137
1138
1139
1140
1141
1142
1143
1144
1145
1146
1147
1148
1149
1150
1151
1152
1153
1154
1155
1156
1157
1158
1159
1160
1161
1162
1163
1164
1165
1166
1167
1168
1169
1170
1171
1172
1173
1174
1175
1176
1177
1178
1179
1180
1181
1182
1183
1184
1185
1186
1187
1188
1189
1190
1191
1192
1193
1194
1195
1196
1197
1198
1199
1200
1201
1202
1203
1204
1205
1206
1207
1208
1209
1210
1211
1212
1213
1214
1215
1216
1217
1218
1219
1220
1221
1222
1223
1224
1225
1226
1227
1228
1229
1230
1231
1232
1233
1234
1235
1236
1237
1238
1239
1240
1241
1242
1243
1244
1245
1246
1247
1248
1249
1250
1251
1252
1253
1254
1255
1256
1257
1258
1259
1260
1261
1262
1263
1264
1265
1266
1267
-0.007159447743190982 0.01094880583898529 0
0.01117008062946703 0.00679245019630847 0
0.01080599704979631 -0.007383565583548027 0
-0.01281265712841204 0.002250473028060893 0
-0.001958818765737593 -0.01302549390500637 0
0.003316265081312035 0.01274149449337147 0
-0.01088247805639487 -0.007268791076035586 0
0.05538555865026092 -0.001781279843346044 0
0.01947212459863954 -0.05219803556188603 0
-0.05456509425304032 -0.01088546361498993 0
-0.0465195382999304 0.03110994433369407 0
0.03100303949008512 0.0454105624249484 0
-0.010581199816385 0.0547057689264227 0
-0.030816907963782 -0.04575431212907174 0
0.03452728898877548 -0.04371961491378719 0
0.05284582165028309 0.01490017267179605 0
0.002450804934719168 -0.05521107675758264 0
0.05189280039275858 -0.01914426478186142 0
-0.04367755805271882 -0.03438936422166954 0
-0.05461426479907645 0.006259648636115884 0
-0.03424303500043299 0.04343708280171973 0
0.00650117353950054 0.05492813806093241 0
0.04324443773843699 0.03426888776043222 0
-0.01501378719699228 -0.05323487391001286 0
0.04657059085706322 -0.03034264724678293 0
-0.05037307647775627 -0.02306081277635693 0
0.0191442647852502 0.05189280039897944 0
-0.05181935155468529 0.01911315015366893 0
-0.02331725625366371 0.05046838867274847 0
-0.03675923609186892 -0.04069221566221065 0
-0.05518575487702632 -0.001763698426153056 0
-0.04077881889167362 0.03794512621103911 0
-0.002526745644880929 0.05523765255980781 0
0.04913555926708455 0.02702506934452716 0
0.03742207061001975 0.04017304057185239 0
-0.006380412672556695 -0.05466347403280332 0
0.02727867834121461 -0.04816271941739631 0
0.05504568618836621 0.006623426335541823 0
0.04096412181945669 -0.03740546433470295 0
-0.02307779233493307 -0.05074476110698291 0
0.05520458185042468 -0.01090058394167436 0
0.01017851907883517 -0.05464544098225311 0
-0.01049422534212697 0.007956629462106143 0
-0.01154574738089466 0.01168343655072628 0
-0.008882878855484441 0.01456037873187413 0
-0.01284436378604069 0.01529172329312666 0
-0.01024062668228579 0.01836579509350582 0
-0.01426254951462047 0.01905819098332532 0
-0.01685152570684442 0.01594789637622557 0
-0.01164951507220227 0.0221999089301887 0
-0.0183033791586947 0.01975437132419064 0
-0.02094013950929775 0.01653122468790788 0
-0.02240444365561295 0.02047504741987498 0
-0.02507795291490564 0.01721756918434545 0
-0.02352793711349262 0.0132111312842459 0
-0.02772919485720525 0.01393991896095943 0
-0.02617506794262166 0.009938935125561398 0
-0.03040383486895688 0.01066588695061274 0
-0.02888232978344314 0.006694622508724577 0
-0.0330777598172176 0.00735870525805242 0
-0.03156741942293259 0.003376047074665311 0
-0.0265798226486497 0.02117530849028249 0
-0.02385829790062455 0.02446595307270369 0
-0.007595284461543556 0.02148901432266272 0
-0.009007899241157465 0.02536482230211184 0
-0.004916468388387103 0.02464229764026945 0
-0.006343116813630424 0.02855977822907838 0
-0.00222986468501983 0.02782075122364088 0
-0.003653700342964324 0.03178531430559979 0
0.0005342481105541283 0.03103929507608319 0
-0.007822830464963784 0.03251194668936769 0
-0.0009253303022707313 0.03505776974866978 0
0.003288631853914861 0.03430398040510203 0
0.004742556648926217 0.03027187036294447 0
0.007509256250054261 0.03353834078230384 0
0.008949504240584865 0.0294967952098943 0
0.01172924414799821 0.03276728489464593 0
0.01316607133707124 0.02872858084828667 0
0.01595359580449595 0.03199137547810313 0
0.01739999675840803 0.02794058170902427 0
-0.03578369076574086 0.003824304156335317 0
-0.03427518152144921 2.357850606255182e-05 0
-0.03003230785852168 -0.0006261698553244293 0
-0.03273276326222786 -0.003964814837009365 0
-0.02851039614755259 -0.004628072421577359 0
-0.03119031384636587 -0.007950795263959903 0
-0.02696962238264822 -0.008611227825621584 0
-0.02965323911518209 -0.01192664117005705 0
-0.02544725497468245 -0.01259370791102793 0
-0.02812175531135808 -0.01590144654003932 0
-0.02391971586511017 -0.01655455218384155 0
-0.02658963292743241 -0.01987852396857347 0
-0.0223667461865442 -0.02053466443225419 0
-0.02505518679571274 -0.02387298951986503 0
-0.02081058655141814 -0.0245366171924875 0
-0.03388066556440835 -0.01127972272212169 0
0.02021262115459412 0.03122891877393738 0
0.02165245574930454 0.02714993350353723 0
0.01884684261443906 0.02388316296938049 0
0.02319003635010065 0.02297185183549273 0
-0.02350406204849663 -0.02783481900597934 0
-0.01923830443728377 -0.02849781245508664 0
-0.01655675912607841 -0.02519035101290708 0
-0.01498440222701204 -0.0291410363327382 0
-0.034656192345892 0.01120812117265797 0
-0.01231507775998117 -0.02584107617347666 0
-0.01074684958473799 -0.0298219003120652 0
-0.01352183834714615 -0.03307871899490281 0
-0.009176029631914382 -0.03378577144386214 0
-0.006487989962507349 -0.03044512622860587 0
-0.004900321134166942 -0.03444069273918936 0
-0.002225256771309419 -0.03106708456734413 0
-0.0006337584752827503 -0.03506808188575315 0
0.002042965653113179 -0.03168379287127506 0
0.003641264841275935 -0.03569205592435158 0
0.006301658473528726 -0.03229592820586573 0
0.004782238912990525 -0.02806668791403844 0
0.00899907410477447 -0.02874823038545989 0
0.0106232501301158 -0.03284520044719938 0
0.01322485278773559 -0.02944347102751575 0
0.01158128137354482 -0.02551536676761499 0
0.01584750339679357 -0.02607593541986208 0
0.01755884106737586 -0.02999309892913884 0
0.02010510449369307 -0.02664562948545949 0
0.01847036186989651 -0.02267973144419064 0
0.02270900059105501 -0.02324434880024566 0
0.0211053346940542 -0.01932425570811882 0
0.0253022942049772 -0.01985223266510838 0
0.02370421415424122 -0.01594222943441711 0
0.02789963158969291 -0.01646548408779799 0
0.02624689085042445 -0.01251646726285804 0
0.03048376134535192 -0.01305203812286559 0
0.02884403567762527 -0.009092747461376926 0
0.03382422784542089 -0.009725017739810715 0
0.03153684680197927 -0.005642868445813712 0
0.02720837137226992 -0.005083283206298142 0
0.02978652113232568 -0.001649060546063906 0
0.03473647319229781 -0.002180525524190889 0
0.03243127424843857 0.001840919777195415 0
0.02808450488106089 0.002335463657208734 0
0.03066111803237271 0.005788280897392963 0
0.03494274820565359 0.005334736971258726 0
0.03322920461151847 0.009299316365132754 0
0.03224327525529176 -0.0169490239755345 0
0.02446018212087075 -0.02716288414298375 0
0.02606097831275186 0.02614430472372634 0
-0.03700493715794743 -0.003313811051839739 0
-0.03081879992231331 -0.01922194739031452 0
0.02637212319756379 0.006257568501876438 0
0.01030242907575268 0.03681278173564093 0
-0.02808660536005596 0.0251831569754007 0
-0.02535385867793177 0.02835812536066809 0
-0.02223911762984446 -0.03173276709011824 0
-0.007673506175988217 -0.03780637306333465 0
0.001834017543281798 0.03836813000074348 0
-0.002434966413208851 0.03911681395308922 0
0.02048185511549735 0.01967238322444285 0
-0.02791865558115804 -0.02710869718785201 0
0.01609115840667676 0.02060000586489906 0
0.03752950695519634 0.008865033165139466 0
0.03581974452665911 0.0128723554790533 0
0.03935263749203881 0.004762941308412673 0
0.01875221150065692 0.03532309306968562 0
0.000956725780195785 -0.03910867068017075 0
0.005278953353299034 -0.03973922678684914 0
-0.01387336932266717 -0.02189771779852918 0
0.02383144112495533 0.002865664182895184 0
0.02305980160328371 0.03454841803850921 0
-0.003830981980058109 -0.02708124439243614 0
-0.02445603085438384 -0.005199991074273191 0
0.006231069530767139 0.02648472034904736 0
0.01692785890369538 -0.01900079147840159 0
-0.02462548530636783 0.005872049546299903 0
-0.03082953222831971 0.02185830331575796 0
-0.03236542236189185 0.02592037920899225 0
-0.03514857178637209 0.0225363179328747 0
-0.01316409210935135 0.02597778468031376 0
0.000351453556675871 0.04247308299988824 0
0.02228289725787343 0.006653120140489315 0
0.02498225114829102 0.0185885177254297 0
0.02240100715416846 -0.01206803997881123 0
0.02157745605201125 0.03869278060395571 0
0.04016221984801776 0.01241898145601344 0
0.03844065850524467 0.01646001320344218 0
-0.003977575798454973 0.04322577567100259 0
-0.02143104071375633 -0.01338628890637352 0
0.01767023346805157 0.01650159058263204 0
0.01338248667827611 0.01731720844759877 0
0.002564045602386793 -0.04319023495624853 0
0.006934518011979893 -0.043820299295433 0
-0.0144602430387654 0.008684291539816525 0
0.01966552681587794 0.003259541269056123 0
-0.003700292292825131 0.02070082521217898 0
0.04288873809639043 0.01595171203715343 0
0.04462851832369369 0.01211089685808519 0
0.04110568576570881 0.02004892539386538 0
0.03665112870240791 0.02054291923359076 0
0.03930424511635302 0.02414856902051739 0
0.02593970694156278 0.0379070059845252 0
-0.03670021714313015 0.02666507760667644 0
-0.03951990359815386 0.02324309558706342 0
-0.03387961159502911 0.03006998824936088 0
0.02051170998551214 -0.001143658614230197 0
0.006821737922818724 0.0113694778224077 0
0.006350205249052047 0.01515675390491477 0
0.01290637188426734 -0.002586015042793781 0
0.01499453555160091 -0.006210939986958645 0
0.01378123030581169 -0.01006397847872498 0
0.002772467867921308 -0.01283866398452089 0
8.593120869742482e-05 -0.01643449263281996 0
0.004027238863530555 -0.01658622707953211 0
-0.004461340860551501 -0.0162629246838693 0
0.001751182674504814 -0.01995900828078348 0
-0.01324721298586586 -0.004142049873910375 0
-0.01478374838361089 -0.0075521802146472 0
-0.01302847677210705 -0.01105720833614234 0
0.03485436856532148 0.02463555588180916 0
0.02475484307657263 0.01024379267311119 0
0.009666434250014575 -0.04034942632253666 0
0.01133561033151638 -0.04445216153073152 0
0.01409223833878829 -0.04094603124205892 0
-0.009611361520425167 -0.02250285566647995 0
-0.006787372249306627 0.03983376963472314 0
-0.008331627986971887 0.04397616524566622 0
-0.01116852178535794 0.04056918426305098 0
-0.01271103864490972 0.04472999572788983 0
-0.01554037257231719 0.0412963228231963 0
-0.01399665264588247 0.03715444040039392 0
-0.01833864006333267 0.03799658876556274 0
-0.01664071746490645 0.0339670402273419 0
0.02732845698675223 0.03372282563257651 0
0.03145865714620018 0.01332561263239294 0
0.007242297675017929 -0.0108221669837576 0
0.004671365772365874 0.04170068394701053 0
0.003178855826108697 0.04586828538911417 0
0.007482046483624816 0.04508246277536413 0
-0.01992610621195304 0.04203674030331238 0
-0.02273238094547629 0.0387282790427762 0
-0.00179503419875569 -0.04254547330550681 0
0.01727267237306723 0.03942913703727097 0
-0.0001877810891543524 -0.04666919758387232 0
-0.004584153476421203 -0.04603613732966112 0
0.02007565001950157 0.04287109455311949 0
-0.03793518154795676 0.01914655765050891 0
-0.04233425127289702 0.01979446516541954 0
-0.04074148024282941 0.01568547974683468 0
0.03746658036818297 0.0282400680228666 0
-0.002697259512517335 0.01277867045989382 0
-0.02434462406729224 0.04274842158480341 0
-0.02775751751402679 0.03931036438321305 0
-0.01132048957225011 -0.01870491150757903 0
0.0455853210577717 0.01954329348779087 0
-0.01694693337382597 -0.004558382588079788 0
0.01575753749513472 0.04359054702676136 0
-0.005503465259163988 0.04739481762749007 0
0.005736850891562404 -0.02027063950089966 0
0.008038379677727268 -0.01734993443245673 0
0.002204868706238595 0.0170002069857643 0
0.01847284310875032 0.00657523775774832 0
0.01446267250447643 0.01296713515531104 0
-0.01548821767327933 -0.01796110951606622 0
0.01198144035829645 0.0213054844455276 0
0.03224898294301651 0.02104679231592742 0
-0.0212082521491395 0.0275730134755684 0
0.03021183744167154 0.03710026408780855 0
-0.04506785776228021 0.01626337631815029 0
-0.04356060183277584 0.01214371015183363 0
-0.04796245734762676 0.01281797604850893 0
-0.04640967145165027 0.008651739425413842 0
0.0156674847905769 -0.04500089096527089 0
0.018494893431747 -0.0415366718101753 0
0.01282230522881232 0.002550515088327625 0
0.03310238219755218 0.02878003382670818 0
0.03572003467672458 0.03230587795814351 0
0.01678176843077785 -0.03744582271191685 0
0.02123865096254878 -0.0380228783101285 0
0.005890075890433158 0.01887552087488626 0
0.003016170405813644 0.02101072002374301 0
-0.006488677937478128 -0.01344906558788291 0
-0.04190931558456162 0.008072217808721645 0
-0.04479445244406203 0.004479560978375737 0
0.02284651246131562 -0.04207636679758137 0
0.02566813517823118 -0.03859064792266904 0
0.02388820601937063 -0.03450623420938257 0
0.02839799836659659 -0.03505165030756244 0
-0.0381747491896724 0.03057992840831094 0
-0.0439603454890509 0.02379877491798549 0
-0.03526095690801472 0.03394414888688006 0
-0.03117317875384175 0.03315391150382278 0
-0.02315421668101131 0.03144000647300324 0
0.01873001364828383 0.01281736511353958 0
0.00861646241112405 -0.04774551365248179 0
-0.01877358559113882 -0.007849128815618694 0
0.04183066774831006 0.02771645459223688 0
-0.031978881965031 0.03715753122595818 0
-0.04945389293693521 0.005239434337960006 0
-0.0476651207351973 0.0008418976336602496 0
-0.04309155053019573 0.0003493084830474565 0
-0.04587232686961216 -0.003543293240371551 0
-0.003019044599360305 -0.05023666571499284 0
-0.007578489587022318 -0.04970482200587027 0
-0.009060151182722962 -0.04537200628748405 0
0.02995983404915888 -0.03904796395101956 0
0.03277932009133394 -0.03553301992799408 0
0.0311280095287215 -0.03144844840314685 0
0.03551428504515931 -0.03195110765696347 0
0.03384393424572854 -0.0278578036660814 0
0.03824325056231584 -0.02837168260645561 0
0.03659039650448301 -0.0242941133299542 0
0.04096889609867326 -0.02479267534805599 0
0.0393135556776058 -0.0207121023540486 0
0.04375152308742539 -0.0212550089867786 0
0.04200719909534878 -0.01712001191940427 0
0.03212802398184991 -0.02372958302185101 0
0.01631408084290983 0.0001282410752234598 0
0.00995774494723866 -0.02111957903937716 0
0.03725370458543937 -0.01620111795512472 0
0.0404496993596323 -0.01282479926487476 0
0.04474283977970096 -0.01350701689286248 0
0.04298068445998815 -0.009364931718328156 0
0.04726230045362884 -0.009799937830165202 0
0.04561685120123789 -0.005763018661259179 0
0.04141230427297821 -0.005153688566176803 0
0.04395879954867789 -0.001683132176457725 0
0.04817569126270299 -0.002244440640026547 0
0.0465954213877996 0.001906817570465573 0
0.05109837961781585 0.001339819068073099 0
0.04886302225255696 0.005335311197977376 0
0.04447604913476406 0.005700973740776345 0
0.03949361963322735 -0.0006699954356165149 0
0.04918405523926902 -0.01408856793559882 0
0.01748890786468706 -0.009115031571971568 0
0.01651175261474553 -0.01304246058759446 0
0.01891920095077725 -0.005390730498113742 0
0.01306478828860132 -0.01379493761456403 0
0.006013960404845112 0.0489070605755784 0
0.01010736327060083 0.04814169802249889 0
0.001716650282864406 0.05000244003240176 0
-0.0287953548215725 0.04347849933787712 0
0.04514941713009039 -0.02572427084730407 0
-0.01187221783813423 -0.04885344605874319 0
-0.0135203727088658 -0.04465970828134683 0
-0.01633402314795608 -0.04817191221398568 0
-0.01788661548268517 -0.04393833602725451 0
-0.01505499579951566 -0.04048302638616356 0
-0.01956989491354984 -0.03984317513246988 0
-0.02250073209857613 -0.04329432346352743 0
-0.02405041618210183 -0.03915547702076368 0
0.01018678912406708 0.01415271698641077 0
0.003265262842420726 -0.02390134278578876 0
-0.0008486285128240566 -0.02343695402502327 0
-0.02724745169665995 -0.04254718823584695 0
-0.028477971690839 -0.03835731204787373 0
0.03964932747897988 -0.03280704946575269 0
0.02878268053170199 0.04131501392246769 0
-0.05206710225077442 0.001653271006666958 0
-0.01237833297345376 0.03310052478358223 0
-0.05098445855131693 0.00959253367856438 0
-0.05271369047787836 0.01443896426005197 0
-0.02537738525254968 -0.03505012584351412 0
-0.02985134658103916 -0.03421940847802826 0
-0.03298207491248352 -0.03749742478220239 0
-0.03441523558109464 -0.03336504500717105 0
-0.03127943911363761 -0.03009642505754823 0
-0.03600105560764452 -0.02924236225765627 0
-0.03294059876994154 -0.02596101776035566 0
-0.03759143665249755 -0.025057837945208 0
-0.04040432003560833 -0.02832464891264423 0
-0.04198649835566862 -0.02423483363828954 0
-0.03919413561100653 -0.02081133970906369 0
-0.04354740827842112 -0.0200267462494309 0
-0.04076947374754669 -0.01660437737696327 0
-0.04518013504460731 -0.01584098044308953 0
-0.04232961693921972 -0.01239924134667532 0
-0.04663348150829633 -0.01158802958879546 0
-0.04935684062011071 -0.01509551161541392 0
-0.04456894441957295 -0.02760953267982307 0
-0.03621830361143875 -0.01751367115957828 0
-0.0439359592814742 -0.008120624496385924 0
-0.03947233870080179 -0.008941581615400686 0
-0.04854539506788301 -0.007270984584251773 0
-0.05053028008213137 -0.002742649903713051 0
-0.04149660400564566 -0.004257825562002878 0
-0.01647658216017442 -0.03646593587647029 0
0.0188417149369371 0.04761324848650691 0
0.02348963357458705 0.04607462368111018 0
-0.02259102917341613 -0.009163886145973309 0
0.014293447985442 -0.02213647174403197 0
0.000530933357388808 -0.02753951775931764 0
-0.005246898725108224 -0.02308263206057967 0
-0.0258546732367196 -0.00131781610025716 0
-0.02177840912738763 -0.001958019304093185 0
-0.02318837841064623 0.001913839753348131 0
-0.01907090603337802 0.001170319376660946 0
-0.02050437019235912 0.005015397921464335 0
-0.02207197407954415 0.009084679722042622 0
-0.01948480573809434 0.01253647827999202 0
-0.02735843233643851 0.002652095487909389 0
0.002018678572826417 0.02726128684987529 0
-0.01649034523977395 0.004322105620267658 0
0.007435459443569678 -0.02449581257668586 0
-0.008043662448100787 -0.02647853962710656 0
-0.01544988732190496 -0.0006382021287506064 0
-0.03780244279080396 -0.01331921432026049 0
0.01043024219241234 0.02555281218075412 0
0.01465262527788398 0.02466843800297869 0
0.02540866232626088 -0.001189886307105211 0
0.02940391290949135 -0.02731121633275169 0
-0.03447397637107233 -0.02183988085391922 0
-0.01974417706223177 -0.01717728672353256 0
-0.01712379954647031 -0.01391417439374436 0
0.02480191904926683 -0.008561849919838122 0
-0.0181399759870365 -0.02121629111262945 0
0.03048234417829753 0.02530162049650023 0
-0.01054070472405082 -0.04122439588365823 0
-0.007028467137493621 -0.01931261247683871 0
-0.03904710540649135 0.01171227961161857 0
-0.0003870440824283269 0.02359101641229851 0
0.03403787271541027 0.0169500808761776 0
0.02962666559812683 0.01755631566551115 0
0.0270765002276758 0.01395070552877605 0
0.02212402059939895 0.01455142747086419 0
0.03851277266678918 -0.008560747960962014 0
-0.006358533624529506 0.01772790001449838 0
-0.002197000716156788 0.01689849653129848 0
-0.02532153083658253 0.03527665310577527 0
0.02892540771531726 0.009810879433113722 0
-0.03355956111995737 0.01851804437815069 0
-0.0401587273746391 0.004184181866251641 0
0.02298860791062642 -0.004919254473187811 0
0.04983763609174659 -0.006202089736130831 0
-0.009542684456474508 0.03648689238255964 0
-0.0170967243713036 0.04547589126824202 0
-0.01424456844935705 0.04894673562712973 0
0.01973259784084434 -0.04536034837357279 0
0.0193498609601835 -0.03396635070508362 0
0.02738083471447176 -0.04309122196079789 0
0.01232167092062242 -0.03687797900638591 0
0.02659665537549073 -0.03098316627969035 0
-0.01974228541471785 0.02359334325634105 0
0.04663435249934494 -0.01782295518410401 0
0.007972205328142749 -0.03629996944886474 0
0.04353105081762979 0.02348240946784261 0
-0.02924165375286517 0.01789910219160342 0
0.02702956826648701 -0.02374647674793423 0
-0.01276842688982477 -0.01503332505753724 0
-0.03931853861057155 -0.03294667215026358 0
0.04761440130728104 0.01549435655127091 0
0.04924027404802805 0.0114632691017054 0
0.05105052153793786 0.01965665829923986 0
0.02449805869721131 0.03040180075361596 0
-0.01487394891889185 0.02985605623221979 0
0.04803559224143037 -0.0223119069733871 0
-0.003342920436867375 -0.03847362235894 0
0.006093967343879826 0.03761536741428024 0
0.00419561424319986 -0.04728687499063298 0
0.006269371506843197 -0.05172419829571801 0
0.02450152695543888 0.04193204735649004 0
-0.03231935626868707 -0.0152380187681453 0
0.01300441036443322 -0.04839783206422826 0
-0.04741442863137232 0.02041922728282789 0
-0.04839825160516568 0.02471997910873463 0
-0.04101625693202655 0.02707866262911565 0
-0.03544233183850082 -0.007146609641440778 0
0.01450532036203217 0.03603129183718006 0
-0.001157120505494191 0.04661025566890484 0
-0.009904631488981776 0.04794235275074583 0
-0.00704687134538651 0.05161281760554771 0
-0.02935816946834042 -0.02313776034989026 0
-0.01847421253165195 0.04962511841150767 0
-0.02963731780256375 0.02907071785204585 0
-0.01568693796457154 0.02283424738109727 0
-0.005194480704864803 0.03579875111900153 0
-0.01059837008690811 0.02922848548611228 0
0.008889953444262785 0.04091613947766824 0
0.02776520975509739 0.02193490046043126 0
0.02972482623635605 -0.02027439844788496 0
-0.006166078365801044 -0.04190966803809747 0
-0.04779817850125626 -0.01931704103560505 0
-0.03197815876307643 0.01457855540100397 0
0.001428588303256759 -0.05078482769614301 0
0.02878488630385121 0.02954248138407715 0
-0.01061654768095095 -0.05346783648057474 0
0.03488192522403666 -0.02028944312252859 0
-0.02151861773019683 0.04619829825520181 0
-0.002551460419509593 0.05082376150659534 0
0.01497670738280184 -0.03342865380454006 0
-0.05387703256471853 -0.006744483121946226 0
0.03288731611474505 0.04067443210379919 0
-0.008635538245087053 -0.01021078121848578 0
-0.01207394280646494 -0.03714070360806528 0
-0.02616076113791044 0.04653559288394928 0
0.002042903713320748 0.05446141829635655 0
0.03422276453082623 -0.01354970905956558 0
0.01937850119542649 -0.01536166909898513 0
-0.03631961323770055 0.0151415063267958 0
-0.03182516741949738 -0.04147063202016396 0
-0.0259944500017294 -0.04760127844801526 0
-0.001823707619881731 -0.05479753391207454 0
0.05379989562702239 0.01070714133495577 0
0.01305081308626257 0.0401569245739695 0
0.01492189216555126 0.006525581493465033 0
0.01373693011373688 0.009666672363091988 0
0.02199314167283075 -0.0305428939586231 0
0.007248193270545843 0.0221233480566711 0
0.0534654568220043 -0.01488082382290667 0
-0.01910015073999188 -0.05163661263652759 0
-0.03833069816428003 0.04126325530670181 0
-0.0408124459697862 -0.03771528606472833 0
0.04118303009313152 0.03805500590580932 0
-0.04375327241054319 0.03460043579049145 0
0.03097830286990691 -0.04610820399329615 0
0.04652339781106402 0.03078873105675437 0
0.05442971960596395 -0.006528484603130287 0
0.01459646763226612 -0.05272985310280151 0
0.05540956983593765 0.002555169416064202 0
0.02349561030834408 -0.0504881121195148 0
0.03784943585814569 -0.04058597748965388 0
0.0399156544384223 0.03160337940736449 0
0.0109764423814655 0.05466991679279488 0
0.01510692642248742 0.05356512068864604 0
0.02719404992365396 0.04855847022041835 0
-0.01524528983475059 0.05309450740320828 0
0.03161160030011409 0.03298335798142021 0
-0.0179532210247383 -0.03248693770139746 0
0.009287470289212172 0.01798947841083434 0
0.03432278611646269 0.03641596263811715 0
0.03535002502193346 -0.006044941111727718 0
-0.03743879854909042 0.007726634978939593 0
0.02320015153997008 0.05053075187056202 0
0.01256363232205612 -0.01786215802189699 0
-0.05208927213086079 -0.0188854127989712 0
-0.02094443619382642 -0.03578906977745561 0
0.04765705654465596 0.02335948734542376 0
0.01157696576732584 0.04416165032929547 0
-0.01811670484000924 0.008320682958564182 0
0.04380257830202648 -0.03379222465905264 0
-0.01549042137063734 0.01220108513217429 0
0.03619135055433122 0.001817615419411882 0
-0.02669500103445426 -0.03100704044384003 0
-0.002448850998551536 -0.01973651373413422 0
0.01413455912587157 0.04756298418753269 0
-0.03863511522593633 0.0001349560663090582 0
-0.04613139563492985 -0.02341516639108652 0
0.04268879328612933 0.002048483355096651 0
0.04239734340485818 -0.02930509169556732 0
-0.02057211531483248 -0.04743607163970376 0
-0.01724607915633927 0.02674542878150397 0
0.04185939279449039 0.008703995759188286 0
0.006570099421014288 -0.0558917784347748 0
0.03680977219035844 -0.03627667862173649 0
-0.03692698345038223 -0.03652626481508607 0
-0.03457767113717759 -0.04422700620147573 0
-0.006821323680014174 0.05588688304577639 0
-0.008890546507596337 -0.01586507168577416 0
-0.05344834868393956 -0.01461390215806086 0
-0.04874564254764617 -0.02706373652960797 0
0.03380028310829038 -0.03962366489493516 0
-0.05609531294520607 0.002161879782358634 0
-0.05494651303377431 0.01068971088810811 0
0.04911364704439503 -0.02667599952628898 0
-0.03100162203426594 0.04674395020812408 0
0.03475874960354235 0.04409126371845715 0
0.02095277788471923 -0.008631032110890032 0
-0.0190243452365244 0.03080225087428832 0
-0.0166137795181796 -0.01036291093181374 0
0.01696848274352277 -0.04877524649681138 0
-0.02091270096965392 0.03485327650278213 0
-0.04631226818126963 -0.0312269464738164 0
-0.04900533086266683 0.01659296659068522 0
0.02353601897684792 -0.04635292401524933 0
-0.05075927477084563 -0.01081937491237849 0
-0.005459024090375811 0.01458285031531002 0
0.006300217283141999 -0.01433733635630183 0
0.01086300313014804 -0.01123086759236729 0
0.0269941860950934 0.04465814352108693 0
-0.04252239474967407 0.03075000872987439 0
0.0208546678717051 0.01012869499752219 0
0.01053048244864935 0.01053048244864935 0
-0.0271664984790608 0.03210715549370174 0
0.03828459056936111 0.03533590076219782 0
0.01637273679027626 0.003428617550257871 0
-0.02084908245369998 -0.005245973613672489 0
0.01672917984301349 -0.003040620613374581 0
0.003625413539504943 0.02409421833832705 0
-0.01294412106324716 0.005467247555385002 0
8.95533655537868e-05 0.01409170490075011 0
-0.0002126595958716015 0.01984025303305666 0
0.01524456192610022 -0.01592228306965311 0
0.008424241445073906 0.05172167706878551 0
-0.04536669880493525 0.0274567345728287 0
-0.03942458850163236 0.03426482183065557 0
0.05178539704569806 -0.003083295150912122 0
0.05136017106463228 -0.0236773631664756 0
-0.0316907864509501 0.04049470968722245 0
0.009678719729448778 -0.01423290016689075 0
-0.03595825226885926 0.03835809656431099 0
0.0168831153056574 0.009894149861209046 0
-0.02875906965789835 0.03580597804320217 0
-0.05131000768255173 0.02266195454049316 0
-0.01960658960371982 0.05314598662454899 0
0.0511457091790852 -0.009977858740142526 0
0.03099403510060138 -0.04251089801116826 0
0.04664697084871684 0.008804745507302873 0
0.01248738414138829 0.05101581108863198 0
-0.01038985599529233 -0.012890249266617 0
0.01050669850364069 -0.05099057654338299 0
0.05136497532005033 0.02387188359518411 0
-0.04877011994060489 0.02825729338091607 0
-0.01873302941320092 -0.001917743484917147 0
-0.04286377452759792 -0.03091420214007877 0
-0.01149546976793349 0.0511297335441491 0
-0.01950161949799261 -0.0107998933647065 0
0.05097504382279827 0.008182443769603661 0
0.03805279088388898 -0.004263663173529456 0
-0.02780784938666239 0.04965448790693296 0
0.01617477220283053 0.05043346977153388 0
0.05230377034082161 0.004604893899916914 0
-0.01244371145906728 -0.001269713402755799 0
0.004597507991631012 0.05224595747230881 0
0.03707608840578761 -0.01200039387774501 0
0.04528561603801119 0.02720128142443764 0
-0.03835405292572393 -0.00591495696767102 0
0.04303596403932273 0.0308355367398411 0
0.0191170243787894 -0.01173128622341772 0
0.02052329176787258 -0.04885968282860274 0
2 9 0 25
1268
1269
1270
1271
1272
1273
1274
1275
1276
1277
1278
1279
1280
1281
1282
1283
1284
1285
1286
1287
1288
1289
1290
1291
1292
0.003737371571862175 -0.005630425527998219 0
-0.002870495103573384 0.005215232197558078 0
0.005266176005572767 0.003714422858120625 0
-0.005299373090600592 -0.00354092789350369 0
0.006443120084577075 -0.001388031333122109 0
0.001035973415280922 0.006563656179895075 0
-0.001344913707916345 -0.00682156584803235 0
-0.006251036773590246 0.001243408523212136 0
0.007373600627229858 0.001466700356874421 0
0.003231208537666072 0.0006299269117695346 0
0.003397093456004105 -0.002853049435524175 0
-3.784619802315076e-05 -0.00180568225012577 0
-0.001140301631502643 0.00168159391709008 0
-0.003636620419024205 -0.0007594683447886464 0
0.001447109551006485 0.003462014834837008 0
0.003710687865725143 0.005981938491133058 0
0.001431769794497464 -0.007258606184848385 0
-0.001407111324958056 0.00771305759496393 0
-0.005940063742056414 0.004020999125371005 0
0.006251036773590246 -0.004176809236960984 0
-0.004176809236960983 -0.006251036773590246 0
-0.007373600627229857 -0.001466700356874422 0
-0.002468056128119552 -0.003693707023925591 0
-0.003967703533949378 0.00228035308368853 0
0.0007859031313841156 -0.004677172711742414 0
$EndNodes
$Elements
20 2500 1 2837
0 1 15 1
1 1 
0 2 15 1
2 2 
0 3 15 1
3 3 
0 4 15 1
4 4 
0 5 15 1
5 5 
0 6 15 1
6 6 
0 7 15 1
7 7 
0 8 15 1
8 8 
0 9 15 1
9 9 
0 10 15 1
10 10 
0 11 15 1
11 11 
0 12 15 1
12 12 
0 13 15 1
13 13 
0 14 15 1
14 14 
0 15 15 1
15 15 
0 16 15 1
16 16 
2 6 2 384
354 21 5 309 
355 201 121 304 
356 28 12 310 
357 190 110 322 
358 156 76 326 
359 139 219 353 
360 124 204 340 
361 115 195 349 
362 129 209 344 
363 125 205 354 
364 224 144 363 
365 199 119 369 
366 84 164 358 
367 140 220 364 
368 80 160 367 
369 85 165 375 
370 186 106 332 
371 73 153 355 
372 187 107 378 
373 93 173 327 
374 166 86 296 
375 72 152 347 
376 92 172 336 
377 67 147 303 
378 127 207 312 
379 111 191 290 
380 68 148 338 
381 188 108 382 
382 136 216 293 
383 91 171 311 
384 71 151 313 
385 212 132 316 
386 66 146 291 
387 74 154 377 
388 128 208 330 
389 25 9 325 
390 98 178 295 
391 26 10 290 
392 138 218 320 
393 116 196 292 
394 17 1 291 
395 30 14 308 
396 211 131 318 
397 27 11 292 
398 157 77 315 
399 123 203 294 
400 19 3 307 
401 31 15 293 
402 181 101 301 
403 202 122 294 
404 161 81 299 
405 177 97 295 
406 221 141 317 
407 24 8 300 
408 20 4 297 
409 23 7 302 
410 196 116 298 
411 112 192 329 
412 222 142 323 
413 87 167 296 
414 32 16 306 
415 81 161 297 
416 182 102 314 
417 117 197 298 
418 82 162 299 
419 101 181 300 
420 162 82 305 
421 167 87 319 
422 102 182 301 
423 96 176 302 
424 146 66 303 
425 83 163 305 
426 141 221 306 
427 69 149 379 
428 137 217 331 
429 76 156 307 
430 131 211 308 
431 197 117 324 
432 22 6 311 
433 206 126 312 
434 18 2 313 
435 103 183 314 
436 78 158 315 
437 126 206 321 
438 133 213 316 
439 142 222 317 
440 132 212 318 
441 75 155 383 
442 6 22 345 
443 88 168 319 
444 217 137 320 
445 94 174 372 
446 29 13 321 
447 113 193 333 
448 143 223 323 
449 3 19 370 
450 118 198 324 
451 97 177 328 
452 106 186 325 
453 214 134 360 
454 209 129 357 
455 172 92 327 
456 176 96 328 
457 191 111 329 
458 207 127 330 
459 216 136 331 
460 193 113 342 
461 107 187 332 
462 192 112 333 
463 4 20 334 
464 89 169 350 
465 160 80 334 
466 95 175 380 
467 198 118 361 
468 7 23 371 
469 223 143 359 
470 213 133 376 
471 8 24 335 
472 11 27 362 
473 5 21 346 
474 9 25 339 
475 180 100 335 
476 171 91 336 
477 2 18 356 
478 70 150 381 
479 189 109 384 
480 225 145 337 
481 1 17 337 
482 147 67 338 
483 178 98 341 
484 185 105 339 
485 220 140 348 
486 210 130 365 
487 99 179 341 
488 158 78 343 
489 114 194 342 
490 79 159 343 
491 200 120 351 
492 170 90 345 
493 104 184 352 
494 165 85 346 
495 151 71 347 
496 16 32 348 
497 215 135 374 
498 168 88 350 
499 12 28 351 
500 183 103 352 
501 152 72 355 
502 150 70 356 
503 130 210 357 
504 105 185 373 
505 13 29 368 
506 179 99 366 
507 144 224 359 
508 135 215 360 
509 119 199 361 
510 195 115 362 
511 14 30 365 
512 100 180 366 
513 90 170 385 
514 205 125 368 
515 155 75 370 
516 175 95 371 
517 173 93 372 
518 184 104 373 
519 15 31 374 
520 134 214 376 
521 153 73 377 
522 108 188 378 
523 148 68 379 
524 174 94 380 
525 149 69 381 
526 109 189 382 
527 154 74 383 
528 110 190 384 
529 169 89 385 
530 194 114 349 
531 203 123 340 
532 145 225 363 
533 208 128 344 
534 77 157 326 
535 10 26 322 
536 218 138 353 
537 159 79 367 
538 219 139 364 
539 121 201 310 
540 120 200 369 
541 122 202 304 
542 204 124 354 
543 86 166 309 
544 164 84 375 
545 163 83 358 
546 1 66 291 
547 145 1 337 
548 70 2 356 
549 2 71 313 
550 75 3 370 
551 3 76 307 
552 80 4 334 
553 4 81 297 
554 85 5 346 
555 5 86 309 
556 90 6 345 
557 6 91 311 
558 95 7 371 
559 7 96 302 
560 100 8 335 
561 8 101 300 
562 105 9 339 
563 9 106 325 
564 110 10 322 
565 10 111 290 
566 115 11 362 
567 11 116 292 
568 120 12 351 
569 12 121 310 
570 125 13 368 
571 13 126 321 
572 130 14 365 
573 14 131 308 
574 135 15 374 
575 15 136 293 
576 140 16 348 
577 16 141 306 
578 146 17 291 
579 17 225 337 
580 18 150 356 
581 151 18 313 
582 19 155 370 
583 156 19 307 
584 20 160 334 
585 161 20 297 
586 21 165 346 
587 166 21 309 
588 22 170 345 
589 171 22 311 
590 23 175 371 
591 176 23 302 
592 24 180 335 
593 181 24 300 
594 25 185 339 
595 186 25 325 
596 26 190 322 
597 191 26 290 
598 27 195 362 
599 196 27 292 
600 28 200 351 
601 201 28 310 
602 29 205 368 
603 206 29 321 
604 30 210 365 
605 211 30 308 
606 31 215 374 
607 216 31 293 
608 32 220 348 
609 221 32 306 
610 66 67 303 
611 67 68 338 
612 68 69 379 
613 69 70 381 
614 71 72 347 
615 72 73 355 
616 73 74 377 
617 74 75 383 
618 76 77 326 
619 77 78 315 
620 78 79 343 
621 79 80 367 
622 81 82 299 
623 82 83 305 
624 83 84 358 
625 84 85 375 
626 86 87 296 
627 87 88 319 
628 88 89 350 
629 89 90 385 
630 91 92 336 
631 92 93 327 
632 93 94 372 
633 94 95 380 
634 96 97 328 
635 97 98 295 
636 98 99 341 
637 99 100 366 
638 101 102 301 
639 102 103 314 
640 103 104 352 
641 104 105 373 
642 106 107 332 
643 107 108 378 
644 108 109 382 
645 109 110 384 
646 111 112 329 
647 112 113 333 
648 113 114 342 
649 114 115 349 
650 116 117 298 
651 117 118 324 
652 118 119 361 
653 119 120 369 
654 121 122 304 
655 122 123 294 
656 123 124 340 
657 124 125 354 
658 126 127 312 
659 127 128 330 
660 128 129 344 
661 129 130 357 
662 131 132 318 
663 132 133 316 
664 133 134 376 
665 134 135 360 
666 136 137 331 
667 137 138 320 
668 138 139 353 
669 139 140 364 
670 141 142 317 
671 142 143 323 
672 143 144 359 
673 144 145 363 
674 147 146 303 
675 148 147 338 
676 149 148 379 
677 150 149 381 
678 152 151 347 
679 153 152 355 
680 154 153 377 
681 155 154 383 
682 157 156 326 
683 158 157 315 
684 159 158 343 
685 160 159 367 
686 162 161 299 
687 163 162 305 
688 164 163 358 
689 165 164 375 
690 167 166 296 
691 168 167 319 
692 169 168 350 
693 170 169 385 
694 172 171 336 
695 173 172 327 
696 174 173 372 
697 175 174 380 
698 177 176 328 
699 178 177 295 
700 179 178 341 
701 180 179 366 
702 182 181 301 
703 183 182 314 
704 184 183 352 
705 185 184 373 
706 187 186 332 
707 188 187 378 
708 189 188 382 
709 190 189 384 
710 192 191 329 
711 193 192 333 
712 194 193 342 
713 195 194 349 
714 197 196 298 
715 198 197 324 
716 199 198 361 
717 200 199 369 
718 202 201 304 
719 203 202 294 
720 204 203 340 
721 205 204 354 
722 207 206 312 
723 208 207 330 
724 209 208 344 
725 210 209 357 
726 212 211 318 
727 213 212 316 
728 214 213 376 
729 215 214 360 
730 217 216 331 
731 218 217 320 
732 219 218 353 
733 220 219 364 
734 222 221 317 
735 223 222 323 
736 224 223 359 
737 225 224 363 
2 7 2 688
738 454 419 456 
739 510 421 512 
740 498 420 500 
741 450 418 452 
742 482 422 484 
743 458 426 460 
744 478 425 480 
745 462 424 464 
746 466 423 468 
747 490 427 492 
748 486 432 488 
749 470 428 472 
750 506 431 508 
751 474 429 476 
752 502 430 504 
753 494 433 496 
754 421 510 511 
755 419 454 455 
756 420 498 499 
757 425 478 479 
758 426 458 459 
759 422 482 483 
760 432 486 487 
761 427 490 491 
762 423 466 467 
763 424 462 463 
764 428 470 471 
765 433 494 495 
766 431 506 507 
767 429 474 475 
768 418 450 451 
769 430 502 503 
770 386 452 453 
771 389 460 461 
772 398 496 497 
773 392 472 473 
774 387 464 465 
775 388 468 469 
776 391 484 485 
777 400 500 501 
778 393 492 493 
779 399 504 505 
780 396 476 477 
781 395 480 481 
782 390 512 513 
783 397 508 509 
784 394 456 457 
785 401 488 489 
786 520 556 581 
787 514 551 584 
788 515 561 589 
789 527 552 585 
790 528 560 583 
791 529 553 587 
792 517 555 593 
793 516 549 591 
794 519 559 592 
795 521 554 586 
796 522 557 590 
797 524 558 588 
798 518 550 582 
799 523 546 580 
800 526 547 579 
801 525 548 578 
802 551 442 584 
803 556 443 581 
804 553 436 587 
805 552 438 585 
806 560 446 583 
807 555 441 593 
808 549 437 591 
809 559 447 592 
810 561 449 589 
811 554 439 586 
812 557 448 590 
813 558 445 588 
814 550 440 582 
815 546 434 580 
816 547 435 579 
817 548 444 578 
818 452 386 626 
819 460 389 629 
820 496 398 640 
821 500 400 631 
822 472 392 630 
823 484 391 632 
824 468 388 627 
825 464 387 628 
826 480 395 633 
827 504 399 637 
828 492 393 635 
829 476 396 636 
830 456 394 634 
831 512 390 638 
832 508 397 641 
833 488 401 639 
834 190 453 562 
835 175 465 564 
836 155 469 563 
837 150 513 572 
838 220 461 565 
839 170 457 570 
840 185 485 567 
841 160 473 566 
842 165 493 568 
843 205 509 576 
844 195 497 575 
845 180 481 573 
846 200 477 569 
847 225 505 574 
848 210 501 571 
849 215 489 577 
850 450 411 451 
851 458 405 459 
852 494 402 495 
853 470 410 471 
854 462 416 463 
855 466 415 467 
856 474 406 475 
857 498 409 499 
858 478 408 479 
859 482 414 483 
860 490 417 491 
861 502 412 503 
862 486 403 487 
863 506 413 507 
864 454 404 455 
865 510 407 511 
866 513 150 595 
867 453 190 609 
868 465 175 599 
869 469 155 600 
870 461 220 603 
871 457 170 597 
872 485 185 601 
873 473 160 607 
874 493 165 602 
875 509 205 596 
876 497 195 594 
877 481 180 606 
878 477 200 605 
879 505 225 608 
880 489 215 598 
881 501 210 604 
882 259 411 450 
883 283 405 458 
884 247 416 462 
885 231 415 466 
886 235 410 470 
887 243 404 454 
888 267 406 474 
889 263 402 494 
890 251 408 478 
891 279 403 486 
892 255 414 482 
893 275 409 498 
894 239 417 490 
895 287 412 502 
896 227 407 510 
897 271 413 506 
898 411 258 514 
899 405 282 529 
900 404 242 520 
901 402 262 525 
902 415 230 516 
903 416 246 517 
904 410 234 526 
905 406 266 527 
906 403 278 528 
907 407 226 515 
908 408 250 523 
909 414 254 519 
910 412 286 518 
911 409 274 521 
912 417 238 522 
913 413 270 524 
914 41 391 514 
915 34 390 516 
916 37 393 520 
917 38 394 517 
918 39 387 523 
919 33 399 515 
920 48 389 518 
921 36 392 522 
922 40 395 519 
923 35 388 526 
924 45 397 521 
925 43 398 527 
926 47 401 529 
927 44 396 524 
928 46 400 528 
929 42 386 525 
930 451 411 584 
931 471 410 579 
932 467 415 591 
933 463 416 593 
934 479 408 580 
935 459 405 587 
936 475 406 585 
937 503 412 582 
938 495 402 578 
939 491 417 590 
940 499 409 586 
941 455 404 581 
942 483 414 592 
943 507 413 588 
944 511 407 589 
945 487 403 583 
946 450 452 626 
947 462 464 628 
948 466 468 627 
949 458 460 629 
950 498 500 631 
951 494 496 640 
952 510 512 638 
953 470 472 630 
954 490 492 635 
955 482 484 632 
956 474 476 636 
957 478 480 633 
958 506 508 641 
959 502 504 637 
960 454 456 634 
961 486 488 639 
962 512 421 572 
963 456 419 570 
964 464 424 564 
965 468 423 563 
966 500 420 571 
967 460 426 565 
968 484 422 567 
969 508 431 576 
970 492 427 568 
971 488 432 577 
972 480 425 573 
973 496 433 575 
974 472 428 566 
975 476 429 569 
976 504 430 574 
977 452 418 562 
978 188 189 418 
979 168 169 419 
980 153 154 423 
981 173 174 424 
982 148 149 421 
983 218 219 426 
984 183 184 422 
985 158 159 428 
986 178 179 425 
987 163 164 427 
988 203 204 431 
989 223 224 430 
990 198 199 429 
991 208 209 420 
992 213 214 432 
993 193 194 433 
994 31 216 436 
995 26 191 444 
996 18 151 437 
997 22 171 441 
998 23 176 434 
999 27 196 438 
1000 19 156 435 
1001 17 146 449 
1002 32 221 440 
1003 21 166 443 
1004 20 161 448 
1005 29 206 439 
1006 28 201 445 
1007 24 181 447 
1008 30 211 446 
1009 25 186 442 
1010 531 451 584 
1011 539 471 579 
1012 537 479 580 
1013 534 467 591 
1014 535 463 593 
1015 532 459 587 
1016 540 455 581 
1017 541 503 582 
1018 544 491 590 
1019 543 483 592 
1020 536 475 585 
1021 533 499 586 
1022 545 507 588 
1023 542 487 583 
1024 530 495 578 
1025 538 511 589 
1026 243 242 404 
1027 283 282 405 
1028 279 278 403 
1029 267 266 406 
1030 235 234 410 
1031 263 262 402 
1032 231 230 415 
1033 247 246 416 
1034 259 258 411 
1035 251 250 408 
1036 227 226 407 
1037 255 254 414 
1038 239 238 417 
1039 287 286 412 
1040 275 274 409 
1041 271 270 413 
1042 42 261 386 
1043 40 253 395 
1044 46 277 400 
1045 34 229 390 
1046 38 245 394 
1047 41 257 391 
1048 45 273 397 
1049 36 237 392 
1050 43 265 398 
1051 47 281 401 
1052 48 285 389 
1053 37 241 393 
1054 39 249 387 
1055 35 233 388 
1056 33 289 399 
1057 44 269 396 
1058 260 259 450 
1059 276 275 498 
1060 232 231 466 
1061 248 247 462 
1062 236 235 470 
1063 240 239 490 
1064 252 251 478 
1065 256 255 482 
1066 288 287 502 
1067 284 283 458 
1068 264 263 494 
1069 272 271 506 
1070 268 267 474 
1071 228 227 510 
1072 280 279 486 
1073 244 243 454 
1074 258 41 514 
1075 226 33 515 
1076 242 37 520 
1077 250 39 523 
1078 230 34 516 
1079 286 48 518 
1080 246 38 517 
1081 234 35 526 
1082 238 36 522 
1083 270 44 524 
1084 274 45 521 
1085 254 40 519 
1086 266 43 527 
1087 282 47 529 
1088 278 46 528 
1089 262 42 525 
1090 421 511 614 
1091 433 495 612 
1092 420 499 611 
1093 419 455 610 
1094 432 487 616 
1095 426 459 615 
1096 431 507 622 
1097 425 479 613 
1098 428 471 618 
1099 429 475 619 
1100 422 483 621 
1101 427 491 623 
1102 430 503 620 
1103 423 467 624 
1104 424 463 625 
1105 418 451 617 
1106 513 512 572 
1107 457 456 570 
1108 497 496 575 
1109 461 460 565 
1110 465 464 564 
1111 469 468 563 
1112 509 508 576 
1113 485 484 567 
1114 493 492 568 
1115 501 500 571 
1116 473 472 566 
1117 489 488 577 
1118 481 480 573 
1119 477 476 569 
1120 505 504 574 
1121 453 452 562 
1122 394 245 634 
1123 395 253 633 
1124 390 229 638 
1125 398 265 640 
1126 386 261 626 
1127 400 277 631 
1128 391 257 632 
1129 401 281 639 
1130 397 273 641 
1131 389 285 629 
1132 392 237 630 
1133 396 269 636 
1134 393 241 635 
1135 399 289 637 
1136 387 249 628 
1137 388 233 627 
1138 260 450 626 
1139 232 466 627 
1140 248 462 628 
1141 276 498 631 
1142 236 470 630 
1143 264 494 640 
1144 240 490 635 
1145 284 458 629 
1146 256 482 632 
1147 288 502 637 
1148 252 478 633 
1149 272 506 641 
1150 268 474 636 
1151 228 510 638 
1152 280 486 639 
1153 244 454 634 
1154 444 191 530 
1155 436 216 532 
1156 442 186 531 
1157 437 151 534 
1158 439 206 533 
1159 441 171 535 
1160 449 146 538 
1161 443 166 540 
1162 434 176 537 
1163 438 196 536 
1164 440 221 541 
1165 448 161 544 
1166 435 156 539 
1167 447 181 543 
1168 446 211 542 
1169 445 201 545 
1170 186 187 531 
1171 206 207 533 
1172 191 192 530 
1173 151 152 534 
1174 146 147 538 
1175 171 172 535 
1176 216 217 532 
1177 196 197 536 
1178 166 167 540 
1179 211 212 542 
1180 181 182 543 
1181 176 177 537 
1182 221 222 541 
1183 156 157 539 
1184 161 162 544 
1185 201 202 545 
1186 514 391 551 
1187 516 390 549 
1188 527 398 552 
1189 517 394 555 
1190 521 397 554 
1191 520 393 556 
1192 529 401 553 
1193 515 399 561 
1194 519 395 559 
1195 522 392 557 
1196 518 389 550 
1197 528 400 560 
1198 524 396 558 
1199 523 387 546 
1200 526 388 547 
1201 525 386 548 
1202 194 195 575 
1203 189 190 562 
1204 209 210 571 
1205 154 155 563 
1206 174 175 564 
1207 219 220 565 
1208 169 170 570 
1209 204 205 576 
1210 149 150 572 
1211 159 160 566 
1212 184 185 567 
1213 164 165 568 
1214 214 215 577 
1215 179 180 573 
1216 199 200 569 
1217 224 225 574 
1218 178 425 613 
1219 188 418 617 
1220 158 428 618 
1221 168 419 610 
1222 203 431 622 
1223 218 426 615 
1224 163 427 623 
1225 208 420 611 
1226 213 432 616 
1227 183 422 621 
1228 223 430 620 
1229 198 429 619 
1230 148 421 614 
1231 173 424 625 
1232 153 423 624 
1233 193 433 612 
1234 190 26 609 
1235 150 18 595 
1236 170 22 597 
1237 160 20 607 
1238 220 32 603 
1239 180 24 606 
1240 225 17 608 
1241 215 31 598 
1242 185 25 601 
1243 175 23 599 
1244 195 27 594 
1245 155 19 600 
1246 165 21 602 
1247 205 29 596 
1248 200 28 605 
1249 210 30 604 
1250 451 531 617 
1251 455 540 610 
1252 479 537 613 
1253 471 539 618 
1254 499 533 611 
1255 459 532 615 
1256 483 543 621 
1257 467 534 624 
1258 491 544 623 
1259 487 542 616 
1260 463 535 625 
1261 503 541 620 
1262 507 545 622 
1263 511 538 614 
1264 475 536 619 
1265 495 530 612 
1266 404 520 581 
1267 411 514 584 
1268 410 526 579 
1269 405 529 587 
1270 408 523 580 
1271 415 516 591 
1272 416 517 593 
1273 402 525 578 
1274 406 527 585 
1275 403 528 583 
1276 407 515 589 
1277 412 518 582 
1278 417 522 590 
1279 414 519 592 
1280 409 521 586 
1281 413 524 588 
1282 386 453 548 
1283 387 465 546 
1284 388 469 547 
1285 389 461 550 
1286 398 497 552 
1287 390 513 549 
1288 391 485 551 
1289 392 473 557 
1290 393 493 556 
1291 397 509 554 
1292 401 489 553 
1293 396 477 558 
1294 394 457 555 
1295 395 481 559 
1296 400 501 560 
1297 399 505 561 
1298 533 207 611 
1299 530 192 612 
1300 538 147 614 
1301 531 187 617 
1302 532 217 615 
1303 534 152 624 
1304 536 197 619 
1305 535 172 625 
1306 537 177 613 
1307 540 167 610 
1308 539 157 618 
1309 542 212 616 
1310 543 182 621 
1311 544 162 623 
1312 541 222 620 
1313 545 202 622 
1314 442 531 584 
1315 443 540 581 
1316 434 537 580 
1317 435 539 579 
1318 436 532 587 
1319 439 533 586 
1320 437 534 591 
1321 438 536 585 
1322 441 535 593 
1323 446 542 583 
1324 440 541 582 
1325 444 530 578 
1326 449 538 589 
1327 445 545 588 
1328 447 543 592 
1329 448 544 590 
1330 418 189 562 
1331 423 154 563 
1332 424 174 564 
1333 426 219 565 
1334 419 169 570 
1335 428 159 566 
1336 422 184 567 
1337 421 149 572 
1338 427 164 568 
1339 425 179 573 
1340 429 199 569 
1341 430 224 574 
1342 420 209 571 
1343 431 204 576 
1344 433 194 575 
1345 432 214 577 
1346 18 437 595 
1347 22 441 597 
1348 27 438 594 
1349 23 434 599 
1350 19 435 600 
1351 31 436 598 
1352 17 449 608 
1353 29 439 596 
1354 32 440 603 
1355 21 443 602 
1356 20 448 607 
1357 28 445 605 
1358 24 447 606 
1359 26 444 609 
1360 30 446 604 
1361 25 442 601 
1362 177 178 613 
1363 217 218 615 
1364 157 158 618 
1365 147 148 614 
1366 202 203 622 
1367 207 208 611 
1368 167 168 610 
1369 212 213 616 
1370 162 163 623 
1371 182 183 621 
1372 222 223 620 
1373 197 198 619 
1374 152 153 624 
1375 172 173 625 
1376 192 193 612 
1377 187 188 617 
1378 245 244 634 
1379 265 264 640 
1380 285 284 629 
1381 249 248 628 
1382 233 232 627 
1383 281 280 639 
1384 269 268 636 
1385 229 228 638 
1386 261 260 626 
1387 237 236 630 
1388 241 240 635 
1389 277 276 631 
1390 257 256 632 
1391 289 288 637 
1392 273 272 641 
1393 253 252 633 
1394 546 465 599 
1395 547 469 600 
1396 548 453 609 
1397 550 461 603 
1398 551 485 601 
1399 549 513 595 
1400 556 493 602 
1401 554 509 596 
1402 555 457 597 
1403 557 473 607 
1404 558 477 605 
1405 552 497 594 
1406 559 481 606 
1407 553 489 598 
1408 560 501 604 
1409 561 505 608 
1410 434 546 599 
1411 435 547 600 
1412 444 548 609 
1413 440 550 603 
1414 442 551 601 
1415 443 556 602 
1416 439 554 596 
1417 437 549 595 
1418 445 558 605 
1419 448 557 607 
1420 436 553 598 
1421 438 552 594 
1422 441 555 597 
1423 447 559 606 
1424 446 560 604 
1425 449 561 608 
2 8 2 1348
1426 975 844 1225 
1427 1003 671 1138 
1428 1061 821 1062 
1429 798 828 1063 
1430 844 956 1225 
1431 898 1172 1237 
1432 920 59 1131 
1433 1138 671 1194 
1434 737 1021 1045 
1435 264 265 1139 
1436 1021 737 1105 
1437 988 1139 1188 
1438 1172 976 1237 
1439 857 1052 1087 
1440 1062 821 1063 
1441 937 661 997 
1442 1038 1177 1179 
1443 1045 1019 1100 
1444 737 1045 1100 
1445 289 33 1091 
1446 677 941 942 
1447 657 1089 1090 
1448 939 1024 1184 
1449 1052 857 1207 
1450 669 250 1000 
1451 659 972 1082 
1452 903 1146 1167 
1453 789 1019 1050 
1454 250 251 1000 
1455 1019 789 1100 
1456 1050 1007 1110 
1457 267 268 1124 
1458 684 642 685 
1459 850 646 851 
1460 647 845 846 
1461 1089 657 1091 
1462 653 996 1130 
1463 847 644 848 
1464 913 847 956 
1465 919 918 1146 
1466 789 1050 1110 
1467 1236 662 1238 
1468 844 975 1071 
1469 674 1109 1127 
1470 1057 853 1196 
1471 254 255 1129 
1472 971 803 1180 
1473 1177 832 1179 
1474 1127 979 1134 
1475 828 932 1063 
1476 844 833 956 
1477 919 1146 1226 
1478 645 1041 1044 
1479 657 289 1091 
1480 1041 1035 1044 
1481 803 971 1186 
1482 1005 1002 1181 
1483 1109 674 1195 
1484 674 1127 1134 
1485 853 920 1196 
1486 957 762 1029 
1487 1005 799 1007 
1488 661 937 999 
1489 1007 799 1110 
1490 642 53 889 
1491 54 642 684 
1492 1139 681 1188 
1493 60 646 850 
1494 647 51 845 
1495 643 49 913 
1496 63 644 847 
1497 644 62 874 
1498 821 798 1063 
1499 59 58 1131 
1500 901 990 1220 
1501 995 1178 1187 
1502 61 850 874 
1503 64 847 913 
1504 653 1130 1204 
1505 1024 788 1184 
1506 901 829 990 
1507 646 59 920 
1508 758 991 1030 
1509 1146 918 1167 
1510 1178 666 1187 
1511 662 1149 1238 
1512 1057 1031 1182 
1513 787 741 1117 
1514 991 758 1042 
1515 972 1147 1243 
1516 655 264 1139 
1517 265 681 1139 
1518 941 677 1140 
1519 936 1236 1238 
1520 643 913 1143 
1521 668 1026 1171 
1522 642 889 1214 
1523 1022 1129 1213 
1524 992 810 1030 
1525 758 759 1042 
1526 1147 682 1243 
1527 237 36 1134 
1528 644 874 1216 
1529 859 1063 1219 
1530 874 850 1215 
1531 1026 1027 1171 
1532 991 992 1030 
1533 665 982 984 
1534 799 1005 1181 
1535 1144 901 1220 
1536 938 997 1023 
1537 810 992 1031 
1538 921 1070 1170 
1539 853 1057 1182 
1540 269 44 1140 
1541 1118 955 1125 
1542 762 957 1042 
1543 859 1062 1063 
1544 287 288 1141 
1545 997 672 1023 
1546 785 1118 1125 
1547 821 1061 1117 
1548 50 643 1220 
1549 958 785 1125 
1550 1020 940 1022 
1551 940 1020 1024 
1552 845 50 1220 
1553 1022 1023 1129 
1554 665 267 1124 
1555 898 957 1172 
1556 268 677 1124 
1557 1078 678 1153 
1558 659 1082 1094 
1559 972 659 1147 
1560 970 803 1186 
1561 1055 787 1117 
1562 785 958 1135 
1563 255 651 1129 
1564 775 1064 1169 
1565 672 254 1129 
1566 1031 863 1043 
1567 677 942 1124 
1568 968 649 1157 
1569 683 1098 1191 
1570 832 1041 1227 
1571 803 970 1190 
1572 779 971 1180 
1573 1041 832 1177 
1574 1098 683 1248 
1575 1070 722 1170 
1576 1156 1101 1248 
1577 1025 986 1132 
1578 696 698 1037 
1579 988 993 1139 
1580 1088 660 1150 
1581 1101 1156 1208 
1582 1064 775 1262 
1583 1094 981 1202 
1584 1063 932 1219 
1585 1049 955 1086 
1586 891 936 1240 
1587 1020 1021 1024 
1588 676 1168 1222 
1589 940 938 1023 
1590 997 661 1200 
1591 741 821 1117 
1592 936 891 1236 
1593 971 779 1256 
1594 1049 786 1080 
1595 645 55 1227 
1596 657 1090 1141 
1597 759 762 1042 
1598 55 684 1227 
1599 1086 955 1118 
1600 810 1031 1043 
1601 649 968 1234 
1602 1094 1202 1235 
1603 41 667 1173 
1604 1111 1075 1164 
1605 749 1025 1132 
1606 1155 1072 1243 
1607 1025 1166 1174 
1608 982 665 1124 
1609 663 237 1134 
1610 1052 902 1087 
1611 36 674 1134 
1612 696 1037 1038 
1613 1024 1021 1264 
1614 1051 902 1052 
1615 990 829 1167 
1616 893 1089 1091 
1617 1166 794 1174 
1618 678 1078 1212 
1619 925 1080 1145 
1620 52 647 1228 
1621 889 52 1228 
1622 1066 899 1229 
1623 44 658 1140 
1624 677 269 1140 
1625 288 657 1141 
1626 671 1003 1193 
1627 787 1055 1123 
1628 679 287 1141 
1629 1038 1037 1177 
1630 1144 1143 1239 
1631 1091 33 1249 
1632 899 1066 1228 
1633 43 266 1148 
1634 1088 1150 1193 
1635 786 1049 1086 
1636 814 1034 1036 
1637 658 1098 1122 
1638 980 662 1236 
1639 998 1093 1115 
1640 863 1031 1057 
1641 1093 818 1115 
1642 698 814 1037 
1643 669 1102 1241 
1644 1143 900 1239 
1645 902 1051 1054 
1646 1104 1218 1232 
1647 939 940 1024 
1648 662 980 1203 
1649 993 655 1139 
1650 1233 929 1238 
1651 1206 871 1209 
1652 998 712 1073 
1653 1160 664 1222 
1654 910 909 999 
1655 937 910 999 
1656 887 1058 1137 
1657 1055 914 1123 
1658 1034 814 1039 
1659 1129 651 1213 
1660 666 981 1187 
1661 673 1233 1238 
1662 655 993 1138 
1663 1002 1001 1181 
1664 685 642 686 
1665 903 1046 1146 
1666 848 644 849 
1667 684 685 832 
1668 664 1151 1222 
1669 1080 786 1145 
1670 851 646 853 
1671 658 1122 1140 
1672 1198 259 1210 
1673 647 846 899 
1674 1022 940 1023 
1675 916 1077 1128 
1676 850 851 852 
1677 846 845 990 
1678 1058 746 1137 
1679 864 1073 1114 
1680 1122 941 1140 
1681 1046 903 1047 
1682 1102 669 1211 
1683 873 1062 1068 
1684 665 984 1148 
1685 1197 1017 1213 
1686 814 1036 1037 
1687 795 1056 1119 
1688 956 833 1223 
1689 1062 859 1068 
1690 712 998 1115 
1691 1056 943 1119 
1692 800 740 1047 
1693 981 666 1202 
1694 1151 676 1222 
1695 1048 844 1071 
1696 873 1061 1062 
1697 669 1000 1211 
1698 1031 992 1182 
1699 1077 764 1128 
1700 957 897 1042 
1701 682 1155 1243 
1702 1058 921 1170 
1703 897 991 1042 
1704 1073 712 1114 
1705 690 693 1038 
1706 811 728 1028 
1707 1098 658 1191 
1708 1070 939 1184 
1709 683 1156 1248 
1710 693 696 1038 
1711 676 1130 1168 
1712 777 778 1048 
1713 810 753 1030 
1714 903 800 1047 
1715 860 1079 1083 
1716 744 807 1054 
1717 1032 811 1033 
1718 931 1206 1209 
1719 807 902 1054 
1720 762 763 1029 
1721 873 1060 1061 
1722 1072 1155 1234 
1723 700 702 1039 
1724 1053 777 1071 
1725 1218 652 1232 
1726 863 747 1043 
1727 702 724 1039 
1728 1021 1015 1045 
1729 957 1029 1172 
1730 726 811 1032 
1731 1079 760 1083 
1732 986 1056 1132 
1733 999 909 1000 
1734 822 772 1053 
1735 1051 734 1054 
1736 814 700 1039 
1737 946 1049 1080 
1738 808 820 833 
1739 724 1032 1039 
1740 740 721 1047 
1741 717 812 1046 
1742 707 834 1059 
1743 711 709 1040 
1744 747 748 1043 
1745 781 790 808 
1746 980 1133 1203 
1747 266 665 1148 
1748 833 820 900 
1749 784 873 1068 
1750 948 955 1049 
1751 1008 1007 1050 
1752 1040 709 1059 
1753 808 790 820 
1754 828 829 901 
1755 681 43 1148 
1756 828 800 829 
1757 1032 1034 1039 
1758 807 863 892 
1759 873 802 1060 
1760 1034 1033 1035 
1761 766 768 813 
1762 744 747 807 
1763 802 825 1060 
1764 807 747 863 
1765 726 728 811 
1766 724 726 1032 
1767 774 777 1053 
1768 829 903 1167 
1769 777 1048 1071 
1770 827 1051 1052 
1771 908 921 1058 
1772 794 1001 1174 
1773 869 998 1073 
1774 798 740 800 
1775 717 715 812 
1776 778 781 1048 
1777 869 871 998 
1778 751 753 810 
1779 755 758 1030 
1780 730 732 827 
1781 798 800 828 
1782 730 827 1028 
1783 808 844 1048 
1784 667 1120 1173 
1785 1036 1035 1041 
1786 736 744 1054 
1787 688 686 1065 
1788 753 755 1030 
1789 763 766 1029 
1790 728 730 1028 
1791 715 711 1040 
1792 770 772 822 
1793 1013 1011 1019 
1794 719 717 1046 
1795 1032 1033 1034 
1796 948 950 955 
1797 751 810 1043 
1798 812 715 1040 
1799 946 948 1049 
1800 853 646 920 
1801 748 751 1043 
1802 961 964 1064 
1803 755 757 758 
1804 744 745 747 
1805 834 1065 1066 
1806 987 986 1025 
1807 892 863 1057 
1808 772 774 1053 
1809 808 833 844 
1810 781 808 1048 
1811 1060 904 1061 
1812 838 858 904 
1813 1011 1008 1050 
1814 1020 1015 1021 
1815 709 707 1059 
1816 1015 1013 1045 
1817 983 943 1056 
1818 698 700 814 
1819 1013 1019 1045 
1820 986 983 1056 
1821 869 870 871 
1822 705 688 1065 
1823 952 954 958 
1824 985 983 986 
1825 942 982 1124 
1826 766 767 768 
1827 724 725 726 
1828 887 908 1058 
1829 774 776 777 
1830 827 732 1051 
1831 781 782 790 
1832 759 761 762 
1833 739 721 740 
1834 825 838 1060 
1835 766 813 1029 
1836 1019 1011 1050 
1837 778 780 781 
1838 908 910 921 
1839 834 705 1065 
1840 904 858 1055 
1841 866 868 869 
1842 741 740 798 
1843 906 1165 1168 
1844 922 939 1070 
1845 1034 1035 1036 
1846 858 914 1055 
1847 707 705 834 
1848 763 765 766 
1849 994 989 1001 
1850 736 743 744 
1851 726 727 728 
1852 266 267 665 
1853 244 245 662 
1854 228 229 664 
1855 236 237 663 
1856 252 253 661 
1857 260 261 660 
1858 44 270 658 
1859 47 282 659 
1860 288 289 657 
1861 276 277 656 
1862 1004 1002 1005 
1863 921 922 1070 
1864 247 248 652 
1865 231 232 653 
1866 239 240 654 
1867 255 256 651 
1868 263 264 655 
1869 257 41 1173 
1870 964 965 971 
1871 273 45 650 
1872 285 48 649 
1873 1006 1005 1007 
1874 959 961 1064 
1875 719 1046 1047 
1876 838 904 1060 
1877 1111 1164 1242 
1878 862 912 916 
1879 829 800 903 
1880 732 734 1051 
1881 268 269 677 
1882 38 246 673 
1883 34 230 676 
1884 40 254 672 
1885 36 238 674 
1886 42 262 671 
1887 265 43 681 
1888 807 892 902 
1889 283 284 682 
1890 271 272 683 
1891 286 287 679 
1892 274 275 678 
1893 961 963 964 
1894 734 736 1054 
1895 758 757 759 
1896 702 723 724 
1897 226 227 675 
1898 985 986 987 
1899 917 924 925 
1900 922 938 939 
1901 1159 1192 1199 
1902 41 258 667 
1903 37 242 670 
1904 39 250 669 
1905 35 234 668 
1906 46 278 680 
1907 1023 672 1129 
1908 930 843 1112 
1909 958 954 959 
1910 694 692 1081 
1911 279 280 666 
1912 1012 1011 1013 
1913 728 729 730 
1914 864 866 1073 
1915 967 969 970 
1916 768 769 770 
1917 946 947 948 
1918 721 719 1047 
1919 994 1001 1002 
1920 948 949 950 
1921 1061 904 1117 
1922 739 740 741 
1923 1010 1008 1011 
1924 860 862 1079 
1925 716 715 717 
1926 784 802 873 
1927 838 839 858 
1928 762 761 763 
1929 748 750 751 
1930 869 868 870 
1931 751 752 753 
1932 921 910 922 
1933 926 945 946 
1934 744 743 745 
1935 1014 1013 1015 
1936 982 943 983 
1937 917 925 1077 
1938 747 745 748 
1939 846 990 1167 
1940 828 901 932 
1941 964 963 965 
1942 942 883 943 
1943 714 711 715 
1944 916 912 917 
1945 718 717 719 
1946 730 731 732 
1947 950 951 952 
1948 766 765 767 
1949 817 885 1069 
1950 825 837 838 
1951 753 754 755 
1952 858 888 914 
1953 1016 1015 1020 
1954 1004 1005 1006 
1955 777 776 778 
1956 939 938 940 
1957 724 723 725 
1958 879 891 1067 
1959 952 953 954 
1960 781 780 782 
1961 704 694 1081 
1962 726 725 727 
1963 929 843 930 
1964 925 924 926 
1965 693 695 696 
1966 984 983 985 
1967 797 864 1114 
1968 768 767 769 
1969 820 790 859 
1970 885 886 887 
1971 1006 1007 1008 
1972 732 733 734 
1973 988 987 989 
1974 926 946 1080 
1975 770 771 772 
1976 782 784 1068 
1977 815 817 1069 
1978 866 869 1073 
1979 696 697 698 
1980 755 756 757 
1981 685 686 687 
1982 817 842 885 
1983 955 950 1125 
1984 728 727 729 
1985 793 704 905 
1986 720 719 721 
1987 797 826 864 
1988 887 907 908 
1989 741 798 821 
1990 1000 251 1201 
1991 993 989 994 
1992 946 945 947 
1993 1010 1011 1012 
1994 908 909 910 
1995 852 851 854 
1996 815 1069 1085 
1997 1012 1013 1014 
1998 948 947 949 
1999 813 1136 1230 
2000 858 839 888 
2001 806 831 860 
2002 864 865 866 
2003 959 960 961 
2004 838 837 839 
2005 860 861 862 
2006 813 768 1136 
2007 1059 919 1226 
2008 942 943 982 
2009 950 949 951 
2010 1003 1002 1004 
2011 952 958 1125 
2012 1018 1198 1210 
2013 862 916 1079 
2014 961 962 963 
2015 965 966 967 
2016 751 750 752 
2017 848 849 973 
2018 862 911 912 
2019 1014 1015 1016 
2020 698 699 700 
2021 894 855 1044 
2022 734 735 736 
2023 714 715 716 
2024 680 995 1192 
2025 759 760 761 
2026 870 878 879 
2027 730 729 731 
2028 1016 1020 1022 
2029 753 752 754 
2030 866 867 868 
2031 917 923 924 
2032 967 968 969 
2033 952 951 953 
2034 982 983 984 
2035 840 809 872 
2036 916 917 1077 
2037 922 937 938 
2038 716 717 718 
2039 770 769 771 
2040 852 897 898 
2041 1077 925 1145 
2042 772 773 774 
2043 974 849 976 
2044 899 846 918 
2045 738 721 739 
2046 691 688 705 
2047 879 890 891 
2048 914 888 915 
2049 985 987 988 
2050 755 754 756 
2051 718 719 720 
2052 763 764 765 
2053 929 930 936 
2054 706 705 707 
2055 778 779 780 
2056 732 731 733 
2057 959 954 960 
2058 965 963 966 
2059 782 783 784 
2060 696 695 697 
2061 700 701 702 
2062 988 989 993 
2063 736 742 743 
2064 770 822 1136 
2065 784 801 802 
2066 774 775 776 
2067 885 842 886 
2068 905 704 1081 
2069 994 1002 1003 
2070 651 1197 1213 
2071 1159 680 1192 
2072 926 944 945 
2073 887 886 907 
2074 875 1096 1116 
2075 925 926 1080 
2076 790 782 1068 
2077 802 824 825 
2078 748 749 750 
2079 1009 1008 1010 
2080 734 733 735 
2081 864 826 865 
2082 961 960 962 
2083 963 962 1072 
2084 967 966 968 
2085 943 883 1119 
2086 1095 795 1119 
2087 772 771 773 
2088 54 53 642 
2089 50 49 643 
2090 63 62 644 
2091 56 55 645 
2092 60 59 646 
2093 52 51 647 
2094 58 57 648 
2095 759 757 760 
2096 825 835 837 
2097 702 722 723 
2098 860 831 861 
2099 922 910 937 
2100 804 823 881 
2101 835 824 836 
2102 806 860 1083 
2103 917 912 923 
2104 908 907 909 
2105 880 1095 1119 
2106 862 861 911 
2107 830 805 880 
2108 881 884 895 
2109 708 707 709 
2110 793 905 931 
2111 918 846 1167 
2112 1096 791 1116 
2113 998 871 1093 
2114 966 963 1072 
2115 926 924 944 
2116 882 880 883 
2117 801 783 803 
2118 739 741 787 
2119 698 697 699 
2120 960 954 1082 
2121 870 868 878 
2122 954 953 1082 
2123 720 721 738 
2124 941 883 942 
2125 763 761 764 
2126 53 52 889 
2127 784 783 801 
2128 912 911 1076 
2129 995 680 1178 
2130 802 801 824 
2131 866 865 867 
2132 888 839 935 
2133 1006 1008 1009 
2134 962 960 972 
2135 902 892 1087 
2136 841 816 843 
2137 757 756 1083 
2138 924 923 1078 
2139 938 937 997 
2140 710 709 711 
2141 687 689 690 
2142 840 872 906 
2143 700 699 701 
2144 825 824 835 
2145 819 796 875 
2146 55 54 684 
2147 879 878 890 
2148 868 867 1074 
2149 876 977 979 
2150 991 854 992 
2151 876 875 877 
2152 736 735 742 
2153 61 60 850 
2154 713 711 714 
2155 837 835 893 
2156 1014 1016 1017 
2157 774 773 775 
2158 977 877 978 
2159 748 745 749 
2160 927 843 929 
2161 949 947 995 
2162 891 890 980 
2163 725 723 788 
2164 51 50 845 
2165 767 765 786 
2166 778 776 779 
2167 782 780 783 
2168 49 64 913 
2169 756 805 806 
2170 953 951 981 
2171 743 742 794 
2172 703 694 704 
2173 713 796 797 
2174 1026 884 1027 
2175 691 705 706 
2176 923 912 1076 
2177 1056 795 1132 
2178 64 63 847 
2179 752 750 795 
2180 840 906 996 
2181 944 924 1078 
2182 806 830 831 
2183 792 704 793 
2184 702 701 722 
2185 872 809 1092 
2186 62 61 874 
2187 1009 1010 1018 
2188 836 1190 1245 
2189 756 754 805 
2190 690 692 693 
2191 687 686 688 
2192 738 739 1092 
2193 797 819 826 
2194 861 831 933 
2195 817 841 842 
2196 830 880 882 
2197 878 868 1074 
2198 823 809 840 
2199 742 735 799 
2200 760 757 1083 
2201 706 707 708 
2202 972 960 1082 
2203 882 883 941 
2204 881 823 884 
2205 893 1091 1175 
2206 1074 867 1075 
2207 729 727 737 
2208 1079 916 1128 
2209 895 884 1026 
2210 693 694 695 
2211 848 973 975 
2212 703 792 815 
2213 886 842 928 
2214 773 771 785 
2215 1089 836 1090 
2216 716 718 791 
2217 815 816 817 
2218 876 877 977 
2219 806 805 830 
2220 804 738 809 
2221 865 826 896 
2222 898 897 957 
2223 701 699 746 
2224 720 738 804 
2225 819 875 876 
2226 708 710 712 
2227 973 849 974 
2228 713 714 796 
2229 733 731 789 
2230 852 854 897 
2231 839 837 1084 
2232 804 809 823 
2233 648 57 855 
2234 708 709 710 
2235 841 843 927 
2236 1203 1133 1257 
2237 899 918 919 
2238 648 856 857 
2239 710 711 713 
2240 885 887 1137 
2241 1028 934 1224 
2242 1025 749 1166 
2243 875 796 1096 
2244 769 767 1086 
2245 797 796 819 
2246 817 816 841 
2247 739 787 1092 
2248 689 688 691 
2249 859 790 1068 
2250 703 704 792 
2251 687 688 689 
2252 756 806 1083 
2253 690 689 692 
2254 837 893 1084 
2255 693 692 694 
2256 691 706 818 
2257 1004 1006 1088 
2258 695 694 703 
2259 835 836 1089 
2260 1001 794 1181 
2261 815 792 816 
2262 809 738 1092 
2263 1156 650 1208 
2264 935 839 1084 
2265 804 881 1106 
2266 880 805 1095 
2267 697 695 1085 
2268 856 855 894 
2269 897 854 991 
2270 754 752 1095 
2271 714 716 1096 
2272 893 835 1089 
2273 933 1097 1098 
2274 1006 1009 1088 
2275 1082 953 1094 
2276 767 786 1086 
2277 731 729 1100 
2278 796 714 1096 
2279 1074 1075 1111 
2280 953 981 1094 
2281 648 855 856 
2282 856 894 934 
2283 904 1055 1117 
2284 840 996 1099 
2285 746 1121 1137 
2286 933 831 1097 
2287 727 725 1105 
2288 831 830 1097 
2289 911 861 1101 
2290 876 979 1107 
2291 811 1028 1224 
2292 889 1066 1214 
2293 752 795 1095 
2294 843 816 1112 
2295 823 840 1099 
2296 1027 884 1099 
2297 718 720 1106 
2298 928 842 1104 
2299 907 886 1102 
2300 703 815 1085 
2301 695 703 1085 
2302 842 841 1104 
2303 805 754 1095 
2304 725 788 1105 
2305 1102 928 1103 
2306 896 826 1107 
2307 830 882 1097 
2308 716 791 1096 
2309 672 997 1200 
2310 826 819 1107 
2311 861 933 1101 
2312 884 823 1099 
2313 1108 896 1109 
2314 771 769 1118 
2315 792 793 1112 
2316 735 733 1110 
2317 713 797 1114 
2318 886 928 1102 
2319 760 1079 1128 
2320 841 927 1104 
2321 729 737 1100 
2322 881 895 1142 
2323 867 865 1108 
2324 819 876 1107 
2325 1075 867 1108 
2326 799 735 1110 
2327 789 731 1100 
2328 1081 692 1113 
2329 737 727 1105 
2330 1014 1017 1120 
2331 720 804 1106 
2332 1001 989 1174 
2333 1084 1175 1263 
2334 791 718 1106 
2335 722 1070 1184 
2336 877 875 1116 
2337 865 896 1108 
2338 761 760 1128 
2339 785 771 1118 
2340 1136 974 1230 
2341 712 710 1114 
2342 919 1059 1229 
2343 1012 1014 1120 
2344 733 789 1110 
2345 816 792 1112 
2346 746 1058 1170 
2347 710 713 1114 
2348 689 691 1113 
2349 769 1086 1118 
2350 883 880 1119 
2351 691 818 1113 
2352 708 712 1115 
2353 987 1025 1174 
2354 905 1189 1206 
2355 1085 1069 1121 
2356 692 689 1113 
2357 706 708 1115 
2358 896 1107 1127 
2359 993 994 1138 
2360 1165 915 1168 
2361 746 699 1121 
2362 1074 1111 1126 
2363 818 706 1115 
2364 1107 979 1127 
2365 890 878 1126 
2366 1098 1097 1122 
2367 699 697 1121 
2368 1121 1069 1137 
2369 906 872 1165 
2370 950 952 1125 
2371 795 750 1132 
2372 697 1085 1121 
2373 1097 882 1122 
2374 764 1077 1145 
2375 690 1038 1179 
2376 1102 1103 1241 
2377 1027 1163 1171 
2378 882 941 1122 
2379 1084 893 1175 
2380 878 1074 1126 
2381 282 283 1147 
2382 765 764 1145 
2383 890 1126 1133 
2384 648 857 1131 
2385 773 785 1135 
2386 1092 787 1123 
2387 967 970 1186 
2388 1103 249 1241 
2389 764 761 1128 
2390 1109 896 1127 
2391 776 775 1169 
2392 892 1057 1196 
2393 1111 670 1126 
2394 971 965 1186 
2395 1066 1065 1214 
2396 832 685 1179 
2397 872 1092 1123 
2398 888 935 1160 
2399 996 906 1130 
2400 743 794 1166 
2401 1190 970 1245 
2402 930 1221 1240 
2403 851 853 1182 
2404 58 648 1131 
2405 659 282 1147 
2406 1142 895 1176 
2407 283 682 1147 
2408 749 745 1166 
2409 750 749 1132 
2410 1046 812 1146 
2411 1067 931 1209 
2412 768 770 1136 
2413 1053 1071 1205 
2414 978 877 1176 
2415 980 890 1133 
2416 1040 1059 1226 
2417 780 779 1180 
2418 833 900 1223 
2419 1036 1041 1177 
2420 701 746 1170 
2421 775 773 1135 
2422 685 687 1179 
2423 803 783 1180 
2424 1069 885 1137 
2425 1126 670 1133 
2426 854 851 1182 
2427 994 1003 1138 
2428 723 722 1184 
2429 256 257 1197 
2430 985 988 1188 
2431 660 261 1150 
2432 662 245 1149 
2433 664 229 1151 
2434 228 664 1154 
2435 276 656 1153 
2436 236 663 1161 
2437 247 652 1152 
2438 654 240 1164 
2439 653 232 1163 
2440 285 649 1155 
2441 273 650 1156 
2442 649 48 1157 
2443 650 45 1158 
2444 656 277 1159 
2445 1064 964 1256 
2446 978 1176 1183 
2447 879 1067 1209 
2448 1018 1010 1185 
2449 38 673 1149 
2450 34 676 1151 
2451 42 671 1150 
2452 673 246 1152 
2453 900 820 1219 
2454 678 275 1153 
2455 682 284 1155 
2456 683 272 1156 
2457 286 679 1157 
2458 274 678 1158 
2459 675 227 1154 
2460 794 742 1181 
2461 1123 914 1165 
2462 871 870 1209 
2463 836 824 1190 
2464 46 680 1159 
2465 668 234 1162 
2466 1106 881 1142 
2467 1059 834 1229 
2468 905 1081 1189 
2469 949 995 1187 
2470 900 1219 1239 
2471 981 951 1187 
2472 1175 675 1263 
2473 786 765 1145 
2474 791 1106 1142 
2475 1071 975 1205 
2476 801 803 1190 
2477 1116 791 1142 
2478 261 42 1150 
2479 245 38 1149 
2480 229 34 1151 
2481 246 247 1152 
2482 275 276 1153 
2483 227 228 1154 
2484 284 285 1155 
2485 272 273 1156 
2486 48 286 1157 
2487 45 274 1158 
2488 240 241 1164 
2489 235 236 1161 
2490 232 233 1163 
2491 277 46 1159 
2492 914 915 1165 
2493 234 235 1162 
2494 995 947 1192 
2495 915 888 1160 
2496 996 653 1217 
2497 1012 1120 1185 
2498 643 1143 1144 
2499 1029 813 1172 
2500 958 959 1262 
2501 745 743 1166 
2502 233 35 1171 
2503 680 278 1178 
2504 279 666 1178 
2505 57 56 1260 
2506 849 644 1216 
2507 35 668 1171 
2508 1116 1142 1176 
2509 850 852 1215 
2510 779 776 1169 
2511 1163 1027 1217 
2512 931 1067 1221 
2513 1018 1185 1198 
2514 722 701 1170 
2515 658 270 1191 
2516 989 987 1174 
2517 1189 1093 1206 
2518 899 919 1229 
2519 271 683 1191 
2520 1158 1212 1267 
2521 891 980 1236 
2522 1120 667 1185 
2523 1076 911 1208 
2524 930 1112 1221 
2525 686 642 1214 
2526 1017 1016 1213 
2527 263 655 1194 
2528 976 1172 1230 
2529 1037 1036 1177 
2530 1078 923 1212 
2531 1158 678 1212 
2532 671 262 1194 
2533 847 848 1225 
2534 855 57 1260 
2535 956 847 1225 
2536 1155 649 1234 
2537 239 654 1195 
2538 654 1109 1195 
2539 674 238 1195 
2540 913 956 1223 
2541 900 1143 1223 
2542 775 1135 1262 
2543 857 856 1207 
2544 793 931 1221 
2545 249 1103 1250 
2546 661 253 1200 
2547 1163 233 1171 
2548 1169 1064 1256 
2549 40 672 1200 
2550 1221 1067 1240 
2551 872 1123 1165 
2552 907 1102 1211 
2553 244 662 1203 
2554 1004 1088 1193 
2555 1120 1017 1173 
2556 231 653 1204 
2557 1135 958 1262 
2558 968 966 1234 
2559 676 230 1204 
2560 666 280 1202 
2561 1130 906 1168 
2562 1000 909 1211 
2563 822 1053 1205 
2564 934 894 1224 
2565 962 972 1243 
2566 258 259 1198 
2567 661 999 1201 
2568 928 1104 1232 
2569 1146 812 1226 
2570 278 279 1178 
2571 1224 894 1251 
2572 1176 895 1183 
2573 933 1098 1248 
2574 687 690 1179 
2575 235 1161 1162 
2576 783 780 1180 
2577 992 854 1182 
2578 927 929 1233 
2579 877 1116 1176 
2580 259 260 1210 
2581 1148 984 1188 
2582 742 799 1181 
2583 818 1093 1189 
2584 1078 1153 1244 
2585 965 967 1186 
2586 1003 1004 1193 
2587 47 659 1235 
2588 1010 1012 1185 
2589 895 1026 1183 
2590 788 723 1184 
2591 681 1148 1188 
2592 37 670 1242 
2593 1044 1035 1251 
2594 951 949 1187 
2595 226 675 1249 
2596 670 242 1257 
2597 1027 1099 1217 
2598 1113 818 1189 
2599 984 985 1188 
2600 651 256 1197 
2601 655 1138 1194 
2602 249 39 1241 
2603 659 1094 1235 
2604 252 661 1201 
2605 660 1088 1252 
2606 270 271 1191 
2607 1130 676 1204 
2608 1109 654 1253 
2609 824 801 1190 
2610 257 1173 1197 
2611 947 945 1192 
2612 1108 1109 1253 
2613 645 1044 1260 
2614 670 1111 1242 
2615 262 263 1194 
2616 251 252 1201 
2617 1164 1075 1253 
2618 932 901 1239 
2619 931 905 1206 
2620 1026 668 1258 
2621 827 1052 1254 
2622 238 239 1195 
2623 1185 667 1198 
2624 1192 945 1199 
2625 667 258 1198 
2626 1081 1113 1189 
2627 1133 670 1257 
2628 1175 1091 1249 
2629 1087 892 1196 
2630 56 645 1260 
2631 253 40 1200 
2632 1149 673 1238 
2633 945 944 1199 
2634 1263 1154 1265 
2635 779 1169 1256 
2636 999 1000 1201 
2637 970 969 1245 
2638 280 281 1202 
2639 243 244 1203 
2640 230 231 1204 
2641 920 1131 1247 
2642 1065 686 1214 
2643 260 660 1210 
2644 1136 822 1266 
2645 675 1175 1249 
2646 870 879 1209 
2647 647 899 1228 
2648 934 1028 1254 
2649 975 973 1205 
2650 684 832 1227 
2651 1164 241 1242 
2652 852 898 1215 
2653 1088 1009 1252 
2654 976 849 1216 
2655 990 845 1220 
2656 856 934 1207 
2657 1150 671 1193 
2658 901 1144 1239 
2659 909 907 1211 
2660 788 1024 1264 
2661 1212 1076 1267 
2662 1041 645 1227 
2663 1093 871 1206 
2664 1066 889 1228 
2665 923 1076 1212 
2666 1033 811 1224 
2667 820 859 1219 
2668 1016 1022 1213 
2669 1219 932 1239 
2670 911 1101 1208 
2671 656 1159 1199 
2672 822 1205 1266 
2673 936 930 1240 
2674 894 1044 1251 
2675 679 1141 1255 
2676 812 1040 1226 
2677 1143 913 1223 
2678 968 1157 1259 
2679 656 1199 1244 
2680 1099 996 1217 
2681 248 249 1250 
2682 1199 944 1244 
2683 652 248 1250 
2684 1028 827 1254 
2685 675 1154 1263 
2686 1173 1017 1197 
2687 1104 927 1218 
2688 654 1164 1253 
2689 1033 1224 1251 
2690 1112 793 1221 
2691 1245 969 1255 
2692 848 975 1225 
2693 978 1183 1246 
2694 834 1066 1229 
2695 1196 920 1247 
2696 974 1136 1266 
2697 643 1144 1220 
2698 1152 652 1218 
2699 679 1255 1259 
2700 281 47 1235 
2701 915 1160 1222 
2702 39 669 1241 
2703 1021 1105 1264 
2704 1035 1033 1251 
2705 966 1072 1234 
2706 1205 973 1266 
2707 974 976 1230 
2708 977 978 1231 
2709 1216 874 1237 
2710 874 1215 1237 
2711 1103 928 1232 
2712 935 1263 1265 
2713 241 37 1242 
2714 1009 1018 1252 
2715 653 1163 1217 
2716 1202 281 1235 
2717 857 1087 1247 
2718 1067 891 1240 
2719 929 936 1238 
2720 964 971 1256 
2721 1161 663 1231 
2722 959 1064 1262 
2723 1044 855 1260 
2724 1072 962 1243 
2725 1090 836 1245 
2726 243 1203 1257 
2727 33 226 1249 
2728 1052 1207 1254 
2729 979 977 1261 
2730 1105 788 1264 
2731 1076 1208 1267 
2732 242 243 1257 
2733 944 1078 1244 
2734 1168 915 1222 
2735 1246 1183 1258 
2736 673 1152 1233 
2737 969 968 1259 
2738 1157 679 1259 
2739 1101 933 1248 
2740 1075 1108 1253 
2741 973 974 1266 
2742 1160 935 1265 
2743 935 1084 1263 
2744 1153 656 1244 
2745 1131 857 1247 
2746 1134 979 1261 
2747 1183 1026 1258 
2748 1172 813 1230 
2749 1090 1245 1255 
2750 1231 663 1261 
2751 1162 1161 1246 
2752 1141 1090 1255 
2753 663 1134 1261 
2754 1154 664 1265 
2755 668 1162 1258 
2756 650 1158 1267 
2757 977 1231 1261 
2758 664 1160 1265 
2759 1255 969 1259 
2760 1152 1218 1233 
2761 1018 1210 1252 
2762 1218 927 1233 
2763 1232 652 1250 
2764 1087 1196 1247 
2765 1215 898 1237 
2766 976 1216 1237 
2767 1162 1246 1258 
2768 1208 650 1267 
2769 1231 978 1246 
2770 1210 660 1252 
2771 1207 934 1254 
2772 1161 1231 1246 
2773 1103 1232 1250 
2 9 2 64
2774 1273 1269 1282 
2775 1269 1280 1282 
2776 1269 1273 1285 
2777 1272 1276 1277 
2778 1276 1270 1277 
2779 59 60 1274 
2780 57 58 1271 
2781 63 64 1272 
2782 51 52 1273 
2783 61 62 1268 
2784 53 54 1269 
2785 49 50 1270 
2786 55 56 1275 
2787 1280 1269 1291 
2788 1279 1277 1280 
2789 1277 1270 1282 
2790 1282 1270 1283 
2791 1281 1275 1289 
2792 1271 1281 1289 
2793 1272 1277 1278 
2794 1273 1282 1283 
2795 1279 1280 1281 
2796 1278 1277 1279 
2797 59 1274 1288 
2798 63 1272 1287 
2799 49 1270 1276 
2800 1269 54 1286 
2801 1271 58 1288 
2802 1273 52 1285 
2803 53 1269 1285 
2804 60 61 1284 
2805 1274 60 1284 
2806 62 63 1287 
2807 1272 64 1276 
2808 55 1275 1286 
2809 1275 56 1289 
2810 1270 50 1283 
2811 56 57 1289 
2812 1268 62 1287 
2813 64 49 1276 
2814 50 51 1283 
2815 51 1273 1283 
2816 54 55 1286 
2817 57 1271 1289 
2818 61 1268 1284 
2819 52 53 1285 
2820 58 59 1288 
2821 1280 1277 1282 
2822 1278 1279 1292 
2823 1275 1281 1291 
2824 1281 1280 1291 
2825 1278 1268 1287 
2826 1272 1278 1287 
2827 1290 1274 1292 
2828 1279 1290 1292 
2829 1268 1278 1292 
2830 1281 1271 1290 
2831 1279 1281 1290 
2832 1288 1274 1290 
2833 1271 1288 1290 
2834 1286 1275 1291 
2835 1269 1286 1291 
2836 1274 1284 1292 
2837 1284 1268 1292 
$EndElements
