$MeshFormat
4.1 0 8
$EndMeshFormat
$PhysicalNames
20
0 1001 "e1"
0 1002 "e2"
0 1003 "e3"
0 1004 "e4"
0 1005 "e5"
0 1006 "e6"
0 1007 "e7"
0 1008 "e8"
0 1009 "e9"
0 1010 "e10"
0 1011 "e11"
0 1012 "e12"
0 1013 "e13"
0 1014 "e14"
0 1015 "e15"
0 1016 "e16"
2 201 "Skin"
2 202 "Fat"
2 203 "Muscle"
2 204 "Bone"
$EndPhysicalNames
$Entities
65 64 4 0
1 0.07156995623784657 0.02964524653216494 0 1 1001 
2 0.05477727301463679 0.05477727301463677 0 1 1002 
3 0.02964524653216494 0.07156995623784657 0 1 1003 
4 4.743471131108978e-18 0.07746676240711309 0 1 1004 
5 -0.02964524653216494 0.07156995623784657 0 1 1005 
6 -0.05477727301463677 0.05477727301463679 0 1 1006 
7 -0.07156995623784657 0.02964524653216495 0 1 1007 
8 -0.07746676240711309 9.486942262217956e-18 0 1 1008 
9 -0.07156995623784657 -0.02964524653216493 0 1 1009 
10 -0.05477727301463679 -0.05477727301463677 0 1 1010 
11 -0.02964524653216498 -0.07156995623784654 0 1 1011 
12 -1.423041339332693e-17 -0.07746676240711309 0 1 1012 
13 0.02964524653216496 -0.07156995623784655 0 1 1013 
14 0.05477727301463677 -0.05477727301463679 0 1 1014 
15 0.07156995623784654 -0.02964524653216499 0 1 1015 
16 0.07746676240711309 -1.897388452443591e-17 0 1 1016 
17 0.06970168000546831 0.02887138117845456 0 0 
18 0.05334735629221153 0.05334735629221152 0 0 
19 0.02887138117845457 0.06970168000546831 0 0 
20 4.619646626539322e-18 0.07544455478519521 0 0 
21 -0.02887138117845456 0.06970168000546831 0 0 
22 -0.05334735629221152 0.05334735629221153 0 0 
23 -0.06970168000546831 0.02887138117845457 0 0 
24 -0.07544455478519521 9.239293253078644e-18 0 0 
25 -0.06970168000546832 -0.02887138117845455 0 0 
26 -0.05334735629221154 -0.05334735629221152 0 0 
27 -0.0288713811784546 -0.06970168000546829 0 0 
28 -1.385893987961797e-17 -0.07544455478519521 0 0 
29 0.02887138117845458 -0.06970168000546831 0 0 
30 0.05334735629221152 -0.05334735629221154 0 0 
31 0.06970168000546829 -0.02887138117845461 0 0 
32 0.07544455478519521 -1.847858650615729e-17 0 0 
33 0.0539338918807809 0.02234014948858361 0 0 
34 0.04127921373148977 0.04127921373148977 0 0 
35 0.02234014948858361 0.0539338918807809 0 0 
36 3.57459851274229e-18 0.05837762390317053 0 0 
37 -0.0223401494885836 0.0539338918807809 0 0 
38 -0.04127921373148977 0.04127921373148977 0 0 
39 -0.0539338918807809 0.02234014948858361 0 0 
40 -0.05837762390317053 7.14919702548458e-18 0 0 
41 -0.05393389188078091 -0.0223401494885836 0 0 
42 -0.04127921373148978 -0.04127921373148977 0 0 
43 -0.02234014948858364 -0.05393389188078089 0 0 
44 -1.072379553822687e-17 -0.05837762390317053 0 0 
45 0.02234014948858362 -0.0539338918807809 0 0 
46 0.04127921373148976 -0.04127921373148978 0 0 
47 0.05393389188078089 -0.02234014948858364 0 0 
48 0.05837762390317053 -1.429839405096916e-17 0 0 
49 0.007492159429490013 0.003103354047156234 0 0 
50 0.005734250572607423 0.005734250572607422 0 0 
51 0.003103354047156235 0.007492159429490013 0 0 
52 4.965609011321243e-19 0.008109454929827103 0 0 
53 -0.003103354047156233 0.007492159429490013 0 0 
54 -0.005734250572607422 0.005734250572607423 0 0 
55 -0.007492159429490013 0.003103354047156235 0 0 
56 -0.008109454929827103 9.931218022642485e-19 0 0 
57 -0.007492159429490014 -0.003103354047156233 0 0 
58 -0.005734250572607424 -0.005734250572607422 0 0 
59 -0.003103354047156239 -0.007492159429490011 0 0 
60 -1.489682703396373e-18 -0.008109454929827103 0 0 
61 0.003103354047156236 -0.007492159429490012 0 0 
62 0.00573425057260742 -0.005734250572607424 0 0 
63 0.007492159429490011 -0.003103354047156239 0 0 
64 0.008109454929827103 -1.986243604528497e-18 0 0 
1000 0 0 0 0 
1 0.05477727301463683 0.02964524653216492 0 0.07156995623784658 0.05477727301463674 0 0 2 1 -2 
2 0.02964524653216494 0.05477727301463677 0 0.05477727301463679 0.07156995623784657 0 0 2 2 -3 
3 0 0.07156995623784657 0 0.02964524653216494 0.07746676240711309 0 0 2 3 -4 
4 -0.02964524653216494 0.07156995623784657 0 5.204170427930421e-18 0.07746676240711309 0 0 2 4 -5 
5 -0.05477727301463677 0.05477727301463678 0 -0.02964524653216494 0.07156995623784657 0 0 2 5 -6 
6 -0.07156995623784657 0.02964524653216495 0 -0.05477727301463677 0.05477727301463679 0 0 2 6 -7 
7 -0.07746676240711309 1.040834085586084e-17 0 -0.07156995623784657 0.02964524653216495 0 0 2 7 -8 
8 -0.07746676240711309 -0.02964524653216493 0 -0.07156995623784657 8.673617379884035e-18 0 0 2 8 -9 
9 -0.07156995623784658 -0.05477727301463679 0 -0.05477727301463677 -0.02964524653216492 0 0 2 9 -10 
10 -0.05477727301463679 -0.07156995623784654 0 -0.02964524653216499 -0.05477727301463677 0 0 2 10 -11 
11 -0.02964524653216499 -0.07746676240711309 0 -6.938893903907228e-18 -0.07156995623784655 0 0 2 11 -12 
12 -1.387778780781446e-17 -0.07746676240711309 0 0.02964524653216496 -0.07156995623784655 0 0 2 12 -13 
13 0.02964524653216496 -0.07156995623784655 0 0.05477727301463677 -0.05477727301463679 0 0 2 13 -14 
14 0.05477727301463677 -0.05477727301463679 0 0.07156995623784654 -0.02964524653216499 0 0 2 14 -15 
15 0.07156995623784654 -0.02964524653216499 0 0.07746676240711309 -3.469446951953614e-18 0 0 2 15 -16 
16 0.07156995623784657 -1.908195823574488e-17 0 0.07746676240711309 0.02964524653216494 0 0 2 16 -1 
17 0.05334735629221154 0.02887138117845454 0 0.06970168000546831 0.05334735629221148 0 0 2 17 -18 
18 0.02887138117845457 0.05334735629221152 0 0.05334735629221153 0.06970168000546831 0 0 2 18 -19 
19 -6.938893903907228e-18 0.06970168000546829 0 0.02887138117845456 0.07544455478519518 0 0 2 19 -20 
20 -0.02887138117845456 0.06970168000546831 0 5.204170427930421e-18 0.07544455478519521 0 0 2 20 -21 
21 -0.05334735629221153 0.05334735629221157 0 -0.02887138117845457 0.06970168000546834 0 0 2 21 -22 
22 -0.06970168000546831 0.02887138117845457 0 -0.05334735629221152 0.05334735629221153 0 0 2 22 -23 
23 -0.07544455478519518 -3.469446951953614e-18 0 -0.06970168000546829 0.02887138117845457 0 0 2 23 -24 
24 -0.07544455478519521 -0.02887138117845455 0 -0.06970168000546831 8.673617379884035e-18 0 0 2 24 -25 
25 -0.06970168000546832 -0.05334735629221152 0 -0.05334735629221152 -0.02887138117845455 0 0 2 25 -26 
26 -0.05334735629221154 -0.06970168000546831 0 -0.02887138117845461 -0.05334735629221152 0 0 2 26 -27 
27 -0.0288713811784546 -0.07544455478519523 0 -1.387778780781446e-17 -0.06970168000546829 0 0 2 27 -28 
28 -1.387778780781446e-17 -0.07544455478519521 0 0.02887138117845458 -0.06970168000546831 0 0 2 28 -29 
29 0.02887138117845456 -0.06970168000546832 0 0.0533473562922115 -0.05334735629221155 0 0 2 29 -30 
30 0.05334735629221152 -0.05334735629221154 0 0.06970168000546831 -0.02887138117845461 0 0 2 30 -31 
31 0.06970168000546829 -0.0288713811784546 0 0.07544455478519521 -2.42861286636753e-17 0 0 2 31 -32 
32 0.06970168000546832 -1.908195823574488e-17 0 0.07544455478519521 0.02887138117845457 0 0 2 32 -17 
33 0.04127921373148978 0.02234014948858361 0 0.05393389188078092 0.04127921373148977 0 0 2 33 -34 
34 0.02234014948858363 0.04127921373148978 0 0.04127921373148979 0.05393389188078092 0 0 2 34 -35 
35 3.469446951953614e-18 0.05393389188078093 0 0.02234014948858362 0.05837762390317054 0 0 2 35 -36 
36 -0.0223401494885836 0.0539338918807809 0 3.469446951953614e-18 0.05837762390317053 0 0 2 36 -37 
37 -0.04127921373148977 0.04127921373148977 0 -0.02234014948858361 0.05393389188078092 0 0 2 37 -38 
38 -0.05393389188078092 0.02234014948858363 0 -0.04127921373148978 0.04127921373148979 0 0 2 38 -39 
39 -0.05837762390317055 5.551115123125783e-17 0 -0.05393389188078092 0.02234014948858364 0 0 2 39 -40 
40 -0.05837762390317053 -0.0223401494885836 0 -0.0539338918807809 6.938893903907228e-18 0 0 2 40 -41 
41 -0.05393389188078093 -0.04127921373148977 0 -0.04127921373148979 -0.02234014948858361 0 0 2 41 -42 
42 -0.04127921373148978 -0.05393389188078089 0 -0.02234014948858364 -0.04127921373148976 0 0 2 42 -43 
43 -0.02234014948858364 -0.05837762390317053 0 -1.040834085586084e-17 -0.05393389188078089 0 0 2 43 -44 
44 -1.040834085586084e-17 -0.05837762390317053 0 0.02234014948858362 -0.0539338918807809 0 0 2 44 -45 
45 0.02234014948858363 -0.0539338918807809 0 0.04127921373148976 -0.04127921373148979 0 0 2 45 -46 
46 0.04127921373148977 -0.0412792137314898 0 0.0539338918807809 -0.02234014948858367 0 0 2 46 -47 
47 0.05393389188078089 -0.02234014948858364 0 0.05837762390317053 -1.387778780781446e-17 0 0 2 47 -48 
48 0.0539338918807809 -1.387778780781446e-17 0 0.05837762390317053 0.02234014948858361 0 0 2 48 -33 
49 0.005734250572607422 0.003103354047156234 0 0.007492159429490013 0.005734250572607421 0 0 2 49 -50 
50 0.003103354047156234 0.005734250572607422 0 0.005734250572607423 0.007492159429490013 0 0 2 50 -51 
51 -8.673617379884035e-19 0.007492159429490012 0 0.003103354047156236 0.008109454929827103 0 0 2 51 -52 
52 -0.003103354047156233 0.007492159429490013 0 4.336808689942018e-19 0.008109454929827103 0 0 2 52 -53 
53 -0.005734250572607421 0.005734250572607422 0 -0.003103354047156233 0.007492159429490013 0 0 2 53 -54 
54 -0.007492159429490013 0.003103354047156235 0 -0.005734250572607422 0.005734250572607423 0 0 2 54 -55 
55 -0.008109454929827103 8.673617379884035e-19 0 -0.007492159429490013 0.003103354047156235 0 0 2 55 -56 
56 -0.008109454929827103 -0.003103354047156233 0 -0.007492159429490013 1.084202172485504e-18 0 0 2 56 -57 
57 -0.007492159429490014 -0.005734250572607423 0 -0.005734250572607421 -0.003103354047156231 0 0 2 57 -58 
58 -0.005734250572607425 -0.007492159429490013 0 -0.00310335404715624 -0.005734250572607423 0 0 2 58 -59 
59 -0.003103354047156239 -0.008109454929827103 0 -1.301042606982605e-18 -0.007492159429490011 0 0 2 59 -60 
60 -1.517883041479706e-18 -0.008109454929827103 0 0.003103354047156236 -0.007492159429490012 0 0 2 60 -61 
61 0.003103354047156236 -0.007492159429490012 0 0.005734250572607421 -0.005734250572607423 0 0 2 61 -62 
62 0.00573425057260742 -0.005734250572607424 0 0.007492159429490011 -0.003103354047156238 0 0 2 62 -63 
63 0.007492159429490011 -0.003103354047156239 0 0.008109454929827103 -1.734723475976807e-18 0 0 2 63 -64 
64 0.007492159429490013 -1.951563910473908e-18 0 0.008109454929827103 0.003103354047156234 0 0 2 64 -49 
6 -0.07746676240711309 -0.07746676240711309 0 0.07746676240711309 0.07746676240711309 0 1 201 32 1 2 3 4 5 6 7 8 9 10 11 12 13 14 15 16 -32 -31 -30 -29 -28 -27 -26 -25 -24 -23 -22 -21 -20 -19 -18 -17 
7 -0.07544455478519521 -0.07544455478519521 0 0.07544455478519521 0.07544455478519521 0 1 202 32 17 18 19 20 21 22 23 24 25 26 27 28 29 30 31 32 -48 -47 -46 -45 -44 -43 -42 -41 -40 -39 -38 -37 -36 -35 -34 -33 
8 -0.05837762390317056 -0.05837762390317053 0 0.05837762390317053 0.05837762390317054 0 1 203 32 33 34 35 36 37 38 39 40 41 42 43 44 45 46 47 48 -64 -63 -62 -61 -60 -59 -58 -57 -56 -55 -54 -53 -52 -51 -50 -49 
9 -0.008109454929827103 -0.008109454929827103 0 0.008109454929827103 0.008109454929827103 0 1 204 16 49 50 51 52 53 54 55 56 57 58 59 60 61 62 63 64 
$EndEntities
$Nodes
116 1371 1 1372
0 1 0 1
1
0.07156995623784657 0.02964524653216494 0
0 2 0 1
2
0.05477727301463679 0.05477727301463677 0
0 3 0 1
3
0.02964524653216494 0.07156995623784657 0
0 4 0 1
4
4.743471131108978e-18 0.07746676240711309 0
0 5 0 1
5
-0.02964524653216494 0.07156995623784657 0
0 6 0 1
6
-0.05477727301463677 0.05477727301463679 0
0 7 0 1
7
-0.07156995623784657 0.02964524653216495 0
0 8 0 1
8
-0.07746676240711309 9.486942262217956e-18 0
0 9 0 1
9
-0.07156995623784657 -0.02964524653216493 0
0 10 0 1
10
-0.05477727301463679 -0.05477727301463677 0
0 11 0 1
11
-0.02964524653216498 -0.07156995623784654 0
0 12 0 1
12
-1.423041339332693e-17 -0.07746676240711309 0
0 13 0 1
13
0.02964524653216496 -0.07156995623784655 0
0 14 0 1
14
0.05477727301463677 -0.05477727301463679 0
0 15 0 1
15
0.07156995623784654 -0.02964524653216499 0
0 16 0 1
16
0.07746676240711309 -1.897388452443591e-17 0
0 17 0 1
17
0.06970168000546831 0.02887138117845456 0
0 18 0 1
18
0.05334735629221153 0.05334735629221152 0
0 19 0 1
19
0.02887138117845457 0.06970168000546831 0
0 20 0 1
20
4.619646626539322e-18 0.07544455478519521 0
0 21 0 1
21
-0.02887138117845456 0.06970168000546831 0
0 22 0 1
22
-0.05334735629221152 0.05334735629221153 0
0 23 0 1
23
-0.06970168000546831 0.02887138117845457 0
0 24 0 1
24
-0.07544455478519521 9.239293253078644e-18 0
0 25 0 1
25
-0.06970168000546832 -0.02887138117845455 0
0 26 0 1
26
-0.05334735629221154 -0.05334735629221152 0
0 27 0 1
27
-0.0288713811784546 -0.06970168000546829 0
0 28 0 1
28
-1.385893987961797e-17 -0.07544455478519521 0
0 29 0 1
29
0.02887138117845458 -0.06970168000546831 0
0 30 0 1
30
0.05334735629221152 -0.05334735629221154 0
0 31 0 1
31
0.06970168000546829 -0.02887138117845461 0
0 32 0 1
32
0.07544455478519521 -1.847858650615729e-17 0
0 33 0 1
33
0.0539338918807809 0.02234014948858361 0
0 34 0 1
34
0.04127921373148977 0.04127921373148977 0
0 35 0 1
35
0.02234014948858361 0.0539338918807809 0
0 36 0 1
36
3.57459851274229e-18 0.05837762390317053 0
0 37 0 1
37
-0.0223401494885836 0.0539338918807809 0
0 38 0 1
38
-0.04127921373148977 0.04127921373148977 0
0 39 0 1
39
-0.0539338918807809 0.02234014948858361 0
0 40 0 1
40
-0.05837762390317053 7.14919702548458e-18 0
0 41 0 1
41
-0.05393389188078091 -0.0223401494885836 0
0 42 0 1
42
-0.04127921373148978 -0.04127921373148977 0
0 43 0 1
43
-0.02234014948858364 -0.05393389188078089 0
0 44 0 1
44
-1.072379553822687e-17 -0.05837762390317053 0
0 45 0 1
45
0.02234014948858362 -0.0539338918807809 0
0 46 0 1
46
0.04127921373148976 -0.04127921373148978 0
0 47 0 1
47
0.05393389188078089 -0.02234014948858364 0
0 48 0 1
48
0.05837762390317053 -1.429839405096916e-17 0
0 49 0 1
49
0.007492159429490013 0.003103354047156234 0
0 50 0 1
50
0.005734250572607423 0.005734250572607422 0
0 51 0 1
51
0.003103354047156235 0.007492159429490013 0
0 52 0 1
52
4.965609011321243e-19 0.008109454929827103 0
0 53 0 1
53
-0.003103354047156233 0.007492159429490013 0
0 54 0 1
54
-0.005734250572607422 0.005734250572607423 0
0 55 0 1
55
-0.007492159429490013 0.003103354047156235 0
0 56 0 1
56
-0.008109454929827103 9.931218022642485e-19 0
0 57 0 1
57
-0.007492159429490014 -0.003103354047156233 0
0 58 0 1
58
-0.005734250572607424 -0.005734250572607422 0
0 59 0 1
59
-0.003103354047156239 -0.007492159429490011 0
0 60 0 1
60
-1.489682703396373e-18 -0.008109454929827103 0
0 61 0 1
61
0.003103354047156236 -0.007492159429490012 0
0 62 0 1
62
0.00573425057260742 -0.005734250572607424 0
0 63 0 1
63
0.007492159429490011 -0.003103354047156239 0
0 64 0 1
64
0.008109454929827103 -1.986243604528497e-18 0
1 1 0 6
66
67
68
69
70
71
0.06979514121160926 0.03361156856041729 0
0.06780072485363997 0.03747213614355496 0
0.06559298234086249 0.04121480250433589 0
0.0631788600314602 0.04482779185912764 0
0.0605659536592339 0.04829973638838665 0
0.05776248441454243 0.05161971204975724 0
1 2 0 6
72
73
74
75
76
77
0.05161971202798842 0.05776248443399622 0
0.04829973632008715 0.06056595371370091 0
0.04482779178006333 0.06317886008755931 0
0.04121480241173228 0.06559298239904918 0
0.03747213606055676 0.06780072489951144 0
0.03361156850768666 0.06979514123700299 0
1 3 0 6
78
79
80
81
82
83
0.02558564961151446 0.07311958569218592 0
0.02144555076607432 0.07443915387872055 0
0.01723797628508053 0.07552450894534245 0
0.01297616476003773 0.07637223596281874 0
0.008673525437022784 0.0769796676683748 0
0.004343596002049661 0.0773448928605573 0
1 4 0 6
84
85
86
87
88
89
-0.004343596027953473 0.07734489285910258 0
-0.008673525495839286 0.07697966766174777 0
-0.01297616484069622 0.07637223594911431 0
-0.01723797635653326 0.07552450892903383 0
-0.02144555080971714 0.07443915386614729 0
-0.02558564962617923 0.07311958568705448 0
1 5 0 6
90
91
92
93
94
95
-0.03361156854408386 0.06979514121947504 0
-0.03747213611892238 0.0678007248672539 0
-0.04121480247816948 0.06559298235730392 0
-0.04482779183438659 0.06317886004901491 0
-0.04829973635638178 0.06056595368475692 0
-0.05161971204779775 0.05776248441629353 0
1 6 0 6
96
97
98
99
100
101
-0.05776248443850882 0.05161971202293883 0
-0.06056595372006118 0.04829973631211163 0
-0.06317886009366336 0.04482779177146048 0
-0.06559298239541453 0.04121480241751678 0
-0.06780072489485046 0.03747213606899016 0
-0.06979514123525503 0.03361156851131633 0
1 7 0 6
102
103
104
105
106
107
-0.07311958569447101 0.02558564960498406 0
-0.07443915387970546 0.02144555076265572 0
-0.07552450894557111 0.01723797628407864 0
-0.0763722359606398 0.01297616477286205 0
-0.07697966766647721 0.00867352545386451 0
-0.07734489286002859 0.00434359601146438 0
1 8 0 6
108
109
110
111
112
113
-0.07734489285918579 -0.004343596026471815 0
-0.0769796676622615 -0.00867352549127976 0
-0.07637223595022509 -0.01297616483415862 0
-0.07552450892977229 -0.01723797635329782 0
-0.07443915386576029 -0.02144555081106039 0
-0.07311958568809104 -0.02558564962321692 0
1 9 0 6
114
115
116
117
118
119
-0.06979514121908052 -0.03361156854490303 0
-0.06780072486190607 -0.03747213612859856 0
-0.06559298235039193 -0.04121480248916987 0
-0.06317886003999913 -0.04482779184709313 0
-0.06056595367805385 -0.04829973636478717 0
-0.05776248442003322 -0.05161971204361303 0
1 10 0 6
120
121
122
123
124
125
-0.05161971202934108 -0.05776248443278741 0
-0.04829973632387831 -0.06056595371067758 0
-0.04482779178542481 -0.06317886008375515 0
-0.04121480243534693 -0.06559298238421113 0
-0.03747213609076104 -0.06780072488281813 0
-0.03361156852942611 -0.06979514122653384 0
1 11 0 6
126
127
128
129
130
131
-0.02558564960932726 -0.07311958569295127 0
-0.02144555076535263 -0.07443915387892849 0
-0.01723797629143695 -0.07552450894389164 0
-0.01297616476406548 -0.07637223596213441 0
-0.008673525436273151 -0.07697966766845926 0
-0.004343595994996011 -0.07734489286095343 0
1 12 0 6
132
133
134
135
136
137
0.004343596022612011 -0.07734489285940255 0
0.008673525484419608 -0.07697966766303446 0
0.0129761648317334 -0.07637223595063715 0
0.01723797635649093 -0.07552450892904349 0
0.02144555081703522 -0.07443915386403897 0
0.02558564963879033 -0.07311958568264167 0
1 13 0 6
138
139
140
141
142
143
0.03361156854235147 -0.06979514122030929 0
0.0374721361114192 -0.06780072487140076 0
0.04121480248790364 -0.06559298235118755 0
0.04482779182463265 -0.0631788600559357 0
0.04829973634882928 -0.06056595369077984 0
0.05161971204632204 -0.05776248441761231 0
1 14 0 6
144
145
146
147
148
149
0.05776248443509475 -0.05161971202675918 0
0.06056595371511953 -0.04829973631830829 0
0.06317886008831297 -0.04482779177900115 0
0.06559298238996555 -0.04121480242618882 0
0.06780072488849578 -0.0374721360804881 0
0.06979514123064387 -0.03361156852089152 0
1 15 0 6
150
151
152
153
154
155
0.07311958569153196 -0.02558564961338334 0
0.07443915387927326 -0.02144555076415586 0
0.07552450894648573 -0.01723797628007143 0
0.07637223596299353 -0.01297616475900895 0
0.07697966766898433 -0.008673525431613024 0
0.0773448928607971 -0.004343595997779604 0
1 16 0 6
156
157
158
159
160
161
0.07734489285923779 0.004343596025545695 0
0.07697966766259884 0.008673525488285788 0
0.07637223595055438 0.01297616483222057 0
0.07552450892903088 0.01723797635654611 0
0.07443915386485307 0.02144555081420944 0
0.07311958568408275 0.02558564963467198 0
1 17 0 5
162
163
164
165
166
0.06766416467793429 0.03336827333221944 0
0.06533690100286522 0.03772227742432988 0
0.06272985469673258 0.04191474891327797 0
0.05985418953120931 0.0459277350007421 0
0.05672221955362272 0.0497440514599177 0
1 18 0 5
167
168
169
170
171
0.0497440514673707 0.05672221954708662 0
0.04592773496212924 0.05985418956083804 0
0.04191474885417962 0.06272985473622086 0
0.03772227737670346 0.06533690103036238 0
0.03336827331425384 0.06766416468679398 0
1 19 0 5
172
173
174
175
176
0.02425085734023174 0.07144072203582526 0
0.01952648760243977 0.07287384392666607 0
0.01471850245206542 0.07399490882692446 0
0.009847490436309024 0.07479911616351574 0
0.004934309958988227 0.07528302220265169 0
1 20 0 5
177
178
179
180
181
-0.004934309980455465 0.07528302220124468 0
-0.009847490488295561 0.07479911615667159 0
-0.01471850252485227 0.07399490881244628 0
-0.01952648765554928 0.07287384391243544 0
-0.02425085736618489 0.07144072202701536 0
1 21 0 5
182
183
184
185
186
-0.03336827332955053 0.06766416467925052 0
-0.03772227740851622 0.06533690101199528 0
-0.04191474891615565 0.06272985469480982 0
-0.04592773500035312 0.05985418953150787 0
-0.04974405147554557 0.0567222195399175 0
1 22 0 5
187
188
189
190
191
-0.0567222195457965 0.04974405146884182 0
-0.05985418955971418 0.04592773496359386 0
-0.0627298547389037 0.04191474885016445 0
-0.06533690103295049 0.0377222773722207 0
-0.06766416468486909 0.03336827331815714 0
1 23 0 5
192
193
194
195
196
-0.07144072203225783 0.02425085735074101 0
-0.07287384392549554 0.01952648760680827 0
-0.07399490882629599 0.01471850245522489 0
-0.07479911616274233 0.009847490442183696 0
-0.07528302220271238 0.00493430995806245 0
1 24 0 5
197
198
199
200
201
-0.07528302220122735 -0.004934309980719861 0
-0.07479911615658415 -0.009847490488959781 0
-0.07399490881203986 -0.01471850252689537 0
-0.0728738439127129 -0.01952648765451373 0
-0.07144072202786733 -0.02425085736367506 0
1 25 0 5
202
203
204
205
206
-0.06766416467654657 -0.03336827333503354 0
-0.06533690101126276 -0.03772227740978497 0
-0.06272985469958976 -0.04191474890900194 0
-0.05985418953516519 -0.04592773499558676 0
-0.05672221953635653 -0.04974405147960603 0
1 26 0 5
207
208
209
210
211
-0.0497440514687011 -0.0567222195459199 0
-0.04592773497363391 -0.0598541895520102 0
-0.04191474885883623 -0.06272985473310941 0
-0.03772227738321164 -0.06533690102660489 0
-0.03336827330803951 -0.06766416468985856 0
1 27 0 5
212
213
214
215
216
-0.02425085735535317 -0.07144072203069222 0
-0.01952648762131303 -0.07287384392160901 0
-0.01471850246205334 -0.07399490882493774 0
-0.00984749043902404 -0.07479911616315831 0
-0.004934309963849415 -0.07528302220233309 0
1 28 0 5
217
218
219
220
221
0.004934309976044242 -0.07528302220153381 0
0.009847490479137667 -0.07479911615787725 0
0.01471850252022639 -0.07399490881336641 0
0.01952648765073082 -0.07287384391372653 0
0.02425085735728942 -0.07144072203003496 0
1 29 0 5
222
223
224
225
226
0.03336827334685821 -0.06766416467071529 0
0.03772227742525137 -0.06533690100233323 0
0.04191474893287707 -0.0627298546836369 0
0.04592773501577717 -0.05985418951967252 0
0.04974405147828385 -0.05672221953751605 0
1 30 0 5
227
228
229
230
231
0.05672221954830837 -0.04974405146597757 0
0.05985418956202237 -0.04592773496058579 0
0.06272985474111462 -0.0419147488468556 0
0.06533690102846078 -0.03772227737999712 0
0.06766416468479501 -0.03336827331830734 0
1 31 0 5
232
233
234
235
236
0.07144072203295528 -0.02425085734868644 0
0.07287384392446286 -0.01952648761066228 0
0.07399490882380805 -0.01471850246773276 0
0.0747991161616338 -0.009847490450603898 0
0.0752830222021367 -0.004934309966845945 0
1 32 0 5
237
238
239
240
241
0.07528302220147434 0.004934309976951513 0
0.07479911615792373 0.009847490478784712 0
0.07399490881467392 0.01471850251365311 0
0.07287384391588898 0.01952648764266047 0
0.07144072203170118 0.0242508573523809 0
1 33 0 4
242
243
244
245
0.05201484375968203 0.02650288665854901 0
0.04977510682989223 0.03050222471645051 0
0.04722848981597836 0.03431350641193723 0
0.04439069346246917 0.03791323392301328 0
1 34 0 4
246
247
248
249
0.03791323390323777 0.04439069347935908 0
0.03431350637136068 0.04722848984545896 0
0.03050222467532768 0.04977510685509234 0
0.02650288663993635 0.05201484376916567 0
1 35 0 4
250
251
252
253
0.01803967786213207 0.0555204196238693 0
0.0136279856279139 0.05676464551378262 0
0.009132272346385049 0.05765889848385487 0
0.004580255576262991 0.05819766517169001 0
1 36 0 4
254
255
256
257
-0.004580255596546555 0.05819766517009365 0
-0.009132272392438271 0.05765889847656073 0
-0.01362798568128365 0.05676464550096966 0
-0.01803967789094073 0.05552041961450877 0
1 37 0 4
258
259
260
261
-0.02650288666126644 0.05201484375829743 0
-0.03050222472737903 0.04977510682319522 0
-0.03431350642111762 0.04722848980930842 0
-0.03791323391943387 0.04439069346552629 0
1 38 0 4
262
263
264
265
-0.04439069348509446 0.03791323389652249 0
-0.0472284898491908 0.03431350636622425 0
-0.04977510685596385 0.03050222467390551 0
-0.0520148437764281 0.02650288662568304 0
1 39 0 4
266
267
268
269
-0.05552041962355219 0.01803967786310807 0
-0.05676464551263284 0.01362798563270311 0
-0.0576588984817608 0.009132272359606465 0
-0.05819766517049958 0.004580255591388933 0
1 40 0 4
270
271
272
273
-0.05819766517000226 -0.004580255597707638 0
-0.05765889847610577 -0.009132272395310708 0
-0.05676464550058995 -0.01362798568286522 0
-0.05552041961501879 -0.01803967788937108 0
1 41 0 4
274
275
276
277
-0.05201484375751157 -0.02650288666280881 0
-0.0497751068234448 -0.03050222472697177 0
-0.04722848980899101 -0.03431350642155449 0
-0.04439069346392181 -0.03791323392131246 0
1 42 0 4
278
279
280
281
-0.03791323390121687 -0.04439069348108505 0
-0.03431350637745727 -0.04722848984102949 0
-0.03050222467273359 -0.04977510685668197 0
-0.02650288663487975 -0.05201484377174211 0
1 43 0 4
282
283
284
285
-0.0180396778571093 -0.05552041962550128 0
-0.0136279856259371 -0.05676464551425719 0
-0.009132272336353265 -0.05765889848544371 0
-0.004580255568655229 -0.05819766517228874 0
1 44 0 4
286
287
288
289
0.004580255593444603 -0.05819766517033777 0
0.009132272389743817 -0.05765889847698748 0
0.01362798567885727 -0.05676464550155218 0
0.01803967789011704 -0.05552041961477641 0
1 45 0 4
290
291
292
293
0.02650288665996215 -0.052014843758962 0
0.03050222471805751 -0.04977510682890745 0
0.03431350640693257 -0.04722848981961444 0
0.0379132339132937 -0.04439069347077047 0
1 46 0 4
294
295
296
297
0.04439069348090244 -0.03791323390143071 0
0.04722848984658658 -0.03431350636980864 0
0.04977510684997873 -0.03050222468367235 0
0.05201484376852653 -0.02650288664119074 0
1 47 0 4
298
299
300
301
0.05552041962262387 -0.01803967786596503 0
0.05676464551239625 -0.01362798563368846 0
0.05765889848394273 -0.00913227234583011 0
0.0581976651719247 -0.00458025557328082 0
1 48 0 4
302
303
304
305
0.05819766517031168 0.004580255593776193 0
0.05765889847764322 0.009132272385603712 0
0.0567646455026796 0.01362798567416122 0
0.05552041961612606 0.01803967788596326 0
2 6 0 32
306
307
308
309
310
311
312
313
314
315
316
317
318
319
320
321
322
323
324
325
326
327
328
329
330
331
332
333
334
335
336
337
-0.027088283668825 -0.07145798599173954 0
-0.07145798599251092 0.02708828366658615 0
0.06968273553321461 0.03137411740081405 0
-0.05565233332278841 0.05237209819965723 0
-0.03137411739606347 0.06968273553551008 0
0.07638480806325509 0.002319476500624292 0
0.002319476499664056 -0.07638480806331113 0
-0.002319476502102232 0.07638480806316386 0
-0.05237209820122263 -0.05565233332138888 0
-0.07638480806318036 -0.002319476501797913 0
-0.0313741173870213 -0.06968273553992678 0
0.07145798599195051 -0.02708828366817233 0
0.05565233332256285 -0.05237209819989625 0
-0.06968273553473549 -0.03137411739763901 0
0.02708828366559143 0.07145798599283147 0
0.05237209820055187 0.05565233332198278 0
0.0313741173999573 -0.06968273553358482 0
0.06968273553968841 -0.0313741173874546 0
-0.05565233331580952 -0.05237209820751682 0
-0.07638480806376231 0.002319476492381711 0
-0.02708828367574591 0.07145798598934616 0
-0.0714579859898183 -0.02708828367437786 0
0.002319476490259474 0.07638480806387929 0
0.07638480806381051 -0.002319476491156396 0
0.05565233331875337 0.05237209820413079 0
-0.002319476489711363 -0.07638480806389868 0
-0.06968273554085976 0.03137411738502324 0
-0.05237209820754792 0.05565233331576483 0
0.05237209820786354 -0.05565233331549415 0
0.03137411738314 0.06968273554177792 0
0.07145798598977469 0.02708828367441809 0
0.02708828367667482 -0.07145798598899784 0
2 7 0 288
338
339
340
341
342
343
344
345
346
347
348
349
350
351
352
353
354
355
356
357
358
359
360
361
362
363
364
365
366
367
368
369
370
371
372
373
374
375
376
377
378
379
380
381
382
383
384
385
386
387
388
389
390
391
392
393
394
395
396
397
398
399
400
401
402
403
404
405
406
407
408
409
410
411
412
413
414
415
416
417
418
419
420
421
422
423
424
425
426
427
428
429
430
431
432
433
434
435
436
437
438
439
440
441
442
443
444
445
446
447
448
449
450
451
452
453
454
455
456
457
458
459
460
461
462
463
464
465
466
467
468
469
470
471
472
473
474
475
476
477
478
479
480
481
482
483
484
485
486
487
488
489
490
491
492
493
494
495
496
497
498
499
500
501
502
503
504
505
506
507
508
509
510
511
512
513
514
515
516
517
518
519
520
521
522
523
524
525
526
527
528
529
530
531
532
533
534
535
536
537
538
539
540
541
542
543
544
545
546
547
548
549
550
551
552
553
554
555
556
557
558
559
560
561
562
563
564
565
566
567
568
569
570
571
572
573
574
575
576
577
578
579
580
581
582
583
584
585
586
587
588
589
590
591
592
593
594
595
596
597
598
599
600
601
602
603
604
605
606
607
608
609
610
611
612
613
614
615
616
617
618
619
620
621
622
623
624
625
-0.05657940393860951 0.0260834624665872 0
0.04574997761974559 0.04229084431764005 0
-0.002445976616861845 -0.06225426221493602 0
-0.04229084431594671 0.04574997762161417 0
0.04225550620597754 -0.04571175719859642 0
-0.04574997762058333 -0.0422908443167891 0
-0.0260834624751597 -0.05657940394404872 0
-0.0215638870109344 0.05845147339933593 0
-0.05845147339895011 -0.02156388700985331 0
0.02156388701079902 -0.05845147340030418 0
0.02608346247841432 0.05657940394387521 0
0.002443938513076465 0.06220224847530242 0
0.05845147340317956 0.02156388700937568 0
0.05653212946410537 -0.02606167471652617 0
0.06225426221889614 -0.002445976619495259 0
-0.06220224847938516 0.002443938521777139 0
-0.0599596415048016 0.01682355002281279 0
0.03050182280302671 -0.05429391541443428 0
0.05995964151109541 -0.01682355002422405 0
0.05429391541752305 0.03050182280360086 0
0.01682355001957872 0.05995964151076023 0
0.04895739170269703 -0.03848849494399484 0
0.06183357943719994 0.007402627885682769 0
0.03848849494392479 0.04895739170377314 0
-0.05429391541250528 -0.03050182281344888 0
-0.01682355001545086 -0.05995964151268768 0
0.007402627888537007 -0.0618335794374542 0
-0.03050182281255898 0.05429391541188183 0
-0.007402627891561765 0.06183357943785262 0
-0.06183357943839757 -0.007402627894059453 0
-0.0384884949473414 -0.04895739170441248 0
-0.04895739170922665 0.03848849494184556 0
0.04144060794978954 -0.05791502012657296 0
0.05781667422522493 0.04143084287664416 0
0.06044924817884469 -0.037647867647139 0
-0.07025503835125298 0.01164916858818258 0
-0.04143084287405696 0.05781667421921041 0
0.01164916858237099 0.07025503835150239 0
0.03756074479587289 0.0604025910791556 0
-0.06040259108378191 0.03756074479319575 0
-0.03756074480201479 -0.06040259107732462 0
0.01615162440376254 -0.06927053910235585 0
-0.06927053910127835 -0.01615162440869833 0
0.06927053910335396 0.01615162439670702 0
-0.01615162440775726 0.06927053909934122 0
-0.0578166742213615 -0.04143084286712474 0
0.07017859234374806 -0.01158653247470136 0
-0.01158653246669391 -0.07017859234580459 0
-0.06463670802252916 -0.02928748791868279 0
-0.02499567324734287 -0.0664144358639436 0
-0.06641443585676664 0.02499567324548104 0
-0.04850869519241291 -0.05179350792573646 0
-0.02928748791792172 0.06463670802251233 0
0.02928748791802903 -0.06463670802098873 0
-0.05179350792569341 0.04850869519221843 0
0.05175691265859814 -0.0485299441117438 0
0.04850869518853312 0.05179350792427656 0
0.02499567324802062 0.06641443586516796 0
0.002322713359695608 -0.07092436799267565 0
0.06638875785685203 -0.02502930909497893 0
-0.002281811344251334 0.07091351648857123 0
0.0646367080258738 0.02928748791452502 0
0.0709243679952177 0.002322713359083158 0
-0.07091351649313632 -0.002281811341523553 0
0.03461330054228762 0.05180246511237323 0
0.03896767652450248 0.05363440551353389 0
0.04358586670677996 0.0510815483847559 0
-0.03461330059638073 0.05180246507562219 0
-0.03463944529442815 0.05652643716344223 0
-0.03051360797239694 0.05981615242412189 0
-0.05180246507664772 -0.03461330059710602 0
-0.05652643716483399 -0.03463944529569739 0
-0.05981615242484392 -0.03051360797305358 0
-0.06110517389567958 -0.01215457483173868 0
-0.0654795601633191 -0.01037094353093654 0
-0.06693842096247539 -0.005294404200496387 0
-0.03461330054651901 -0.05180246511439018 0
-0.03896767653044803 -0.05363440551620254 0
-0.04358586671086599 -0.05108154838627033 0
0.05174702770477596 -0.03455911580323834 0
0.05346874077704457 -0.03864151027598006 0
0.05105265409932021 -0.04354230709160386 0
-0.01215457482974525 0.06110517389806153 0
-0.01037094352704391 0.06547956016524864 0
-0.005294404199266738 0.06693842095931356 0
0.01215457482716778 -0.06110517389939097 0
0.01037094352285762 -0.06547956016578754 0
0.005300247341948647 -0.06693997117244654 0
0.01212572957689651 0.06103322081913685 0
0.0152384992049803 0.06418614101633208 0
0.02068603629657167 0.06383309001953649 0
-0.01215457477010633 -0.06110517390924002 0
-0.01547644037447155 -0.06446401369712389 0
-0.02072002788919051 -0.06387278611655052 0
0.06110517390026777 0.01215457482243405 0
0.06547956016507193 0.01037094351799314 0
0.06693997117350675 0.005300247339782434 0
-0.05180246511829726 0.03461330054110088 0
-0.05363440552207548 0.03896767652545233 0
-0.05108154838883863 0.04358586670936775 0
0.06110517390885641 -0.01215457477958747 0
0.06446401369538182 -0.01547644038557325 0
0.0638691178302002 -0.02072483301766 0
0.0345828187044812 -0.05173118993232152 0
0.03461120944454053 -0.05616170169829363 0
0.03050957427409572 -0.05976404735859129 0
-0.06103322081473073 0.01212572958637807 0
-0.06418614100995218 0.01523849921317142 0
-0.06383309001095944 0.02068603629724398 0
0.05180246508906673 0.03461330058985577 0
0.05652643717590305 0.03463944528018083 0
0.05981615243067251 0.03051360796345197 0
0.04887527175076668 0.03874604755914737 0
0.05028204799885135 0.04335939835904916 0
-0.05450043705758985 0.03032739273320678 0
-0.05930096739661429 0.02986163159645606 0
0.03032739274951018 0.05450043705707226 0
0.029861631615896 0.05930096740585677 0
-0.03874604755914869 0.04887527175167432 0
-0.04335939836090195 0.0502820480034038 0
0.05998233369328905 0.01709292354768738 0
0.06304747840294897 0.02081675396919441 0
-0.05998233368878786 -0.01709292355281278 0
-0.06304747839553485 -0.02081675397126218 0
-0.007162443116148293 -0.06195762906174127 0
-0.004895052507065418 -0.06621450172590301 0
0.06195762906431926 -0.007162443123611337 0
0.06621450173417862 -0.004895052512466801 0
-0.04887527175092671 -0.03874604755982566 0
-0.05028204800270331 -0.04335939836158734 0
0.01709292355140414 -0.05998233369030485 0
0.02081675397082966 -0.06304747839765749 0
-0.017092923552662 0.05998233368912985 0
-0.020816753971339 0.06304747839603614 0
-0.03032739274637416 -0.05450043705783373 0
-0.02986163161212767 -0.05930096740466673 0
0.03853105578195231 -0.04887332173104291 0
0.04327172622826737 -0.0503609037647665 0
0.007313086382510161 0.06180422804463737 0
0.005012805509386901 0.06620826760799067 0
0.05430106431669701 -0.03040786494968616 0
0.05925014570855092 -0.02996803550684571 0
-0.06180422804333845 0.00731308639631117 0
-0.06620826761292918 0.005012805521715105 0
0.04229084431474119 0.0457499776370537 0
-0.02608346249507314 0.05657940394949853 0
-0.02156388699578555 -0.05845147341311581 0
-0.05657940395040964 -0.02608346249651035 0
-0.04229084431432859 -0.04574997763869652 0
-0.05845147340761293 0.02156388699734293 0
-0.04574997764407874 0.04229084431481766 0
0.002445976630565889 -0.06225426222575224 0
-0.002445976632376954 0.06225426222955485 0
3.26569948199403e-05 0.06647032195830042 0
0.002688363212189232 0.07046351336850193 0
0.02608346249361393 -0.05657940394819897 0
0.05845147341498666 -0.02156388700177181 0
0.06139807268421345 -0.02546726208551732 0
0.06407100572812054 -0.02944894289426815 0
0.02156388699980178 0.05845147341586002 0
0.06225426222658399 0.002445976630776202 0
0.05657940395018033 0.02608346249359544 0
0.04580229315641361 -0.04230221776498198 0
0.04698329827373572 -0.0470188370980552 0
0.04792447542476065 -0.05172593330354228 0
-0.06225426223682128 -0.002445976633284414 0
-0.06647032196473771 3.265700146854926e-05 0
-0.07046351338015103 0.002688363227162171 0
0.04699263849234657 0.0470425909189167 0
-0.02541311672077642 -0.06144499110341883 0
0.02547771043165818 -0.06140927286905074 0
0.0664929483968712 3.532169636975061e-05 0
0.06141795705153959 0.0254783827121379 0
-0.02547838271473757 0.06141795704665753 0
3.532169814035467e-05 -0.06649294839220619 0
0.02540745145880632 0.06143837508874526 0
-0.06143837507889489 0.0254074514494363 0
-0.04699263849566768 -0.04704259092116486 0
-0.06141795704693533 -0.02547838271475717 0
-0.04704259092189196 0.04699263849636548 0
0.02468134670419038 -0.06609732612948684 0
-0.0660977028905029 -0.02468137586887984 0
0.05162116120490962 0.04809711380590084 0
-0.0480971138106642 0.05162116121338998 0
-0.02468137587013094 0.06609770288974146 0
-0.002491877814440247 -0.07051146847824982 0
0.02928551990402441 0.06419021514780093 0
-0.05162116121041124 -0.04809711381218337 0
0.0660977028965022 0.02468137587027721 0
-0.06419021513230432 0.0292855198871295 0
0.07051146848726192 -0.002491877815145655 0
-0.02928576568245463 -0.06419050217860213 0
0.05368208253737856 0.03901670338368295 0
-0.05658997728945882 0.03466473133146004 0
-0.03901670338001933 0.05368208253693377 0
-0.03466473134849747 -0.05658997728158423 0
-0.05368208253535161 -0.03901670338101608 0
0.03466473135229847 0.05658997727787695 0
-0.01036998905199959 -0.06554794012702293 0
-0.0645268232858129 -0.01550349007460815 0
0.0155034900724978 -0.0645268232867607 0
-0.01550349007439485 0.06452682328489778 0
0.06452682328848985 0.0155034900657903 0
0.06554794012568532 -0.01036998906303604 0
0.05652826866737277 -0.03464056756451919 0
0.03896893913128668 -0.05363614324913522 0
-0.06548168171912649 0.01037127950358165 0
0.01037127948862515 0.06548168172397187 0
-0.06791860042411779 0.01832563063818702 0
0.03506752524168524 -0.0609838806270228 0
0.06101099246659665 0.03506914450797265 0
0.06793869358511614 -0.01834394846246448 0
0.0183256306325777 0.06791860043434768 0
0.05573537205232679 -0.04292218257252564 0
0.0429464265961784 0.05574756085192453 0
0.06978718778962398 0.009051768828147918 0
-0.01834365659576005 -0.06793891639380478 0
-0.06101099245951391 -0.03506914452802325 0
-0.0350691445277519 0.06101099245891096 0
0.009051768833618527 -0.06978718779071588 0
-0.04294642660294306 -0.05574756085247841 0
-0.009051413934536231 0.06978709363361868 0
-0.06978709363362039 -0.009051413939538563 0
-0.05574756085488437 0.04294642659891847 0
0.05499639584186607 0.04459597414765615 0
-0.06224746943666315 0.03374386304976987 0
-0.03374390402272429 -0.06224751727644019 0
-0.00735420870717877 -0.07042244017374528 0
-0.05499639584022489 -0.04459597414951739 0
0.02015509335988343 -0.06787612214333705 0
0.07042244017577408 -0.007354208713799949 0
0.06787618493981418 0.02015509821616839 0
0.03374386305984151 0.06224746943797444 0
-0.04459597415025685 0.05499639584072722 0
-0.02015509822422603 0.06787618493491122 0
-0.0678761849356182 -0.02015509822360621 0
0.06221662233269077 -0.03379932738517941 0
0.04454625587136088 -0.05503573491686758 0
0.007417236197978253 0.07041510656968904 0
-0.07041510657148572 0.007417236206814608 0
0.03879989861147158 -0.06072560840332504 0
0.06071965049720601 0.03879793350562918 0
0.05908507108162196 -0.04125509467363579 0
-0.07037516090535981 0.01550381809085867 0
0.01550381808372226 0.07037516090778445 0
0.07094496867788759 0.01260821239964531 0
0.01260821240537166 -0.0709449686771266 0
-0.05908102093659488 0.04125031594734543 0
0.07036952666217697 -0.01550103644246386 0
0.04125031595128106 0.05908102093483511 0
-0.01260816171015799 0.07094495522494421 0
-0.03879793351188594 0.06071965049469336 0
-0.0412503159561143 -0.05908102093213028 0
-0.07094495522584567 -0.01260816171262534 0
-0.01550099474216889 -0.07036955849290527 0
-0.06071965049558668 -0.03879793350925114 0
-0.02199736395533126 -0.06856999332055951 0
0.04656351472618697 0.05493238663234685 0
-0.06856686899326492 0.02199465583793967 0
-0.06404079247923226 -0.03293182204887501 0
-0.03293182204752913 0.06404079247958139 0
-0.05493238663273262 0.04656351472900402 0
-0.04656351473088923 -0.05493238663214796 0
0.05492834257061496 -0.04656109101257307 0
0.0685684539051138 -0.02199938045437289 0
0.02199465583421611 0.06856686899497974 0
0.005917686073268711 -0.07176844011570979 0
-0.07176778955807868 -0.005915233972338109 0
0.07176844011673192 0.005917686071384595 0
-0.005915233969953691 0.07176778955895233 0
0.03293152774397021 -0.0640366683209605 0
0.06404079248760397 0.032931822040224 0
0.0378616202433803 -0.05762598348205626 0
0.05703203331841274 -0.03875048199088418 0
-0.06751993210461318 0.01397551528099688 0
0.01397551527079761 0.06751993210742931 0
0.05700929382158037 0.03806597076540641 0
-0.03806597077084644 0.05700929381560851 0
0.03810250337126548 0.05698488350943776 0
0.01335185904060012 -0.06723693606859486 0
-0.05698488351185798 0.03810250335088232 0
0.06723693606978697 0.01335185903402626 0
-0.0133949521842008 -0.06722836430481761 0
-0.03810250336640511 -0.05698488350757226 0
-0.06723693606882657 -0.01335185904587525 0
-0.01335185904437078 0.06723693606722021 0
0.06722836430410555 -0.01339495219561562 0
-0.05700929380964765 -0.0380659707695393 0
2 8 0 722
626
627
628
629
630
631
632
633
634
635
636
637
638
639
640
641
642
643
644
645
646
647
648
649
650
651
652
653
654
655
656
657
658
659
660
661
662
663
664
665
666
667
668
669
670
671
672
673
674
675
676
677
678
679
680
681
682
683
684
685
686
687
688
689
690
691
692
693
694
695
696
697
698
699
700
701
702
703
704
705
706
707
708
709
710
711
712
713
714
715
716
717
718
719
720
721
722
723
724
725
726
727
728
729
730
731
732
733
734
735
736
737
738
739
740
741
742
743
744
745
746
747
748
749
750
751
752
753
754
755
756
757
758
759
760
761
762
763
764
765
766
767
768
769
770
771
772
773
774
775
776
777
778
779
780
781
782
783
784
785
786
787
788
789
790
791
792
793
794
795
796
797
798
799
800
801
802
803
804
805
806
807
808
809
810
811
812
813
814
815
816
817
818
819
820
821
822
823
824
825
826
827
828
829
830
831
832
833
834
835
836
837
838
839
840
841
842
843
844
845
846
847
848
849
850
851
852
853
854
855
856
857
858
859
860
861
862
863
864
865
866
867
868
869
870
871
872
873
874
875
876
877
878
879
880
881
882
883
884
885
886
887
888
889
890
891
892
893
894
895
896
897
898
899
900
901
902
903
904
905
906
907
908
909
910
911
912
913
914
915
916
917
918
919
920
921
922
923
924
925
926
927
928
929
930
931
932
933
934
935
936
937
938
939
940
941
942
943
944
945
946
947
948
949
950
951
952
953
954
955
956
957
958
959
960
961
962
963
964
965
966
967
968
969
970
971
972
973
974
975
976
977
978
979
980
981
982
983
984
985
986
987
988
989
990
991
992
993
994
995
996
997
998
999
1000
1001
1002
1003
1004
1005
1006
1007
1008
1009
1010
1011
1012
1013
1014
1015
1016
1017
1018
1019
1020
1021
1022
1023
1024
1025
1026
1027
1028
1029
1030
1031
1032
1033
1034
1035
1036
1037
1038
1039
1040
1041
1042
1043
1044
1045
1046
1047
1048
1049
1050
1051
1052
1053
1054
1055
1056
1057
1058
1059
1060
1061
1062
1063
1064
1065
1066
1067
1068
1069
1070
1071
1072
1073
1074
1075
1076
1077
1078
1079
1080
1081
1082
1083
1084
1085
1086
1087
1088
1089
1090
1091
1092
1093
1094
1095
1096
1097
1098
1099
1100
1101
1102
1103
1104
1105
1106
1107
1108
1109
1110
1111
1112
1113
1114
1115
1116
1117
1118
1119
1120
1121
1122
1123
1124
1125
1126
1127
1128
1129
1130
1131
1132
1133
1134
1135
1136
1137
1138
1139
1140
1141
1142
1143
1144
1145
1146
1147
1148
1149
1150
1151
1152
1153
1154
1155
1156
1157
1158
1159
1160
1161
1162
1163
1164
1165
1166
1167
1168
1169
1170
1171
1172
1173
1174
1175
1176
1177
1178
1179
1180
1181
1182
1183
1184
1185
1186
1187
1188
1189
1190
1191
1192
1193
1194
1195
1196
1197
1198
1199
1200
1201
1202
1203
1204
1205
1206
1207
1208
1209
1210
1211
1212
1213
1214
1215
1216
1217
1218
1219
1220
1221
1222
1223
1224
1225
1226
1227
1228
1229
1230
1231
1232
1233
1234
1235
1236
1237
1238
1239
1240
1241
1242
1243
1244
1245
1246
1247
1248
1249
1250
1251
1252
1253
1254
1255
1256
1257
1258
1259
1260
1261
1262
1263
1264
1265
1266
1267
1268
1269
1270
1271
1272
1273
1274
1275
1276
1277
1278
1279
1280
1281
1282
1283
1284
1285
1286
1287
1288
1289
1290
1291
1292
1293
1294
1295
1296
1297
1298
1299
1300
1301
1302
1303
1304
1305
1306
1307
1308
1309
1310
1311
1312
1313
1314
1315
1316
1317
1318
1319
1320
1321
1322
1323
1324
1325
1326
1327
1328
1329
1330
1331
1332
1333
1334
1335
1336
1337
1338
1339
1340
1341
1342
1343
1344
1345
1346
1347
-0.01054573008648034 0.002150835605206066 0
0.008845454718903545 -0.006059825751793571 0
0.001897926095440584 0.01042005271592503 0
0.01048839062143311 0.002086270608511861 0
-0.001729804961898711 -0.01062074649089017 0
-0.005941196037479814 0.008891628226817661 0
-0.008900674540871128 -0.005947289992491154 0
0.03977046838225966 0.0372021695424765 0
0.01931357698961249 -0.05098191707454478 0
-0.0533546901649816 -0.01074068449805015 0
-0.01008620824781087 0.05371377255970103 0
0.05397384896924833 -0.01090608969097418 0
-0.04533352091660779 0.02963313086267434 0
-0.03050630437697247 -0.04466855804635419 0
0.02621381280200625 0.04810614714968518 0
0.03335132349803471 -0.04341819293299635 0
0.002163872946040938 -0.05447840921418101 0
0.04933550233796403 0.02328221802758769 0
-0.03430741115056065 0.04345107302016173 0
-0.04294106509540307 -0.03332872787645243 0
-0.05359624802559266 0.006700980679473248 0
0.00638967832294598 0.05398611966639395 0
0.04740128641317887 -0.0272840344633561 0
-0.01558971787947382 -0.05245041581349544 0
0.05393326317327097 0.006602495825580484 0
-0.05100473426124818 0.0194654858892605 0
-0.04891883468695202 -0.02314116945389046 0
-0.02299104520532506 0.04983030066894129 0
-0.05448410071575223 -0.002128839728208657 0
-0.04011241674164853 0.03696446058387551 0
-0.002485132171231013 0.05377416829188075 0
-0.03693329380957551 -0.04088407794665565 0
0.01442979535118957 0.0522868883097542 0
0.04209500564979819 -0.03372397921111749 0
0.05065621273642686 -0.01871150709704489 0
0.05278455430456708 0.01460922518597636 0
-0.006084487144651704 -0.05407109743586455 0
0.03340448431772231 0.04290362624237985 0
0.02634988233880032 -0.04740404171136925 0
-0.02257832200204784 -0.04968210722176587 0
0.05389596417067673 -0.002123762195414128 0
0.04483554008119604 0.02964679770087174 0
0.01069842055770085 -0.05316850862551363 0
-0.01009600987919521 0.005271376108524278 0
-0.01301716820419613 0.004214275519990889 0
-0.012329448802156 0.007419441555164058 0
-0.01552170125003018 0.006366824924210757 0
-0.01478504836337246 0.009719480864713468 0
-0.01811378753923334 0.008602093044592713 0
-0.01876939151604881 0.005196041922096498 0
-0.01744392334114066 0.01202878048318437 0
-0.02145498348482116 0.007470931010950881 0
-0.02211491653240684 0.003925925200489914 0
-0.02485506906866564 0.006306176784035228 0
-0.02553891701658069 0.002667861513142371 0
-0.02833965026029442 0.00511203081070184 0
-0.02763462773077431 0.008797103725553711 0
-0.02899909131908273 0.001423947989019971 0
-0.02618129855665415 -0.00101299870588467 0
-0.02969020455369162 -0.002283510721933431 0
-0.0268209668800368 -0.004719476337790151 0
-0.03038696550055114 -0.006006624276893445 0
-0.0274450984954448 -0.008502456152927662 0
-0.03122197250319924 0.0075207140422464 0
-0.03047923364052387 0.01135117723188903 0
-0.03110559602993457 -0.009752146268841636 0
-0.02809338382498736 -0.01232588290906397 0
-0.03326637441216622 -0.003770904235289181 0
-0.03179537076435426 -0.01364342476449006 0
-0.02877065573002776 -0.01618158144633825 0
-0.02507905130529752 -0.01484705070852788 0
-0.02574222190401837 -0.01868717157287959 0
-0.0220975253291717 -0.0173288510331808 0
-0.02273548097155267 -0.0211597042391425 0
-0.01911559966181893 -0.01980962132605606 0
-0.01974114412324027 -0.02362652663773855 0
-0.01611732240212763 -0.022279433523812 0
-0.01675790816874819 -0.02608102440553527 0
-0.01313805099102864 -0.02475710515820369 0
-0.01378106189558954 -0.02854857394121158 0
-0.01012403293109717 -0.02720933991474959 0
-0.01078311503254365 -0.03103584446735365 0
-0.007094991234363688 -0.0296814374082324 0
-0.007822690686186622 -0.0334451771675733 0
-0.004127805391845048 -0.03206221622612701 0
-0.003425090320922655 -0.02829331476142737 0
-0.0004656054336965653 -0.030661908170487 0
0.0002057507689802423 -0.02692704575892023 0
0.003168361728591429 -0.02932302000454698 0
0.003799314709031622 -0.02559314661598685 0
0.006752303789388727 -0.02794923968600083 0
0.007379366197520562 -0.02424793318253105 0
0.01033015213511997 -0.02661794163318475 0
0.01094789142203645 -0.02290854290777292 0
0.01390749730889478 -0.02530392432893647 0
0.01451052810567157 -0.02156428484638915 0
0.01746878710825399 -0.02395621947433756 0
0.01809167928990361 -0.02019012388706438 0
0.02106820365527612 -0.02262475360750265 0
0.02168911397055817 -0.01880369722402922 0
0.02471023183220971 -0.02126119419586756 0
0.02531356464672165 -0.01741022721751258 0
0.01314624994180436 -0.02916176757143174 0
0.00263604017493806 -0.0333180118716324 0
0.02233033947649829 -0.01508069533122068 0
0.02594047599842579 -0.01364198225172025 0
0.02897702258939573 -0.01602261566934893 0
0.02955231300413879 -0.01213676954299514 0
0.02652569854230691 -0.009765971523748191 0
0.03009363755851517 -0.008250424685360112 0
0.02706350505480247 -0.00583867568301373 0
0.03064522125404584 -0.004403753570275886 0
0.02775597452903848 -0.002029379392569512 0
0.0311993110071097 -0.0005732634682244076 0
0.02832665697103848 0.001797276281552043 0
0.03173949414041938 0.003258772500432862 0
0.02869498073669405 0.005666863277024195 0
0.03229054289903664 0.007133249932485555 0
0.02919924974508538 0.009587624795862362 0
0.03283941783747403 0.01097701310328214 0
0.02970417348560302 0.0134224721029911 0
0.02607488720783396 0.0120212361847935 0
0.02657330302446831 0.01583692829683966 0
0.02299949637612384 0.01441876040904599 0
0.02350057030250541 0.01824374009047473 0
0.01995289554304819 0.01681291568303523 0
0.02042605665104324 0.02058429468381801 0
0.01692322206407241 0.01918213165905282 0
0.01741671352697758 0.02296420495103466 0
0.01392354093353967 0.02151813983050783 0
0.01441509007229151 0.02533145628178956 0
0.01088225971939166 0.02386654268920725 0
0.0113963545357483 0.02770934273401903 0
0.007790436878759318 0.02623908036429919 0
0.008336454869840911 0.03012264281407366 0
0.004675241366032047 0.02862382519099426 0
0.005203731385387676 0.03255007520154829 0
0.001540825990538944 0.03102791968931317 0
0.01808184794852351 0.02674743019653048 0
0.0006888638657437593 0.02672396221087923 0
-0.00211965814773693 0.02962916289267837 0
-0.001615022717440849 0.03344505234044592 0
-0.005279298253460947 0.03190997121930423 0
-0.00579027008315315 0.02796813039667606 0
-0.009032334639583374 0.030504927159874 0
0.02720267447101479 0.01988236257120298 0
-0.02032927853509879 -0.02756268981288015 0
0.03429830020060788 -0.002860228486287951 0
-0.01400357469685149 0.01315097162590317 0
-0.01666667126036386 0.01550700777815978 0
0.02407473832500984 -0.02513994673777002 0
0.008918184638079092 0.03406355170814354 0
-0.03419118813970471 0.01001888921753871 0
-0.03343541933175032 0.01393270931980842 0
-0.008489508656596 0.03433819078402772 0
-0.0121575634343592 0.03273430443411807 0
-0.03251434201517267 -0.01757095138288474 0
0.03267717765975089 -0.01457558827862952 0
0.03366008995370688 0.01502600317188697 0
-0.00496753769100344 -0.03616069140556551 0
-0.01176504304811606 -0.03470390796543373 0
-0.03564187995916624 -0.01492900906578176 0
0.005724968061551618 0.03654401024619018 0
0.02777708900052607 -0.02376747003114984 0
0.03615068977746182 0.008481496130781585 0
-0.02387728765771387 -0.007160993917965611 0
-0.02636435083435761 -0.02260909101517061 0
0.02501686154009686 0.00406367769665093 0
-0.009555800216849536 -0.02348356119203365 0
-0.02967554273871051 0.01520367030440868 0
-0.0326595516509309 0.01784227840870789 0
-0.02884750264195433 0.01911110448402218 0
0.02408771318818436 -0.00300476654890129 0
0.0165507279903514 0.01553563605912528 0
-0.03186429049982287 0.02179010875242051 0
-0.02800498809304438 0.02306927109787446 0
-0.01172095960458842 0.0367572383761828 0
-0.01527720032402818 0.03508669357675675 0
-0.007956546333178667 0.03837229836122101 0
-0.01538241100442331 -0.01864520617302941 0
0.007883202149099666 -0.02067431900888557 0
0.02713868004987031 -0.02771654666491576 0
-0.01358576493944479 0.0008928218908131314 0
0.01463697650238035 -0.0173315035393258 0
0.0008646488460595739 -0.02317956097841556 0
0.009499780510224654 0.03807685165729741 0
0.007351106942875127 0.02185626162936105 0
-0.01284565488407934 0.02858429511615768 0
-0.01326156184490769 0.01665580941225743 0
-0.03721792344465021 0.01265792303293618 0
-0.03796786518504933 0.008652944136721807 0
-0.0356989040115772 0.02049982568476576 0
-0.03634153924717463 -0.01901586064158702 0
-0.03106315902212564 0.02579498788279788 0
-0.02714065184698169 0.02709888802764213 0
0.0308677821332333 -0.02635111758139034 0
-0.02409970976005366 0.02432183863771767 0
0.006255341095453145 0.04061476121754139 0
-0.03951583913901861 -0.01632029638710923 0
-0.03024965698013514 0.02986357540487013 0
-0.03877231216912845 -0.01221306716410877 0
-0.04105510230454149 0.01134934295394367 0
-0.04181836282941723 0.007301619112319397 0
0.01272043190358411 0.03554844690244543 0
0.01332461919927249 0.03962417895557198 0
0.01659130549710713 0.03703382723055013 0
-0.01126048975200937 0.04086578335882005 0
0.0233532145887298 -0.02910310925284045 0
0.02647038918901047 -0.03174482558186234 0
0.02259208594168931 -0.0331519530219105 0
-0.007413739474136668 0.04250391860444813 0
-0.0262707102175454 0.0311817679659526 0
-0.01595000497940503 0.01908043644420982 0
0.01721234558191414 0.04118980635580488 0
0.02050356424752025 0.03856757991466537 0
0.02577737967556695 -0.03584073347356473 0
0.02184191491109847 -0.03726294073829411 0
0.0297120001401751 -0.03439418358164362 0
-0.0342173994674259 0.02852788025593717 0
-0.04270308380695387 -0.01360598780533617 0
-0.04204972745680797 -0.009617362716296294 0
-0.01990940906935101 0.01451080032370594 0
-0.01251489662931498 0.02023333628610477 0
-0.009788745580710455 0.017764068226305 0
-0.03868679495130213 0.004618187799999771 0
-0.0425447739314876 0.003241705726989728 0
-0.04500509771343962 0.009998552840193253 0
-0.04027737890280253 -0.02044026776962677 0
-0.03703491209936219 -0.0231644043205299 0
0.02257255548967613 0.01071928452793432 0
-0.02942255044828019 0.03399137735830467 0
-0.02539556787920199 0.03531547679273861 0
-0.02154215133197201 -0.01354262684787373 0
-0.04103670247852281 -0.02463113915442479 0
-0.03774214109756049 -0.02735298431395897 0
0.01056970744308396 -0.002120704700876791 0
0.01231587161430466 -0.005237406871434295 0
0.01330703261117984 -2.617221454613609e-18 0
0.01342168878784173 0.003380517382332038 0
0.01128320463925137 -0.008284021380262451 0
0.0145371097406594 -0.007644318457703862 0
0.0163544856153475 0.001405755595462709 0
0.01653026680069786 0.00482535807713782 0
0.01384252510371411 0.0067544418600382 0
0.005547343045865746 0.009266829709526797 0
0.004222554260258498 0.01287218691948815 0
0.0007410329510428911 0.01347659845014825 0
0.007512492893880272 0.01222373449218237 0
0.00309463829776133 0.01614725330092794 0
-0.0002489414740260154 0.01679285972353996 0
0.00154837868742038 -0.01069485816918699 0
1.63388032582123e-05 -0.01351395014313296 0
-0.003305187405822876 -0.01367334421906923 0
0.003415386503724347 -0.01328705115894581 0
-0.001428754567827358 -0.01645309570613564 0
-0.004803991198434878 -0.01659225021440353 0
-0.006710984147698454 -0.01395509804523988 0
-0.01937566926423255 0.001713806523896763 0
-0.03377975659923747 -0.02590501519118113 0
-0.03445581479431523 -0.03007007668430524 0
-0.03050120491532746 -0.02861648225231849 0
-0.03117592597045201 -0.03276935929901515 0
-0.004218782539822597 0.03994419989422308 0
-0.003665191694111252 0.04411352327092053 0
0.01389906091256487 0.04379087781251233 0
0.01783131007383427 0.04541528260245224 0
0.01990164024370646 0.03445005608255199 0
0.02378634698330691 0.03594526990217048 0
0.02319293111455034 0.03183215242889312 0
0.02706089790898612 0.03332526437247503 0
0.02644020324289155 0.02918124855891919 0
0.03032395081633867 0.03069689872800995 0
-0.0272402479604813 -0.03132750982335221 0
-0.02790851106748911 -0.03546371414552618 0
-0.02397676628208163 -0.0340220301955164 0
-0.0247854250832061 -0.03833059254330615 0
-0.02070068589778484 -0.03670776051638686 0
-0.02153922879356288 -0.04106194146246998 0
-0.008221772435145568 -0.01695714365284113 0
-0.009899818575455141 -0.01411353999619542 0
-0.04420055660137379 0.01411376920664742 0
0.0060330041894666 -0.008824101291468382 0
0.01355766887857669 -0.01083290883339198 0
0.01692806104979758 -0.01007846731242171 0
0.03208945303840199 -0.01851362555930771 0
0.03585828177014971 -0.01708614025308776 0
0.03645455181820528 -0.01304417910363012 0
0.03969951493880055 -0.01558532265605577 0
0.04030521938892321 -0.01145602207565945 0
0.03902655682223452 -0.01955814576662177 0
0.04361638001350888 -0.01405994857176869 0
0.04421838513873323 -0.009871911253162809 0
0.04093843223186325 -0.007280342919197987 0
0.04481612330696622 -0.005678357223706289 0
0.04152764043661622 -0.003083091921775264 0
0.04540398931265086 -0.001483499383384444 0
0.04206443595017129 0.001121564170419859 0
0.04597242462859345 0.002719027127094837 0
0.01868070544307308 -0.03462119996612584 0
0.01791454018850959 -0.03867879161510566 0
0.01475699286132714 -0.03603988730391279 0
0.01399021387440143 -0.04008550726045082 0
0.01082775225901463 -0.03739208952731192 0
0.01003994530217594 -0.04148957792824355 0
0.0132564698903477 -0.0442256449432679 0
0.009256180696124657 -0.04563504931241603 0
0.00603300739250867 -0.04287799541819171 0
-0.002823404885978785 0.01422360414058999 0
-0.01746326777176985 -0.03946177620186776 0
-0.01812794669843176 -0.04361942567820368 0
-0.01447759116742015 -0.04207658780028661 0
-0.009018853143063145 0.02134884748333285 0
-0.01078530593820185 0.04503399123226849 0
-0.01445781861639771 0.04334193417794994 0
0.01781930433616269 -0.00674499618581898 0
0.03097274700139607 0.03486297556384388 0
-0.0394762612690991 0.0005825278091218569 0
-0.04328743398314722 -0.0006720916051160622 0
-0.0465026286320453 0.001839434589569049 0
0.02102359991051751 -0.04114842729572648 0
0.04271629286399659 0.00532222410203476 0
0.04656466123668741 0.006935526455333729 0
0.04326343344556178 0.009471749587030339 0
0.0297513692225643 0.02662137877012399 0
0.0336183427316212 0.02808965490173605 0
0.03303985553474743 0.02399597226178728 0
0.03692101441603902 0.02546213453040597 0
0.01032838933139849 -0.01158804279827314 0
0.001992446856468838 0.01942798124221181 0
-0.002098474733522299 0.02017045337623876 0
-0.01535659995115916 0.02268897266998095 0
0.005180284989256619 -0.04691271867338535 0
0.001985409042613307 -0.04425168560664549 0
-0.04703705100349249 -0.003050956947702087 0
-0.02234145010741244 0.03240915033413093 0
0.03635692322648332 0.02136678219794354 0
0.04024818418272375 0.02282159265769793 0
0.03967814146262702 0.01869375838681902 0
0.0243911948675139 0.04005633641518353 0
0.0374674991938841 0.02953816789589198 0
0.008653418357834569 0.009716369902991712 0
0.01075270442958278 0.01166009249203555 0
0.009522452758617232 0.01473926155030672 0
-0.01433504039436987 0.04776029684900251 0
0.01657899664535982 0.008395025206872473 0
-0.04843234537023747 0.01269855570787782 0
-0.04589553142395529 -0.01085871270146349 0
-0.04643185411473242 -0.01495503228885162 0
0.002882589865639473 -0.04022147681252854 0
-0.001131769140757835 -0.04162538348721198 0
-0.002005411927795721 -0.04565355738689006 0
-0.005152338189720765 -0.0429833271985298 0
-0.006087457008466805 -0.04690256415322457 0
-0.02156224035039174 0.03645921781444959 0
-0.02451534295337883 0.03947526141180543 0
-0.03566517516868924 0.002191702763248311 0
0.02031960517456907 -0.009086552809980069 0
-0.01049208790779716 -0.003254983082320161 0
-0.01212661308652106 -0.006200375495111308 0
0.01929493905149788 0.002770967760990622 0
0.01897548737279223 -0.000497550739207151 0
-0.03830977352308314 -0.007839585081208402 0
-0.0259751881887146 0.01635666782579594 0
-0.006961011530118239 -0.008393025182203327 0
0.002495628114039434 0.03901704161130084 0
0.002960235458134783 0.04315390300080236 0
0.006832323726802494 0.04477343917004349 0
0.003728596354527812 0.04740173226591791 0
-0.01385347570699384 -0.00276283517186738 0
-0.01533551268533265 -0.006429133813124301 0
-0.01354837085695822 -0.009151235213080523 0
-0.01738070735187294 -0.00396016646898739 0
-0.01700017327246135 -0.009570542188198639 0
-0.01513024323903807 -0.01256613829454236 0
-0.003249084639409489 -0.01922091108737878 0
-0.0186486913834117 0.02208369003066624 0
-0.01780896485788457 0.025654904662362 0
0.04347021802825525 0.01999384873237466 0
0.04224463207228416 0.01574704731651482 0
-0.02067492227820045 0.04153307699600828 0
0.02894484687000443 -0.03835203314118355 0
0.03307377364594563 -0.03689595735698578 0
0.03365256058431651 -0.03288204026272536 0
0.03862619737395569 0.003792438581988624 0
0.04730562854907532 0.01064235526475622 0
0.02579773533047001 0.02505089897797877 0
0.03827865083816956 0.01485840689026375 0
0.04745459807899197 -0.01248909293383673 0
-0.01540448623859927 -0.04545847526831037 0
-0.006228627172554546 0.01895917484419446 0
-0.005503847268434512 0.02247039682790361 0
-0.006498799258877901 0.01518665012305386 0
0.04613417083376216 0.01708965716231105 0
0.04875936976569891 -0.004088986255323041 0
0.0373780527253313 -0.03539799979313771 0
0.0378454254194501 -0.03111358073872383 0
0.04258354984995021 -0.02832204258190356 0
0.03811005427806957 -0.0268328014507653 0
0.04138345454830891 -0.02472682259808943 0
0.04474932395345906 0.02432083003713756 0
-0.03515988751458175 -0.03427833813888688 0
-0.003076489307597503 -0.05013385695391945 0
-0.02880422346909946 -0.03982175794880799 0
-0.01670670163056332 -0.03518830595879736 0
-0.01766391914651852 0.04510226184334036 0
-0.02427362717551806 0.04326265885366902 0
-0.02773816222019649 0.04217262909389681 0
0.01078321922705383 0.005125962786542028 0
0.01251548644985874 -0.01410645230167911 0
0.009151321527536399 -0.01454348905823891 0
0.02236946007931565 0.0007631837186054334 0
-0.04912879578989843 0.008519800285318551 0
-0.04000004769488664 -0.003608124193336159 0
-0.008921131605187926 -0.04385761619448737 0
-0.007555157713092403 -0.03994621617685393 0
-0.009929455307070094 -0.04823718772114483 0
0.03232812304747863 0.01974921132633586 0
0.01251215127045123 -0.04842518660317578 0
0.007712502173296505 0.04958775516107718 0
0.0008180349773107201 -0.01959603924387323 0
-0.002031156735726839 0.02401253488370109 0
-0.01878585460813733 0.05018176436493957 0
-0.04431228101290564 -0.02185262729613379 0
-0.04503338709829878 -0.02597485554570017 0
0.01194989324709345 -0.03328396713886612 0
0.007637907734696709 -0.03462424520858165 0
-0.02679729374477856 -0.02701766404959183 0
-0.0002779989982808232 -0.03736244905597271 0
-0.04501631728621287 -0.006871013583155502 0
-0.04922843022107948 -0.008004741063715539 0
0.005245795580518469 0.01870751942434054 0
-0.05305007300729734 0.01099207133380083 0
-0.002086270608511861 0.01048839062143311 0
-0.01175712576481006 -0.01715233882289454 0
0.004307394251149516 -0.02192029527709022 0
0.00478163857931295 -0.01853960476659126 0
0.01956416753915503 0.01312107416360182 0
-0.01043938099318811 0.01423806809923425 0
-0.008030166950154577 0.01158098877876851 0
-0.01799019770043529 -0.01571723870368484 0
0.02558111225138764 0.008145179800527765 0
0.02213299636534321 0.007000133272275638 0
0.01120065127001703 -0.01942584208924383 0
-0.0112753352884944 0.01079306296050217 0
-0.02648011774244319 0.04688112207434506 0
-0.0244544501061813 -0.01099965415469121 0
-0.02052574023579171 -0.009537905168105371 0
0.01676521915921544 -0.04707756404318485 0
-0.02051969671710611 -0.005457975110324366 0
-0.002717562541728587 -0.02470091693029607 0
-0.006394294240330649 -0.02584470183499635 0
-0.00558981060147579 -0.02206618508081128 0
0.01365409292206548 0.0179358290285625 0
0.01086895680136466 0.02000660594649215 0
-0.01253825772598852 -0.02107006650102874 0
0.01380933653575415 0.01030746526890163 0
0.004154759742262787 0.02473721645020336 0
-0.05052963394995755 -0.0001780629624808619 0
-0.02041433252977859 -0.0322220500823154 0
0.01865880752215753 -0.01625171303394539 0
0.02230338855138884 0.02793780558524195 0
0.038166634948511 -0.000808556861673007 0
0.00682198648818068 -0.01223906236035263 0
0.04694780560952883 -0.01677424351900804 0
0.04997356758003199 0.004504555726488913 0
-0.02521053803818802 0.02038588712487911 0
0.02361068437308367 -0.007305911695085017 0
-0.0233437361716308 -0.003287562135040416 0
-0.02688461527322101 0.0124668545007848 0
-0.02339134897193629 0.02841443579434194 0
-0.01933831626063217 0.02939151647728239 0
0.01593332224228789 0.03303913592196368 0
0.006894994817564658 -0.03887072393424223 0
0.01958362260243416 -0.03053055709159673 0
0.03706897404794539 -0.008988239079946664 0
-0.02259884281504629 0.01734270693480669 0
-0.03316362313522998 -0.02171262154093258 0
-0.03492522246272692 0.006145844846940651 0
-0.007749410882130589 0.02472717341695853 0
-0.02275016930460595 0.0004052943714970206 0
0.01947086249270659 -0.01262137530763656 0
-0.02853446942497057 0.03796586190582074 0
-0.0327072665097306 0.03667431864435122 0
0.03320064881839561 -0.01065567849415174 0
-0.004795860815725439 0.0358509342309814 0
-0.0222525458501644 -0.04538713153035799 0
-0.03492437295492078 -0.01093554008702078 0
-0.006911559458762294 0.04669875315766914 0
-0.00299910803685637 0.04846004849362051 0
-0.006445397151300517 0.05102291006802031 0
0.0007574430863832923 0.05070318091327895 0
0.03520233768857292 -0.02096948918953285 0
0.001144898714483968 -0.04834737022371623 0
0.01203822763066873 0.03161135755398944 0
-0.02415836432247111 0.00985401740528989 0
-0.03870557587625415 -0.03183499947008409 0
0.002054413349194349 0.03497630369196154 0
-0.04027333277413039 0.0153864337062083 0
-0.04336925398594449 0.01822876268614471 0
-0.03178022493954984 -0.03682308559257236 0
-0.03293318024989473 -0.04058722890302056 0
-0.02596486293237146 -0.04307429787554704 0
0.01007824382442253 0.04221146159774306 0
-0.04344014671781792 -0.01771210081916373 0
0.02771512571366967 0.03747436286664928 0
0.02872575269194258 0.04148031918397486 0
-0.0364652998541363 0.0166013982406886 0
0.04800794984590631 -0.00817511595521022 0
0.01713741143178134 -0.04257897654854724 0
0.01309371378936185 0.01423491482782835 0
0.03420798954395569 0.03219602299954707 0
0.03518331520154486 0.03624119663822298 0
0.04960933122057596 0.0002725459443637013 0
0.05295096728527383 -0.007099847344456151 0
-0.0294057480602699 -0.02005458405343859 0
0.04083782612979057 0.0269830967688642 0
-0.04176697073261829 -0.0288493444386136 0
-0.01476301251350513 0.03916506161426025 0
0.0302642256039483 -0.03029885962403594 0
0.03380605529492381 -0.006685739175513328 0
0.02502571282475684 -0.03989715585189993 0
0.02853068307980514 -0.0427350284929755 0
0.02838695777931683 -0.01989647970988963 0
-0.04578111735989607 0.005893520864973825 0
-0.03339223338120936 0.03260858325570199 0
-0.03718583975903521 0.03117402001685923 0
-0.03807773302449721 0.02719748628875548 0
0.02110001884361844 0.04270032385614916 0
0.02193503798163034 0.04671833662749895 0
0.01889601873340234 0.05032899177320313 0
0.04290600199477373 -0.0180543201022304 0
0.04624127474293369 -0.02033478426269443 0
0.02043268796968258 -0.02640525963663657 0
-0.01805160364936494 -0.04822894072766186 0
0.01446708893969978 0.04804037223462378 0
-0.03491404781675056 0.02449449219610836 0
0.01500203085443673 0.02912353504871563 0
0.01591201873738506 -0.001725616946819568 0
-0.01606797993010963 0.003115451731559404 0
-0.02073851741942391 0.01087524149748541 0
-0.01174512077130729 0.02445650302024222 0
-0.02997440895066576 -0.02438943462821086 0
0.01596131048257958 -0.01353707005473342 0
0.01916970975430365 0.03050916988168863 0
0.006341092816606162 0.01539973008864541 0
0.01668870224681488 -0.02792747018155442 0
-0.02328802304043269 -0.02514723058200429 0
0.03769226257519181 -0.004879681536701631 0
-0.02360351455992084 -0.02968898050727987 0
-0.02651854338874881 -0.04751589701200956 0
-0.01026863922947106 -0.008751312379074939 0
0.01069118520908303 0.04639628021410885 0
0.008025189926958299 -0.04969012491337754 0
0.006424241807568281 -0.0538150690204339 0
0.01502580364627737 -0.05201902080013221 0
0.02134871615007911 -0.04723073284278053 0
0.02966172446441461 0.04557751832302176 0
0.03192293977111773 0.0389210908281441 0
-0.03181833882841691 0.003872631121888913 0
-0.001101743168276007 0.03745605272558886 0
0.03145438556864585 -0.02240374558615118 0
-0.0477104453720439 0.01682289053578006 0
-0.04657717958863927 0.02109583131701531 0
-0.04254188045364989 0.02231263634507188 0
-0.04583554490927619 0.02492381516544681 0
0.050414439522511 0.00855314109651403 0
0.05399790253633964 0.002306015149132525 0
-0.01053004231944964 0.04951314515741437 0
-0.005062559255463768 -0.01091444625327418 0
-0.01069171596087162 -0.05270265074816813 0
-0.05439646804262744 0.002194222480186906 0
-0.03630023901439162 0.03972312986893176 0
-0.03919683240133908 -0.03670654198467727 0
0.05046796140729273 0.01863624316795754 0
-0.00192182665435559 -0.05448275349319648 0
-0.05418780223428553 -0.006450359341944789 0
-0.04299499133903939 0.03372673101142851 0
0.05276535719606518 -0.01449183186867686 0
0.04253848042141956 0.03388179636113921 0
0.03657894255122868 0.04015633174367871 0
0.01043988804849806 0.05338366173691171 0
0.01574169653120401 -0.03200736576438304 0
-0.01727067859096224 -0.02994409020845547 0
-0.04998914863333624 0.004161649322840119 0
-0.01582060143963309 0.03124178650381042 0
-0.03400053035892879 -0.007246380164677785 0
0.02088989175078895 -0.004890784361660652 0
0.0364775740899102 -0.03984170029026263 0
-0.05266914951910872 -0.01489264105814052 0
-0.05133581548167115 -0.01893937994291798 0
0.0211071812330773 0.02426857377325379 0
0.03480057238255574 0.001148225177230027 0
0.04802181816783371 0.02683531496344588 0
-0.01670167924646407 -0.0004293646103678852 0
-0.03950109143686471 0.01930875998762265 0
0.02369216997860921 -0.04377888505471657 0
0.03422359033609583 -0.02875574832122512 0
-0.01434937702720606 -0.03226729542471093 0
-0.03269222633856109 -9.503308567211538e-05 0
-0.0134368655530583 -0.03808733115207159 0
-0.009266948387285114 0.008402758557245938 0
-0.05101213585402926 -0.004069150705578447 0
-0.0473302909880353 -0.01887150651771382 0
0.009413481141678132 -0.03043688709727024 0
0.02360684359762215 0.02160597401934565 0
-0.01999323880269357 -0.001761500741859368 0
0.03472149931468586 0.004762836464583731 0
0.002289129407271132 0.05452158329109522 0
-0.004990446464180017 0.0120677664943296 0
-0.008402194110079378 -0.01126517768246643 0
-0.04576998909610805 -0.0301145308552542 0
-0.03871447894331332 0.02328583760401268 0
0.02304758102864968 -0.0115651052188586 0
-0.003479815758546591 0.01722640597842785 0
-0.0005308343999009396 0.04150278458462038 0
-0.04087010205674165 0.03026651921493719 0
0.04923100327523267 -0.02322399877017077 0
-0.03626108684145449 -0.001655509104294505 0
0.03467366748984428 -0.02475201497189725 0
0.02962395152125503 0.02305996478148578 0
0.04020112482186188 0.007659775290683891 0
0.005921618913858611 -0.03113028077360642 0
-0.02337748951470466 0.01356771474797811 0
-0.009175220196377955 -0.02005681535187466 0
0.05370822467633973 0.01085268362693255 0
-0.04954883792709317 -0.01260077756530054 0
4.185679469622088e-05 0.04588919542152678 0
-0.01843770115593969 -0.01218689024048099 0
-0.0364957323913444 0.03517195620369015 0
0.04578477409572011 -0.03074628331741877 0
0.002269900291774206 -0.01610678594578632 0
-0.01423413485699868 0.05224234067442264 0
0.00573604787524916 -0.01538029842165748 0
0.03837831366189862 0.0332880139822315 0
-0.03071218968914154 0.04543479519092675 0
0.003954706718911616 -0.03687938137659151 0
-0.01870889872013554 0.03356609927579112 0
0.02533792360852102 0.0441064969259189 0
0.01096793220396412 0.008387064719245449 0
0.02989367279645433 0.01678339549385132 0
-0.04984097853605984 0.02333270131335824 0
-0.01931989417531591 -0.05196315505384107 0
0.03606038570569308 0.01793883239464983 0
-0.05208044385783531 0.01527444449375506 0
-0.01452449042095668 -0.01555354043755033 0
-0.01486626181696683 0.0260329534127937 0
0.03062189364725597 -0.04604446101168442 0
0.04051421075998973 -0.03745095119626196 0
-0.01151015192226962 -0.01146364423881086 0
-0.04189554338401433 0.0262699042468164 0
-0.01931447147994694 0.0183879031565012 0
0.01641256470744704 0.01231168173917927 0
0.008448623108601177 0.01770842484462673 0
0.03623557181102916 0.01211477746955972 0
0.01537230709787884 -0.004649324802377248 0
-0.006491679716645908 0.05484792482242825 0
-0.001440581467977563 -0.03391305534595692 0
0.03839217183457758 -0.02302662144808835 0
0.001155179589245927 0.02278460443840149 0
-0.01126560871798408 -0.0005804113385681721 0
0.00397985774227423 0.02150271663690365 0
0.04081153189763778 0.03066757454179973 0
0.01154809194435339 0.04993899153129514 0
-0.003816960346571053 -0.03961561346482678 0
0.02317104232540754 -0.05031308545368749 0
0.003929403307545567 -0.05073324296383126 0
0.00431197153184946 0.05098670161352446 0
0.008231505505652648 -0.01752762758497007 0
-0.007145147768961559 -0.05043703873681709 0
0.02551133326153476 0.0003179983510675209 0
0.01947239642891797 0.009844886264928344 0
-0.01804536314947062 0.03787550203713635 0
0.008684886664378786 -0.00922687451306034 0
-0.006207975814168736 -0.01897866107746187 0
0.0183102466208459 -0.003651912314798446 0
-0.02204790065801762 0.02169526699905202 0
0.04858552551908378 0.01425009222936399 0
0.02317758112911178 0.05022044224006676 0
0.04008254979124716 0.0115864083760755 0
-0.009503276809323787 -0.03712210390476703 0
-0.03639581216588123 -0.004940992878069359 0
0.01909660657320815 0.006326504581658296 0
0.02188991417670116 0.004051490432960702 0
0.01347382532393546 -0.002711850894795772 0
-0.04850492054167616 -0.02716406072160926 0
-0.02115133222369214 0.02561383639849691 0
-0.03164547367422973 0.04065511347608968 0
0.04420374577236182 0.01277160594769443 0
0.02122604658157169 -0.002208540731781143 0
4.63991487299688e-05 -0.0516378682797546 0
-0.04184658028453465 -0.0063593814709794 0
0.004295554249045993 -0.01065992688265635 0
-0.004644399696166267 0.02520793402578509 0
0.04207143373228611 -0.02148615169939036 0
-0.04861817762999282 0.02722748768186313 0
0.01119718041216269 -0.01654957332042285 0
-0.01365999436314016 -0.04860191604844299 0
-0.01808387605984592 -0.00711447686580769 0
-0.009559575726822717 0.02731817132516626 0
-0.001805296617814051 -0.02186382517753605 0
-0.02172667427715158 0.04617305512972286 0
0.04491005081247722 -0.0242127795213305 0
-0.01712100714081849 0.04140356733373904 0
0.008196387139469283 0.00688897195634494 0
0.04683143531214665 0.0206645594254737 0
-0.01103116833192396 -0.04093728020672398 0
-0.03457521971321011 -0.04377227655974948 0
-0.03953181645756185 0.03346073740615812 0
0.03195689907031384 -0.04015567359748434 0
-0.04370413844592904 -0.00395247330391712 0
0.0506170922474436 0.01175146664748832 0
-0.04953467032400625 -0.01608072070515548 0
0.05047669836371536 -0.01103093263932882 0
-0.03520068378298818 -0.03785585451316255 0
0.01990540166055982 -0.04428525467900889 0
0.01111756787600208 0.01692500723956329 0
-0.01262035671729397 -0.01393447604743793 0
-0.0163814333755354 0.02827027500388291 0
0.04951394174617667 -0.01497328152922802 0
-0.007929533366230694 0.00646005371369896 0
-0.002544110867674948 0.02673998205291219 0
-0.0122373045022236 -0.04486151053989935 0
2 9 0 25
1348
1349
1350
1351
1352
1353
1354
1355
1356
1357
1358
1359
1360
1361
1362
1363
1364
1365
1366
1367
1368
1369
1370
1371
1372
0.003057095603608618 -0.004605576083919508 0
-0.002348007896079185 0.004265956198465157 0
-0.004334781775279777 -0.002896408582283842 0
0.004307627220069035 0.003038324012253893 0
0.0008474056465658544 0.005368940193751693 0
-0.001100112660635299 -0.005579905172060706 0
0.005270344065433308 -0.00113538202037651 0
-0.005113223737884009 0.001017083438644372 0
0.006031458640607821 0.001199731716955794 0
0.002643064310011792 0.0005152676835945102 0
0.00277875487350144 -0.002333737686636595 0
-3.095743716277645e-05 -0.001477012162754574 0
-0.0009327440521835846 0.001375510374642689 0
-0.0029746831646854 -0.0006212299990221337 0
0.001183706827447638 0.00283185926999884 0
-0.006031458640607819 -0.001199731716955796 0
0.001171159211755043 -0.005937395474159359 0
0.005113223737884008 -0.003416546872555965 0
-0.003416546872555966 -0.005113223737884008 0
0.003035268862769237 0.004893106695620372 0
-0.001150989074167391 0.006309127687883491 0
-0.004858853983830029 0.003289097300582539 0
-0.002018820819299536 -0.003021378871952748 0
-0.003245502566932441 0.001865283462662525 0
0.000642853128627915 -0.003825834241913914 0
$EndNodes
$Elements
20 2644 1 2997
0 1 15 1
1 1 
0 2 15 1
2 2 
0 3 15 1
3 3 
0 4 15 1
4 4 
0 5 15 1
5 5 
0 6 15 1
6 6 
0 7 15 1
7 7 
0 8 15 1
8 8 
0 9 15 1
9 9 
0 10 15 1
10 10 
0 11 15 1
11 11 
0 12 15 1
12 12 
0 13 15 1
13 13 
0 14 15 1
14 14 
0 15 15 1
15 15 
0 16 15 1
16 16 
2 6 2 272
370 166 71 330 
371 191 101 332 
372 216 131 331 
373 186 95 333 
374 196 107 325 
375 221 137 337 
376 181 89 326 
377 201 113 327 
378 236 155 329 
379 171 77 335 
380 231 149 323 
381 241 161 336 
382 138 222 322 
383 176 83 328 
384 132 217 312 
385 108 197 315 
386 206 119 324 
387 156 237 311 
388 84 177 313 
389 114 202 319 
390 78 172 320 
391 226 143 334 
392 90 182 310 
393 120 207 314 
394 211 125 316 
395 150 232 317 
396 144 227 318 
397 72 167 321 
398 126 212 306 
399 102 192 307 
400 96 187 309 
401 66 162 308 
402 27 11 306 
403 23 7 307 
404 22 6 309 
405 17 1 308 
406 26 10 314 
407 31 15 317 
408 11 27 316 
409 30 14 318 
410 21 5 310 
411 32 16 311 
412 28 12 312 
413 19 3 320 
414 20 4 313 
415 24 8 315 
416 25 9 319 
417 18 2 321 
418 15 31 323 
419 10 26 324 
420 29 13 322 
421 16 32 329 
422 4 20 328 
423 14 30 334 
424 3 19 335 
425 1 17 336 
426 7 23 332 
427 2 18 330 
428 12 28 331 
429 6 22 333 
430 5 21 326 
431 8 24 325 
432 9 25 327 
433 13 29 337 
434 1 66 308 
435 161 1 336 
436 71 2 330 
437 2 72 321 
438 77 3 335 
439 3 78 320 
440 83 4 328 
441 4 84 313 
442 89 5 326 
443 5 90 310 
444 95 6 333 
445 6 96 309 
446 101 7 332 
447 7 102 307 
448 107 8 325 
449 8 108 315 
450 113 9 327 
451 9 114 319 
452 119 10 324 
453 10 120 314 
454 125 11 316 
455 11 126 306 
456 131 12 331 
457 12 132 312 
458 137 13 337 
459 13 138 322 
460 143 14 334 
461 14 144 318 
462 149 15 323 
463 15 150 317 
464 155 16 329 
465 16 156 311 
466 162 17 308 
467 17 241 336 
468 18 166 330 
469 167 18 321 
470 19 171 335 
471 172 19 320 
472 20 176 328 
473 177 20 313 
474 21 181 326 
475 182 21 310 
476 22 186 333 
477 187 22 309 
478 23 191 332 
479 192 23 307 
480 24 196 325 
481 197 24 315 
482 25 201 327 
483 202 25 319 
484 26 206 324 
485 207 26 314 
486 27 211 316 
487 212 27 306 
488 28 216 331 
489 217 28 312 
490 29 221 337 
491 222 29 322 
492 30 226 334 
493 227 30 318 
494 31 231 323 
495 232 31 317 
496 32 236 329 
497 237 32 311 
498 67 162 66 
499 68 163 67 
500 163 162 67 
501 69 164 68 
502 164 163 68 
503 70 165 69 
504 165 164 69 
505 71 166 70 
506 166 165 70 
507 73 167 72 
508 74 168 73 
509 168 167 73 
510 75 169 74 
511 169 168 74 
512 170 75 76 
513 170 169 75 
514 171 76 77 
515 171 170 76 
516 172 78 79 
517 173 79 80 
518 173 172 79 
519 174 80 81 
520 174 173 80 
521 175 81 82 
522 175 174 81 
523 176 82 83 
524 176 175 82 
525 177 84 85 
526 178 85 86 
527 178 177 85 
528 179 86 87 
529 179 178 86 
530 88 180 87 
531 180 179 87 
532 89 181 88 
533 181 180 88 
534 91 182 90 
535 92 183 91 
536 183 182 91 
537 93 184 92 
538 184 183 92 
539 94 185 93 
540 185 184 93 
541 95 186 94 
542 186 185 94 
543 97 187 96 
544 98 188 97 
545 188 187 97 
546 99 189 98 
547 189 188 98 
548 100 190 99 
549 190 189 99 
550 101 191 100 
551 191 190 100 
552 103 192 102 
553 104 193 103 
554 193 192 103 
555 105 194 104 
556 194 193 104 
557 106 195 105 
558 195 194 105 
559 107 196 106 
560 196 195 106 
561 109 197 108 
562 110 198 109 
563 198 197 109 
564 111 199 110 
565 199 198 110 
566 112 200 111 
567 200 199 111 
568 113 201 112 
569 201 200 112 
570 202 114 115 
571 203 115 116 
572 203 202 115 
573 204 116 117 
574 204 203 116 
575 205 117 118 
576 205 204 117 
577 206 118 119 
578 206 205 118 
579 207 120 121 
580 208 121 122 
581 208 207 121 
582 209 122 123 
583 209 208 122 
584 210 123 124 
585 210 209 123 
586 211 124 125 
587 211 210 124 
588 212 126 127 
589 128 213 127 
590 213 212 127 
591 129 214 128 
592 214 213 128 
593 130 215 129 
594 215 214 129 
595 216 130 131 
596 216 215 130 
597 133 217 132 
598 218 133 134 
599 218 217 133 
600 135 219 134 
601 219 218 134 
602 136 220 135 
603 220 219 135 
604 137 221 136 
605 221 220 136 
606 222 138 139 
607 223 139 140 
608 223 222 139 
609 224 140 141 
610 224 223 140 
611 225 141 142 
612 225 224 141 
613 226 142 143 
614 226 225 142 
615 227 144 145 
616 228 145 146 
617 228 227 145 
618 229 146 147 
619 229 228 146 
620 230 147 148 
621 230 229 147 
622 231 148 149 
623 231 230 148 
624 232 150 151 
625 233 151 152 
626 233 232 151 
627 234 152 153 
628 234 233 152 
629 235 153 154 
630 235 234 153 
631 236 154 155 
632 236 235 154 
633 237 156 157 
634 238 157 158 
635 238 237 157 
636 239 158 159 
637 239 238 158 
638 240 159 160 
639 240 239 159 
640 241 160 161 
641 241 240 160 
2 7 2 752
642 451 530 562 
643 457 532 571 
644 453 531 563 
645 461 537 573 
646 471 539 572 
647 469 538 567 
648 463 536 565 
649 455 535 570 
650 467 534 566 
651 473 533 564 
652 459 540 569 
653 465 541 568 
654 475 543 575 
655 479 542 574 
656 477 545 576 
657 481 544 577 
658 393 419 501 
659 397 440 495 
660 398 422 491 
661 401 413 504 
662 388 446 514 
663 387 431 507 
664 386 410 516 
665 392 437 517 
666 394 404 506 
667 390 407 511 
668 389 416 515 
669 395 428 513 
670 391 443 508 
671 396 425 512 
672 400 434 509 
673 399 449 510 
674 543 370 575 
675 542 372 574 
676 544 373 577 
677 545 375 576 
678 530 371 562 
679 532 374 571 
680 538 379 567 
681 537 380 573 
682 535 376 570 
683 539 382 572 
684 536 385 565 
685 540 381 569 
686 534 383 566 
687 533 378 564 
688 541 384 568 
689 531 377 563 
690 419 500 501 
691 422 490 491 
692 413 503 504 
693 440 494 495 
694 410 485 516 
695 407 483 511 
696 404 482 506 
697 431 484 507 
698 437 488 517 
699 416 486 515 
700 446 487 514 
701 425 489 512 
702 428 497 513 
703 443 493 508 
704 434 498 509 
705 449 499 510 
706 226 30 502 
707 231 31 496 
708 176 20 492 
709 196 24 505 
710 30 393 502 
711 20 398 492 
712 24 401 505 
713 31 397 496 
714 166 18 520 
715 191 23 527 
716 211 27 529 
717 216 28 523 
718 186 22 521 
719 206 26 525 
720 181 21 522 
721 221 29 518 
722 201 25 519 
723 171 19 524 
724 241 17 526 
725 236 32 528 
726 446 388 596 
727 431 387 594 
728 419 393 601 
729 440 397 602 
730 437 392 599 
731 404 394 595 
732 428 395 603 
733 416 389 600 
734 410 386 597 
735 443 391 608 
736 407 390 598 
737 434 400 606 
738 425 396 604 
739 449 399 609 
740 422 398 607 
741 413 401 605 
742 23 388 527 
743 18 394 520 
744 25 386 519 
745 21 390 522 
746 29 391 518 
747 22 392 521 
748 26 389 525 
749 27 387 529 
750 28 396 523 
751 19 395 524 
752 17 399 526 
753 32 400 528 
754 451 450 530 
755 457 456 532 
756 463 462 536 
757 455 454 535 
758 459 458 540 
759 473 472 533 
760 469 468 538 
761 465 464 541 
762 467 466 534 
763 461 460 537 
764 471 470 539 
765 453 452 531 
766 393 501 502 
767 397 495 496 
768 398 491 492 
769 401 504 505 
770 244 447 450 
771 280 414 472 
772 260 405 456 
773 248 402 454 
774 284 429 462 
775 276 408 466 
776 264 435 452 
777 304 432 458 
778 288 423 468 
779 272 411 460 
780 300 438 464 
781 256 420 470 
782 404 361 482 
783 410 362 485 
784 407 365 483 
785 431 363 484 
786 446 354 487 
787 416 368 486 
788 437 369 488 
789 425 364 489 
790 428 358 497 
791 440 356 494 
792 422 366 490 
793 443 355 493 
794 419 359 500 
795 434 360 498 
796 449 357 499 
797 413 367 503 
798 450 447 530 
799 452 435 531 
800 472 414 533 
801 456 405 532 
802 466 408 534 
803 462 429 536 
804 454 402 535 
805 468 423 538 
806 460 411 537 
807 458 432 540 
808 470 420 539 
809 464 438 541 
810 501 475 502 
811 504 481 505 
812 495 479 496 
813 491 477 492 
814 388 514 527 
815 394 506 520 
816 386 516 519 
817 387 507 529 
818 391 508 518 
819 389 515 525 
820 392 517 521 
821 390 511 522 
822 396 512 523 
823 395 513 524 
824 400 509 528 
825 399 510 526 
826 447 448 530 
827 435 436 531 
828 414 415 533 
829 405 406 532 
830 402 403 535 
831 429 430 536 
832 408 409 534 
833 423 424 538 
834 432 433 540 
835 420 421 539 
836 438 439 541 
837 411 412 537 
838 342 475 501 
839 353 481 504 
840 351 479 495 
841 349 477 491 
842 441 442 543 
843 417 418 542 
844 426 427 545 
845 444 445 544 
846 475 474 543 
847 479 478 542 
848 477 476 545 
849 481 480 544 
850 502 475 575 
851 496 479 574 
852 492 477 576 
853 505 481 577 
854 520 451 562 
855 527 453 563 
856 529 473 564 
857 521 457 571 
858 525 467 566 
859 523 463 565 
860 519 461 573 
861 518 469 567 
862 524 455 570 
863 522 471 572 
864 526 459 569 
865 528 465 568 
866 166 520 562 
867 191 527 563 
868 211 529 564 
869 216 523 565 
870 206 525 566 
871 221 518 567 
872 186 521 571 
873 181 522 572 
874 201 519 573 
875 171 524 570 
876 241 526 569 
877 236 528 568 
878 245 244 450 
879 249 248 454 
880 261 260 456 
881 305 304 458 
882 265 264 452 
883 301 300 464 
884 285 284 462 
885 273 272 460 
886 277 276 466 
887 289 288 468 
888 257 256 470 
889 281 280 472 
890 500 342 501 
891 503 353 504 
892 494 351 495 
893 490 349 491 
894 402 361 403 
895 447 357 448 
896 405 365 406 
897 414 368 415 
898 408 362 409 
899 423 364 424 
900 417 359 418 
901 441 355 442 
902 411 367 412 
903 420 366 421 
904 438 356 439 
905 432 360 433 
906 429 363 430 
907 435 369 436 
908 426 358 427 
909 444 354 445 
910 342 474 475 
911 353 480 481 
912 351 478 479 
913 349 476 477 
914 484 344 507 
915 488 341 517 
916 487 338 514 
917 485 346 516 
918 482 339 506 
919 497 348 513 
920 486 343 515 
921 483 345 511 
922 493 347 508 
923 489 340 512 
924 498 352 509 
925 499 350 510 
926 474 441 543 
927 478 417 542 
928 476 426 545 
929 480 444 544 
930 226 502 575 
931 231 496 574 
932 176 492 576 
933 196 505 577 
934 247 361 402 
935 259 365 405 
936 275 362 408 
937 295 359 417 
938 243 357 447 
939 279 368 414 
940 271 367 411 
941 287 364 423 
942 263 369 435 
943 255 366 420 
944 291 355 441 
945 299 356 438 
946 251 358 426 
947 303 360 432 
948 283 363 429 
949 267 354 444 
950 363 282 484 
951 361 246 482 
952 354 266 487 
953 365 258 483 
954 362 274 485 
955 369 262 488 
956 359 294 500 
957 358 250 497 
958 356 298 494 
959 355 290 493 
960 364 286 489 
961 368 278 486 
962 366 254 490 
963 357 242 499 
964 360 302 498 
965 367 270 503 
966 39 338 487 
967 43 344 484 
968 38 341 488 
969 34 339 482 
970 41 346 485 
971 37 345 483 
972 35 348 497 
973 46 342 500 
974 45 347 493 
975 44 340 489 
976 42 343 486 
977 36 349 490 
978 47 351 494 
979 48 352 498 
980 33 350 499 
981 40 353 503 
982 342 293 474 
983 353 269 480 
984 349 253 476 
985 351 297 478 
986 292 441 474 
987 252 426 476 
988 296 417 478 
989 268 444 480 
990 506 451 520 
991 507 473 529 
992 508 469 518 
993 509 465 528 
994 510 459 526 
995 511 471 522 
996 512 463 523 
997 516 461 519 
998 515 467 525 
999 517 457 521 
1000 513 455 524 
1001 514 453 527 
1002 339 451 506 
1003 344 473 507 
1004 347 469 508 
1005 345 471 511 
1006 352 465 509 
1007 340 463 512 
1008 350 459 510 
1009 346 461 516 
1010 341 457 517 
1011 343 467 515 
1012 338 453 514 
1013 348 455 513 
1014 29 222 391 
1015 25 202 386 
1016 21 182 390 
1017 20 177 398 
1018 19 172 395 
1019 17 162 399 
1020 24 197 401 
1021 28 217 396 
1022 32 237 400 
1023 30 227 393 
1024 26 207 389 
1025 23 192 388 
1026 22 187 392 
1027 18 167 394 
1028 27 212 387 
1029 31 232 397 
1030 164 165 371 
1031 214 215 385 
1032 224 225 370 
1033 219 220 379 
1034 174 175 375 
1035 189 190 377 
1036 179 180 382 
1037 239 240 381 
1038 234 235 384 
1039 194 195 373 
1040 199 200 380 
1041 169 170 376 
1042 204 205 383 
1043 184 185 374 
1044 209 210 378 
1045 229 230 372 
1046 546 446 596 
1047 549 440 602 
1048 547 443 608 
1049 554 431 594 
1050 551 419 601 
1051 548 449 609 
1052 550 428 603 
1053 553 434 606 
1054 552 404 595 
1055 561 437 599 
1056 558 416 600 
1057 557 425 604 
1058 555 410 597 
1059 556 407 598 
1060 559 422 607 
1061 560 413 605 
1062 436 369 437 
1063 415 368 416 
1064 430 363 431 
1065 403 361 404 
1066 439 356 440 
1067 409 362 410 
1068 448 357 449 
1069 418 359 419 
1070 424 364 425 
1071 445 354 446 
1072 406 365 407 
1073 442 355 443 
1074 433 360 434 
1075 427 358 428 
1076 421 366 422 
1077 412 367 413 
1078 295 294 359 
1079 247 246 361 
1080 259 258 365 
1081 263 262 369 
1082 267 266 354 
1083 275 274 362 
1084 251 250 358 
1085 271 270 367 
1086 287 286 364 
1087 291 290 355 
1088 255 254 366 
1089 299 298 356 
1090 303 302 360 
1091 243 242 357 
1092 283 282 363 
1093 279 278 368 
1094 40 269 353 
1095 46 293 342 
1096 36 253 349 
1097 38 261 341 
1098 35 249 348 
1099 34 245 339 
1100 41 273 346 
1101 33 305 350 
1102 44 285 340 
1103 42 277 343 
1104 47 297 351 
1105 48 301 352 
1106 37 257 345 
1107 45 289 347 
1108 43 281 344 
1109 39 265 338 
1110 280 279 414 
1111 260 259 405 
1112 276 275 408 
1113 248 247 402 
1114 284 283 429 
1115 272 271 411 
1116 244 243 447 
1117 256 255 420 
1118 288 287 423 
1119 304 303 432 
1120 300 299 438 
1121 292 291 441 
1122 252 251 426 
1123 264 263 435 
1124 296 295 417 
1125 268 267 444 
1126 266 39 487 
1127 282 43 484 
1128 262 38 488 
1129 250 35 497 
1130 274 41 485 
1131 258 37 483 
1132 278 42 486 
1133 290 45 493 
1134 246 34 482 
1135 286 44 489 
1136 298 47 494 
1137 302 48 498 
1138 254 36 490 
1139 242 33 499 
1140 294 46 500 
1141 270 40 503 
1142 293 292 474 
1143 297 296 478 
1144 253 252 476 
1145 269 268 480 
1146 339 245 450 
1147 350 305 458 
1148 348 249 454 
1149 341 261 456 
1150 352 301 464 
1151 340 285 462 
1152 346 273 460 
1153 347 289 468 
1154 345 257 470 
1155 343 277 466 
1156 344 281 472 
1157 338 265 452 
1158 409 410 555 
1159 415 416 558 
1160 439 440 549 
1161 448 449 548 
1162 406 407 556 
1163 403 404 552 
1164 436 437 561 
1165 424 425 557 
1166 430 431 554 
1167 433 434 553 
1168 421 422 559 
1169 442 443 547 
1170 412 413 560 
1171 427 428 550 
1172 445 446 546 
1173 418 419 551 
1174 339 450 451 
1175 347 468 469 
1176 340 462 463 
1177 350 458 459 
1178 345 470 471 
1179 352 464 465 
1180 344 472 473 
1181 346 460 461 
1182 341 456 457 
1183 343 466 467 
1184 348 454 455 
1185 338 452 453 
1186 442 547 610 
1187 427 550 613 
1188 418 551 611 
1189 445 546 612 
1190 448 548 614 
1191 436 561 618 
1192 415 558 621 
1193 424 557 617 
1194 439 549 624 
1195 433 553 619 
1196 421 559 623 
1197 430 554 620 
1198 409 555 625 
1199 412 560 622 
1200 403 552 616 
1201 406 556 615 
1202 371 165 562 
1203 377 190 563 
1204 385 215 565 
1205 378 210 564 
1206 379 220 567 
1207 383 205 566 
1208 384 235 568 
1209 381 240 569 
1210 376 170 570 
1211 374 185 571 
1212 382 180 572 
1213 380 200 573 
1214 210 211 564 
1215 165 166 562 
1216 205 206 566 
1217 190 191 563 
1218 215 216 565 
1219 220 221 567 
1220 180 181 572 
1221 170 171 570 
1222 235 236 568 
1223 185 186 571 
1224 240 241 569 
1225 200 201 573 
1226 230 231 574 
1227 225 226 575 
1228 175 176 576 
1229 195 196 577 
1230 547 578 610 
1231 550 582 613 
1232 551 580 611 
1233 546 581 612 
1234 530 448 614 
1235 531 436 618 
1236 533 415 621 
1237 538 424 617 
1238 536 430 620 
1239 541 439 624 
1240 534 409 625 
1241 540 433 619 
1242 535 403 616 
1243 539 421 623 
1244 532 406 615 
1245 537 412 622 
1246 372 230 574 
1247 370 225 575 
1248 375 175 576 
1249 373 195 577 
1250 543 442 610 
1251 542 418 611 
1252 545 427 613 
1253 544 445 612 
1254 561 585 618 
1255 548 579 614 
1256 558 590 621 
1257 557 584 617 
1258 549 586 624 
1259 553 583 619 
1260 559 588 623 
1261 554 592 620 
1262 555 593 625 
1263 560 591 622 
1264 552 587 616 
1265 556 589 615 
1266 547 223 578 
1267 546 193 581 
1268 548 163 579 
1269 549 233 586 
1270 554 213 592 
1271 550 173 582 
1272 556 183 589 
1273 551 228 580 
1274 555 203 593 
1275 553 238 583 
1276 552 168 587 
1277 557 218 584 
1278 558 208 590 
1279 559 178 588 
1280 561 188 585 
1281 560 198 591 
1282 163 548 609 
1283 193 546 596 
1284 223 547 608 
1285 233 549 602 
1286 168 552 595 
1287 173 550 603 
1288 228 551 601 
1289 238 553 606 
1290 203 555 597 
1291 213 554 594 
1292 178 559 607 
1293 218 557 604 
1294 183 556 598 
1295 188 561 599 
1296 198 560 605 
1297 208 558 600 
1298 223 224 578 
1299 183 184 589 
1300 208 209 590 
1301 228 229 580 
1302 203 204 593 
1303 213 214 592 
1304 218 219 584 
1305 193 194 581 
1306 188 189 585 
1307 173 174 582 
1308 168 169 587 
1309 198 199 591 
1310 163 164 579 
1311 238 239 583 
1312 178 179 588 
1313 233 234 586 
1314 162 163 609 
1315 192 193 596 
1316 167 168 595 
1317 232 233 602 
1318 187 188 599 
1319 227 228 601 
1320 222 223 608 
1321 212 213 594 
1322 172 173 603 
1323 177 178 607 
1324 202 203 597 
1325 207 208 600 
1326 197 198 605 
1327 237 238 606 
1328 217 218 604 
1329 182 183 598 
1330 224 370 578 
1331 164 371 579 
1332 194 373 581 
1333 174 375 582 
1334 229 372 580 
1335 234 384 586 
1336 239 381 583 
1337 219 379 584 
1338 179 382 588 
1339 214 385 592 
1340 169 376 587 
1341 189 377 585 
1342 184 374 589 
1343 199 380 591 
1344 209 378 590 
1345 204 383 593 
1346 394 167 595 
1347 391 222 608 
1348 388 192 596 
1349 397 232 602 
1350 400 237 606 
1351 386 202 597 
1352 396 217 604 
1353 399 162 609 
1354 392 187 599 
1355 387 212 594 
1356 395 172 603 
1357 389 207 600 
1358 393 227 601 
1359 398 177 607 
1360 390 182 598 
1361 401 197 605 
1362 372 542 611 
1363 370 543 610 
1364 373 544 612 
1365 375 545 613 
1366 371 530 614 
1367 377 531 618 
1368 374 532 615 
1369 378 533 621 
1370 385 536 620 
1371 376 535 616 
1372 383 534 625 
1373 379 538 617 
1374 380 537 622 
1375 381 540 619 
1376 382 539 623 
1377 384 541 624 
1378 578 370 610 
1379 580 372 611 
1380 581 373 612 
1381 582 375 613 
1382 579 371 614 
1383 585 377 618 
1384 590 378 621 
1385 592 385 620 
1386 584 379 617 
1387 587 376 616 
1388 586 384 624 
1389 583 381 619 
1390 589 374 615 
1391 593 383 625 
1392 588 382 623 
1393 591 380 622 
2 8 2 1540
1394 1015 955 1016 
1395 1026 1121 1198 
1396 1054 959 1055 
1397 1114 656 1115 
1398 1045 1060 1061 
1399 933 1017 1234 
1400 1019 666 1138 
1401 628 872 1058 
1402 1020 659 1021 
1403 1055 959 1227 
1404 1022 648 1327 
1405 1159 649 1322 
1406 300 301 1139 
1407 994 808 1219 
1408 1025 667 1141 
1409 35 250 1155 
1410 1017 933 1239 
1411 59 989 1194 
1412 955 1015 1239 
1413 864 869 1033 
1414 649 1159 1267 
1415 903 901 1127 
1416 999 1065 1270 
1417 656 1114 1116 
1418 1065 999 1253 
1419 257 37 1047 
1420 1009 790 1232 
1421 1034 809 1168 
1422 37 653 1047 
1423 969 1193 1257 
1424 648 1022 1255 
1425 808 994 1285 
1426 771 1011 1230 
1427 268 646 1057 
1428 870 50 1329 
1429 790 1009 1246 
1430 1011 771 1245 
1431 666 1019 1139 
1432 971 1187 1269 
1433 1208 1029 1223 
1434 1197 1108 1312 
1435 1005 1030 1326 
1436 812 1056 1278 
1437 1084 1029 1208 
1438 1121 645 1198 
1439 1024 1022 1327 
1440 1045 810 1060 
1441 872 933 1058 
1442 729 1051 1247 
1443 876 630 877 
1444 639 1028 1126 
1445 861 627 862 
1446 629 861 863 
1447 1028 639 1127 
1448 1012 784 1279 
1449 659 1020 1273 
1450 1051 729 1261 
1451 647 1044 1206 
1452 1101 1276 1301 
1453 1082 765 1284 
1454 784 1012 1268 
1455 267 268 1057 
1456 667 1025 1218 
1457 809 1085 1168 
1458 1079 812 1278 
1459 59 58 989 
1460 57 56 983 
1461 1276 1001 1301 
1462 1045 1061 1256 
1463 646 1037 1057 
1464 51 50 870 
1465 1026 1198 1339 
1466 1131 1182 1263 
1467 1048 652 1049 
1468 1016 955 1046 
1469 250 658 1155 
1470 637 300 1139 
1471 301 666 1139 
1472 60 630 876 
1473 1256 1061 1258 
1474 63 627 861 
1475 629 64 861 
1476 627 62 907 
1477 52 628 1058 
1478 631 53 1058 
1479 1021 659 1022 
1480 1108 1197 1254 
1481 1014 1159 1322 
1482 1182 640 1263 
1483 1033 869 1264 
1484 1040 785 1305 
1485 785 1040 1289 
1486 879 1256 1258 
1487 997 994 1219 
1488 983 56 1285 
1489 786 1029 1225 
1490 771 1042 1245 
1491 1030 1005 1328 
1492 1027 662 1200 
1493 1138 666 1192 
1494 1193 636 1257 
1495 631 1058 1234 
1496 630 59 1194 
1497 629 864 1033 
1498 729 1053 1261 
1499 1084 772 1174 
1500 1029 786 1223 
1501 901 1028 1127 
1502 635 1055 1201 
1503 1172 1052 1174 
1504 35 1155 1303 
1505 772 1172 1174 
1506 765 1046 1284 
1507 646 1196 1209 
1508 1042 771 1265 
1509 1111 903 1127 
1510 1183 1137 1205 
1511 809 1034 1321 
1512 1031 1005 1326 
1513 653 258 1070 
1514 644 1197 1312 
1515 1206 1044 1288 
1516 627 907 1298 
1517 1101 988 1248 
1518 1187 651 1269 
1519 48 302 1192 
1520 1037 646 1209 
1521 634 1073 1180 
1522 663 1183 1205 
1523 1004 1012 1304 
1524 1181 664 1221 
1525 1093 1074 1231 
1526 1302 1018 1313 
1527 772 1084 1208 
1528 1166 813 1271 
1529 1196 1083 1209 
1530 813 1166 1324 
1531 1053 729 1282 
1532 1073 1043 1180 
1533 798 1036 1314 
1534 1047 653 1326 
1535 1011 1086 1216 
1536 631 1064 1226 
1537 966 870 1329 
1538 940 982 1212 
1539 1004 1304 1313 
1540 786 1225 1305 
1541 258 259 1070 
1542 1305 1225 1331 
1543 1032 1260 1312 
1544 982 1092 1212 
1545 1087 1009 1217 
1546 1018 1004 1313 
1547 1011 1216 1230 
1548 1301 1001 1311 
1549 660 1089 1157 
1550 734 1092 1238 
1551 1036 798 1295 
1552 286 287 1179 
1553 1224 981 1243 
1554 1051 1050 1229 
1555 847 1101 1248 
1556 764 1086 1169 
1557 1116 1114 1252 
1558 1195 1041 1322 
1559 1038 987 1306 
1560 1030 1047 1326 
1561 1074 997 1231 
1562 1213 1007 1334 
1563 1033 1264 1329 
1564 1001 1002 1311 
1565 662 1027 1294 
1566 993 1116 1252 
1567 987 1038 1316 
1568 1025 643 1218 
1569 664 1181 1290 
1570 967 1081 1135 
1571 1051 1229 1247 
1572 1217 1009 1232 
1573 1097 1162 1169 
1574 1201 1055 1227 
1575 693 1224 1243 
1576 1020 1007 1213 
1577 1000 1077 1325 
1578 1099 1171 1207 
1579 1041 1195 1294 
1580 1092 982 1238 
1581 1059 805 1080 
1582 1111 1127 1175 
1583 1145 1100 1173 
1584 653 1070 1326 
1585 1131 663 1182 
1586 663 1131 1183 
1587 1141 667 1287 
1588 1260 644 1312 
1589 1115 656 1281 
1590 641 1147 1272 
1591 1042 784 1268 
1592 793 1066 1067 
1593 638 1190 1275 
1594 1087 773 1173 
1595 1162 764 1169 
1596 728 1050 1207 
1597 774 673 1069 
1598 643 1025 1330 
1599 1049 652 1310 
1600 668 1043 1178 
1601 1171 728 1207 
1602 645 1121 1142 
1603 1147 641 1334 
1604 1279 790 1304 
1605 1052 792 1167 
1606 1017 1064 1234 
1607 660 1157 1242 
1608 1043 668 1180 
1609 1077 1075 1325 
1610 784 1042 1265 
1611 673 671 1069 
1612 665 1111 1175 
1613 1070 1031 1326 
1614 302 650 1192 
1615 793 1036 1295 
1616 666 48 1192 
1617 1021 1023 1222 
1618 794 706 1076 
1619 1140 1102 1167 
1620 1135 1081 1277 
1621 1076 1075 1077 
1622 773 1145 1173 
1623 994 983 1285 
1624 1047 969 1257 
1625 1086 764 1216 
1626 793 742 1066 
1627 1060 806 1061 
1628 1021 1022 1023 
1629 1199 1018 1302 
1630 1071 858 1072 
1631 1063 774 1069 
1632 757 812 1079 
1633 794 1076 1077 
1634 790 1246 1304 
1635 1139 1133 1338 
1636 751 799 1062 
1637 1019 1133 1139 
1638 998 1072 1253 
1639 1015 1017 1239 
1640 791 688 1071 
1641 1264 966 1329 
1642 288 289 1180 
1643 1064 1069 1226 
1644 717 806 1060 
1645 700 805 1065 
1646 1277 970 1296 
1647 1072 858 1253 
1648 1065 805 1270 
1649 642 286 1179 
1650 1085 1106 1168 
1651 287 668 1179 
1652 805 702 1080 
1653 721 809 1068 
1654 257 1047 1257 
1655 652 1048 1228 
1656 791 1071 1072 
1657 814 774 1063 
1658 742 744 1066 
1659 792 1140 1167 
1660 706 708 1076 
1661 1057 971 1269 
1662 641 1213 1334 
1663 61 876 1317 
1664 651 1187 1188 
1665 907 61 1317 
1666 688 692 1071 
1667 713 810 1075 
1668 1050 728 1229 
1669 773 1087 1217 
1670 877 630 878 
1671 812 759 1082 
1672 862 627 865 
1673 778 816 1103 
1674 1137 633 1205 
1675 629 863 864 
1676 678 680 1105 
1677 792 1052 1172 
1678 809 723 1085 
1679 787 694 1112 
1680 791 1074 1093 
1681 876 877 879 
1682 883 678 1105 
1683 1081 970 1277 
1684 1017 1063 1064 
1685 791 1072 1074 
1686 1073 634 1181 
1687 661 1199 1302 
1688 749 751 1062 
1689 1002 1096 1311 
1690 797 988 1091 
1691 645 1142 1236 
1692 1036 793 1308 
1693 689 778 1103 
1694 1241 638 1275 
1695 1083 654 1227 
1696 820 822 1095 
1697 902 1029 1084 
1698 751 753 799 
1699 922 1009 1087 
1700 711 713 1075 
1701 1015 849 1017 
1702 698 700 1065 
1703 761 765 1082 
1704 713 715 810 
1705 1099 833 1158 
1706 715 717 1060 
1707 849 814 1063 
1708 686 791 1093 
1709 855 749 1062 
1710 717 719 806 
1711 753 755 1078 
1712 1078 755 1079 
1713 747 749 855 
1714 700 702 805 
1715 736 738 798 
1716 694 691 1112 
1717 810 715 1060 
1718 696 698 858 
1719 799 753 1078 
1720 725 730 1085 
1721 1017 849 1063 
1722 755 757 1079 
1723 690 682 1094 
1724 704 794 1080 
1725 858 698 1065 
1726 702 704 1080 
1727 1066 855 1067 
1728 744 747 1066 
1729 651 1188 1266 
1730 692 696 1071 
1731 1204 633 1259 
1732 974 932 1098 
1733 704 706 794 
1734 734 736 1092 
1735 721 723 809 
1736 1023 1022 1024 
1737 759 761 1082 
1738 806 719 1068 
1739 708 711 1076 
1740 850 942 981 
1741 719 721 1068 
1742 1053 785 1289 
1743 1188 1190 1266 
1744 1090 1138 1192 
1745 924 835 1099 
1746 1064 1063 1069 
1747 928 926 1050 
1748 886 898 1052 
1749 892 831 1097 
1750 711 712 713 
1751 822 801 1091 
1752 747 748 749 
1753 975 974 1053 
1754 723 725 1085 
1755 1086 894 1169 
1756 900 902 1084 
1757 988 795 1094 
1758 896 894 1086 
1759 920 922 1087 
1760 757 759 812 
1761 1068 809 1321 
1762 949 896 1011 
1763 902 934 1029 
1764 1011 896 1086 
1765 831 829 1097 
1766 740 742 793 
1767 795 690 1094 
1768 958 932 974 
1769 1198 657 1339 
1770 922 946 1009 
1771 835 833 1099 
1772 289 634 1180 
1773 782 818 1102 
1774 801 797 1091 
1775 50 49 1329 
1776 736 798 1092 
1777 749 750 751 
1778 960 1095 1096 
1779 1055 635 1251 
1780 1091 988 1101 
1781 696 697 698 
1782 668 288 1180 
1783 961 951 1042 
1784 928 1050 1051 
1785 713 714 715 
1786 686 688 791 
1787 959 1083 1227 
1788 797 795 988 
1789 1204 1259 1287 
1790 751 752 753 
1791 761 763 765 
1792 816 850 1103 
1793 708 710 711 
1794 837 820 1095 
1795 696 858 1071 
1796 912 1100 1109 
1797 1039 977 1040 
1798 914 918 1100 
1799 744 746 747 
1800 928 1051 1098 
1801 846 826 987 
1802 684 686 1093 
1803 680 684 1105 
1804 725 727 730 
1805 1004 963 1012 
1806 302 303 650 
1807 282 283 649 
1808 296 297 648 
1809 252 253 647 
1810 268 269 646 
1811 276 277 645 
1812 260 261 644 
1813 960 837 1095 
1814 44 286 642 
1815 33 242 643 
1816 734 735 736 
1817 292 293 641 
1818 248 249 640 
1819 279 280 639 
1820 271 272 635 
1821 255 256 636 
1822 299 300 637 
1823 263 264 638 
1824 289 45 634 
1825 245 34 633 
1826 675 883 1164 
1827 818 854 1102 
1828 747 855 1066 
1829 664 1147 1221 
1830 731 733 734 
1831 820 801 822 
1832 692 695 696 
1833 711 1075 1076 
1834 698 699 700 
1835 1097 829 1119 
1836 304 305 661 
1837 284 285 662 
1838 38 262 655 
1839 42 278 657 
1840 36 254 656 
1841 40 270 654 
1842 47 298 660 
1843 301 48 666 
1844 281 43 665 
1845 243 244 667 
1846 287 288 668 
1847 246 247 663 
1848 290 291 664 
1849 1100 918 1173 
1850 958 974 975 
1851 715 716 717 
1852 736 737 738 
1853 294 295 659 
1854 250 251 658 
1855 886 1052 1167 
1856 766 768 769 
1857 1064 631 1234 
1858 997 1219 1231 
1859 884 885 886 
1860 753 754 755 
1861 39 266 651 
1862 41 274 652 
1863 37 258 653 
1864 700 701 702 
1865 848 814 849 
1866 717 718 719 
1867 892 1097 1169 
1868 886 887 898 
1869 893 892 894 
1870 1035 953 1088 
1871 854 860 884 
1872 925 924 926 
1873 840 831 892 
1874 854 884 1102 
1875 765 763 766 
1876 842 835 924 
1877 857 837 960 
1878 937 849 1015 
1879 747 746 748 
1880 912 914 1100 
1881 826 787 1112 
1882 719 720 721 
1883 898 899 900 
1884 850 981 1103 
1885 711 710 712 
1886 914 917 918 
1887 918 919 920 
1888 770 781 813 
1889 895 894 896 
1890 1197 655 1254 
1891 785 1053 1282 
1892 702 703 704 
1893 927 926 928 
1894 738 739 740 
1895 1052 898 1174 
1896 730 727 731 
1897 920 1087 1173 
1898 713 712 714 
1899 1102 884 1167 
1900 749 748 750 
1901 900 1084 1174 
1902 633 1137 1259 
1903 1103 981 1184 
1904 637 1139 1338 
1905 897 896 949 
1906 696 695 697 
1907 920 921 922 
1908 900 901 902 
1909 850 851 942 
1910 816 828 850 
1911 924 1099 1207 
1912 751 750 752 
1913 1147 664 1272 
1914 902 903 934 
1915 675 678 883 
1916 922 923 946 
1917 704 705 706 
1918 929 928 1098 
1919 957 932 958 
1920 1050 926 1207 
1921 950 949 951 
1922 721 722 723 
1923 734 733 735 
1924 1115 636 1193 
1925 684 1093 1105 
1926 698 697 699 
1927 857 960 979 
1928 932 929 1098 
1929 931 929 932 
1930 942 943 1038 
1931 934 935 936 
1932 715 714 716 
1933 988 1094 1248 
1934 952 951 961 
1935 884 860 885 
1936 736 735 737 
1937 946 947 948 
1938 755 756 757 
1939 1053 974 1261 
1940 680 683 684 
1941 886 885 887 
1942 753 752 754 
1943 769 768 770 
1944 760 758 1119 
1945 840 892 893 
1946 684 685 686 
1947 649 1195 1322 
1948 842 924 925 
1949 836 804 888 
1950 700 699 701 
1951 49 1033 1329 
1952 976 975 977 
1953 717 716 718 
1954 898 887 899 
1955 276 645 1236 
1956 962 961 963 
1957 740 741 742 
1958 918 917 919 
1959 794 1077 1249 
1960 893 894 895 
1961 1085 730 1106 
1962 848 849 937 
1963 1059 1080 1249 
1964 1003 963 1004 
1965 719 718 720 
1966 872 875 933 
1967 925 926 927 
1968 654 1083 1196 
1969 978 977 1039 
1970 1008 1021 1222 
1971 738 737 739 
1972 782 1102 1140 
1973 755 754 756 
1974 702 701 703 
1975 779 690 795 
1976 824 787 826 
1977 843 1007 1008 
1978 1008 1020 1021 
1979 706 707 708 
1980 895 896 897 
1981 920 919 921 
1982 844 1152 1161 
1983 723 724 725 
1984 900 899 901 
1985 1094 682 1120 
1986 845 826 846 
1987 927 928 929 
1988 1188 1124 1189 
1989 888 804 1110 
1990 881 878 882 
1991 796 795 797 
1992 844 1151 1152 
1993 766 767 768 
1994 757 758 759 
1995 1044 647 1292 
1996 922 921 923 
1997 1322 1041 1347 
1998 686 687 688 
1999 759 760 761 
2000 267 1057 1269 
2001 830 829 831 
2002 897 949 950 
2003 811 777 829 
2004 788 823 990 
2005 650 303 1250 
2006 843 1008 1144 
2007 972 846 1054 
2008 902 901 903 
2009 704 703 705 
2010 873 870 966 
2011 850 828 851 
2012 1105 1093 1231 
2013 987 826 1112 
2014 721 720 722 
2015 946 923 947 
2016 740 739 741 
2017 864 868 869 
2018 934 903 935 
2019 856 837 857 
2020 958 975 976 
2021 931 932 957 
2022 777 760 1119 
2023 742 743 744 
2024 708 709 710 
2025 800 797 801 
2026 908 865 953 
2027 731 732 733 
2028 761 762 763 
2029 950 951 952 
2030 818 853 854 
2031 937 1015 1016 
2032 854 859 860 
2033 825 820 837 
2034 836 888 889 
2035 744 745 746 
2036 1077 1000 1299 
2037 819 801 820 
2038 952 961 962 
2039 904 882 905 
2040 807 776 833 
2041 1029 934 1225 
2042 980 979 1005 
2043 725 726 727 
2044 839 831 840 
2045 834 833 835 
2046 942 851 943 
2047 688 691 692 
2048 936 935 1014 
2049 1082 1284 1286 
2050 1034 953 1035 
2051 676 673 774 
2052 912 913 914 
2053 948 947 1010 
2054 684 683 685 
2055 962 963 1003 
2056 706 705 707 
2057 841 835 842 
2058 1188 1189 1190 
2059 692 694 695 
2060 783 911 912 
2061 869 970 1081 
2062 56 55 626 
2063 63 62 627 
2064 52 51 628 
2065 49 64 629 
2066 60 59 630 
2067 54 53 631 
2068 58 57 632 
2069 723 722 724 
2070 832 938 939 
2071 914 916 917 
2072 770 780 781 
2073 1109 1100 1145 
2074 978 1039 1041 
2075 976 977 978 
2076 1003 1004 1018 
2077 981 942 1243 
2078 930 1043 1073 
2079 766 763 767 
2080 982 1106 1238 
2081 939 969 1030 
2082 686 685 687 
2083 857 979 980 
2084 781 802 803 
2085 824 826 845 
2086 1008 1007 1020 
2087 980 1031 1032 
2088 757 756 758 
2089 759 758 760 
2090 1058 933 1234 
2091 746 745 784 
2092 742 741 743 
2093 990 823 991 
2094 852 971 1037 
2095 761 760 762 
2096 750 748 771 
2097 856 857 1107 
2098 958 976 1118 
2099 779 795 796 
2100 856 1107 1108 
2101 825 837 856 
2102 845 846 972 
2103 802 780 804 
2104 840 893 964 
2105 877 878 880 
2106 930 929 931 
2107 61 60 876 
2108 811 829 830 
2109 731 727 732 
2110 778 815 816 
2111 796 797 800 
2112 770 768 780 
2113 672 674 675 
2114 830 831 839 
2115 832 804 836 
2116 1013 916 1089 
2117 972 1054 1055 
2118 799 1078 1135 
2119 710 709 785 
2120 64 63 861 
2121 862 865 866 
2122 714 712 729 
2123 708 707 709 
2124 744 743 745 
2125 816 827 828 
2126 907 1088 1298 
2127 864 863 867 
2128 1099 1158 1171 
2129 887 885 1026 
2130 957 958 1118 
2131 1088 879 1258 
2132 985 867 986 
2133 913 911 915 
2134 819 820 825 
2135 725 724 726 
2136 980 1005 1031 
2137 1018 1199 1330 
2138 806 1068 1293 
2139 854 853 859 
2140 842 925 945 
2141 838 814 848 
2142 800 801 819 
2143 947 923 1090 
2144 62 61 907 
2145 962 1003 1025 
2146 901 899 1028 
2147 950 952 965 
2148 895 897 941 
2149 762 760 777 
2150 834 835 841 
2151 976 978 1027 
2152 927 929 930 
2153 830 839 890 
2154 810 1045 1325 
2155 921 919 1019 
2156 993 992 1044 
2157 819 825 844 
2158 991 823 992 
2159 735 733 1109 
2160 914 913 916 
2161 834 841 843 
2162 681 679 682 
2163 1032 1031 1070 
2164 763 762 1122 
2165 675 677 678 
2166 688 687 691 
2167 939 938 969 
2168 949 1011 1245 
2169 695 694 782 
2170 807 833 834 
2171 917 916 1013 
2172 832 836 938 
2173 783 912 1109 
2174 866 909 940 
2175 912 911 913 
2176 745 743 790 
2177 733 732 783 
2178 935 903 1111 
2179 53 52 1058 
2180 781 780 802 
2181 852 827 906 
2182 991 992 993 
2183 1030 969 1047 
2184 829 777 1119 
2185 788 811 823 
2186 720 718 728 
2187 1042 951 1245 
2188 796 800 817 
2189 943 944 959 
2190 678 679 680 
2191 788 990 1122 
2192 783 732 910 
2193 859 853 1048 
2194 802 804 832 
2195 782 694 787 
2196 692 691 694 
2197 775 774 814 
2198 843 1006 1007 
2199 788 777 811 
2200 880 1000 1045 
2201 873 966 967 
2202 911 910 1117 
2203 762 777 788 
2204 1113 1114 1115 
2205 1009 946 1246 
2206 857 980 1107 
2207 703 701 772 
2208 756 754 764 
2209 726 724 776 
2210 680 681 683 
2211 845 972 973 
2212 689 682 690 
2213 1098 1051 1261 
2214 954 874 1056 
2215 679 677 1120 
2216 739 737 773 
2217 890 839 891 
2218 699 697 792 
2219 984 995 996 
2220 930 931 1043 
2221 626 670 808 
2222 709 707 786 
2223 778 690 779 
2224 626 55 669 
2225 843 841 1006 
2226 891 1154 1155 
2227 818 787 824 
2228 860 859 1142 
2229 731 734 1238 
2230 1097 1119 1162 
2231 859 1048 1049 
2232 827 815 1123 
2233 1037 971 1057 
2234 768 767 1110 
2235 58 632 989 
2236 881 882 904 
2237 1113 889 1114 
2238 727 726 1148 
2239 1184 981 1224 
2240 943 851 944 
2241 908 953 1034 
2242 976 1027 1118 
2243 839 840 1153 
2244 783 910 911 
2245 632 57 983 
2246 959 944 1083 
2247 818 824 853 
2248 650 1090 1192 
2249 36 656 1233 
2250 782 787 818 
2251 880 878 881 
2252 838 956 1001 
2253 904 905 1059 
2254 884 886 1167 
2255 687 685 693 
2256 789 807 821 
2257 789 776 807 
2258 996 998 999 
2259 869 868 970 
2260 828 827 852 
2261 726 776 789 
2262 1189 1124 1220 
2263 816 815 827 
2264 1106 730 1238 
2265 1266 1190 1320 
2266 767 763 1122 
2267 915 911 1117 
2268 852 906 971 
2269 980 1032 1107 
2270 836 889 1113 
2271 867 863 1163 
2272 937 1016 1104 
2273 885 860 1121 
2274 866 865 908 
2275 49 629 1033 
2276 680 679 681 
2277 780 768 1110 
2278 733 783 1109 
2279 678 677 679 
2280 681 682 689 
2281 674 673 676 
2282 672 671 673 
2283 852 1037 1149 
2284 636 1115 1281 
2285 675 674 677 
2286 778 779 815 
2287 833 776 1158 
2288 762 788 1122 
2289 689 690 778 
2290 670 669 671 
2291 628 51 870 
2292 890 891 1160 
2293 838 848 956 
2294 982 909 1106 
2295 864 867 868 
2296 1014 1322 1347 
2297 904 1059 1249 
2298 893 895 1130 
2299 1089 1156 1157 
2300 1022 659 1255 
2301 1001 956 1002 
2302 672 673 674 
2303 899 887 1125 
2304 832 939 1143 
2305 995 994 997 
2306 670 671 672 
2307 280 281 1175 
2308 919 917 1133 
2309 873 967 968 
2310 938 836 1113 
2311 676 774 775 
2312 804 780 1110 
2313 840 964 1153 
2314 626 669 670 
2315 968 967 1135 
2316 682 679 1120 
2317 1067 855 1296 
2318 925 927 1134 
2319 628 871 872 
2320 732 727 1148 
2321 985 986 1036 
2322 775 814 838 
2323 930 1073 1134 
2324 906 827 1123 
2325 940 909 982 
2326 917 1013 1133 
2327 841 842 1146 
2328 859 1049 1142 
2329 891 839 1153 
2330 923 921 1138 
2331 842 945 1146 
2332 697 695 1140 
2333 844 1150 1151 
2334 695 782 1140 
2335 639 280 1175 
2336 676 775 847 
2337 959 1054 1335 
2338 1096 1095 1311 
2339 897 950 1136 
2340 803 802 1143 
2341 724 722 1158 
2342 996 995 998 
2343 984 983 994 
2344 851 828 1149 
2345 984 994 995 
2346 891 1155 1160 
2347 726 789 1148 
2348 856 1108 1150 
2349 875 954 955 
2350 1026 885 1121 
2351 868 867 985 
2352 1121 860 1142 
2353 964 893 1130 
2354 866 908 909 
2355 1155 658 1160 
2356 992 823 1128 
2357 737 735 1145 
2358 281 665 1175 
2359 952 962 1141 
2360 894 892 1169 
2361 880 881 1000 
2362 987 1112 1211 
2363 906 1123 1124 
2364 1090 650 1191 
2365 823 811 1128 
2366 871 870 873 
2367 964 1130 1131 
2368 891 1153 1154 
2369 632 983 984 
2370 811 830 1128 
2371 779 796 1132 
2372 1028 899 1125 
2373 910 732 1148 
2374 887 1026 1125 
2375 1089 916 1156 
2376 824 845 1129 
2377 830 890 1128 
2378 1014 935 1159 
2379 895 941 1130 
2380 798 738 1295 
2381 941 1136 1137 
2382 1090 923 1138 
2383 1155 1154 1303 
2384 986 867 1163 
2385 872 874 875 
2386 1019 919 1133 
2387 945 925 1134 
2388 913 915 1156 
2389 1072 998 1323 
2390 828 852 1149 
2391 1012 963 1268 
2392 1028 1125 1126 
2393 825 856 1150 
2394 1048 853 1129 
2395 950 965 1136 
2396 962 1025 1141 
2397 927 930 1134 
2398 1307 985 1308 
2399 802 832 1143 
2400 992 1128 1177 
2401 740 793 1295 
2402 965 952 1141 
2403 941 897 1136 
2404 921 1019 1138 
2405 844 825 1150 
2406 628 870 871 
2407 834 843 1144 
2408 643 242 1218 
2409 853 824 1129 
2410 888 1110 1185 
2411 961 1042 1268 
2412 1006 841 1146 
2413 807 834 1144 
2414 672 675 1164 
2415 918 920 1173 
2416 821 807 1144 
2417 776 724 1158 
2418 796 817 1132 
2419 1128 890 1177 
2420 875 874 954 
2421 1123 815 1132 
2422 1006 1146 1147 
2423 819 844 1161 
2424 735 1109 1145 
2425 916 913 1156 
2426 815 779 1132 
2427 656 1116 1233 
2428 792 697 1140 
2429 935 1111 1159 
2430 845 973 1129 
2431 1069 671 1226 
2432 781 803 1210 
2433 773 737 1145 
2434 640 1154 1263 
2435 898 900 1174 
2436 944 851 1149 
2437 701 699 1172 
2438 817 800 1161 
2439 758 756 1162 
2440 722 720 1171 
2441 800 819 1161 
2442 848 937 1166 
2443 872 871 874 
2444 956 848 1166 
2445 1070 259 1260 
2446 720 728 1171 
2447 1187 1124 1188 
2448 1119 758 1162 
2449 772 701 1172 
2450 1043 931 1178 
2451 756 764 1162 
2452 996 999 1274 
2453 689 1103 1184 
2454 808 670 1164 
2455 646 269 1196 
2456 644 261 1197 
2457 645 277 1198 
2458 1040 977 1289 
2459 649 283 1195 
2460 979 960 1262 
2461 1190 638 1320 
2462 44 642 1200 
2463 33 643 1199 
2464 252 647 1206 
2465 263 638 1202 
2466 271 635 1201 
2467 299 637 1203 
2468 641 293 1213 
2469 635 272 1214 
2470 245 633 1204 
2471 633 34 1205 
2472 699 792 1172 
2473 969 938 1193 
2474 248 640 1182 
2475 40 654 1196 
2476 38 655 1197 
2477 42 657 1198 
2478 284 662 1195 
2479 661 305 1199 
2480 662 285 1200 
2481 654 270 1201 
2482 655 262 1202 
2483 660 298 1203 
2484 670 672 1164 
2485 663 247 1182 
2486 1088 953 1298 
2487 667 244 1204 
2488 246 663 1205 
2489 1164 883 1219 
2490 1120 677 1165 
2491 1127 639 1175 
2492 658 251 1206 
2493 971 906 1187 
2494 1056 874 1170 
2495 947 1090 1191 
2496 1091 1101 1301 
2497 1222 1023 1244 
2498 878 630 1194 
2499 937 1104 1166 
2500 1067 1296 1307 
2501 1154 640 1303 
2502 674 676 1165 
2503 676 847 1165 
2504 1158 722 1171 
2505 41 652 1215 
2506 1106 909 1168 
2507 1131 1130 1183 
2508 908 1034 1168 
2509 677 674 1165 
2510 931 957 1178 
2511 799 1135 1277 
2512 1092 798 1212 
2513 926 924 1207 
2514 1110 767 1185 
2515 975 1053 1289 
2516 1111 665 1159 
2517 681 689 1184 
2518 1148 789 1186 
2519 703 772 1208 
2520 1130 941 1183 
2521 1117 910 1186 
2522 873 968 1170 
2523 1113 1115 1193 
2524 1132 817 1220 
2525 984 996 1176 
2526 909 908 1168 
2527 879 877 1256 
2528 1112 691 1211 
2529 910 1148 1186 
2530 683 681 1184 
2531 1149 1037 1209 
2532 882 878 1194 
2533 1123 1132 1220 
2534 764 754 1216 
2535 1194 989 1235 
2536 1044 992 1177 
2537 691 687 1211 
2538 739 773 1217 
2539 888 1185 1240 
2540 1219 883 1231 
2541 786 707 1223 
2542 805 1059 1270 
2543 906 1124 1187 
2544 1010 947 1191 
2545 269 40 1196 
2546 261 38 1197 
2547 277 42 1198 
2548 262 263 1202 
2549 270 271 1201 
2550 298 299 1203 
2551 283 284 1195 
2552 305 33 1199 
2553 285 44 1200 
2554 871 873 1170 
2555 244 245 1204 
2556 34 246 1205 
2557 293 46 1213 
2558 251 252 1206 
2559 272 273 1214 
2560 813 781 1210 
2561 750 771 1230 
2562 247 248 1182 
2563 941 1137 1183 
2564 944 1149 1209 
2565 890 1160 1177 
2566 1195 662 1294 
2567 273 41 1215 
2568 648 297 1242 
2569 1056 812 1286 
2570 767 1122 1185 
2571 789 821 1186 
2572 705 703 1208 
2573 639 1126 1332 
2574 693 685 1224 
2575 648 1242 1327 
2576 243 667 1218 
2577 790 743 1232 
2578 47 660 1242 
2579 1117 1186 1244 
2580 1199 643 1330 
2581 728 718 1229 
2582 1104 769 1324 
2583 938 1113 1193 
2584 1185 990 1240 
2585 846 987 1316 
2586 989 632 1176 
2587 874 871 1170 
2588 879 1088 1317 
2589 1020 1213 1273 
2590 242 243 1218 
2591 1096 1002 1343 
2592 1010 1302 1313 
2593 754 752 1216 
2594 875 955 1239 
2595 1122 990 1185 
2596 296 648 1255 
2597 275 276 1236 
2598 877 880 1256 
2599 746 784 1265 
2600 1203 1338 1344 
2601 714 729 1247 
2602 741 739 1217 
2603 1242 1157 1327 
2604 1083 944 1209 
2605 632 984 1176 
2606 1191 650 1250 
2607 882 1194 1235 
2608 793 1067 1308 
2609 659 295 1255 
2610 687 693 1211 
2611 769 770 1324 
2612 1293 1068 1321 
2613 1144 1008 1222 
2614 972 1055 1251 
2615 671 669 1226 
2616 979 1262 1297 
2617 707 705 1223 
2618 253 36 1233 
2619 1146 945 1221 
2620 934 936 1225 
2621 1147 1146 1221 
2622 1237 1152 1275 
2623 1203 637 1338 
2624 683 1184 1224 
2625 1124 1123 1220 
2626 1040 1305 1331 
2627 883 1105 1231 
2628 282 649 1267 
2629 771 748 1265 
2630 1027 1200 1315 
2631 939 1030 1328 
2632 39 651 1266 
2633 665 43 1267 
2634 1189 1220 1237 
2635 808 1164 1219 
2636 705 1208 1223 
2637 1161 1152 1237 
2638 292 641 1272 
2639 668 1178 1179 
2640 685 683 1224 
2641 710 785 1282 
2642 303 304 1250 
2643 865 627 1298 
2644 964 1131 1263 
2645 647 253 1233 
2646 997 1074 1323 
2647 889 888 1240 
2648 55 54 1345 
2649 664 291 1272 
2650 1101 847 1276 
2651 1074 1072 1323 
2652 294 659 1273 
2653 255 636 1281 
2654 1186 821 1244 
2655 256 257 1257 
2656 259 260 1260 
2657 656 254 1281 
2658 821 1144 1222 
2659 1181 634 1290 
2660 1189 1237 1275 
2661 730 731 1238 
2662 956 1166 1271 
2663 1166 1104 1324 
2664 752 750 1230 
2665 905 882 1235 
2666 718 716 1229 
2667 838 1001 1276 
2668 1202 638 1241 
2669 1216 752 1230 
2670 56 626 1285 
2671 634 45 1290 
2672 784 745 1279 
2673 1039 1040 1331 
2674 1081 967 1264 
2675 1214 273 1215 
2676 866 940 1280 
2677 743 741 1232 
2678 290 664 1290 
2679 729 712 1282 
2680 1080 794 1249 
2681 942 1038 1243 
2682 1062 799 1277 
2683 266 267 1269 
2684 741 1217 1232 
2685 1046 765 1346 
2686 1154 1153 1263 
2687 933 875 1239 
2688 858 1065 1253 
2689 640 249 1303 
2690 1032 1070 1260 
2691 1152 1151 1241 
2692 986 1300 1314 
2693 297 47 1242 
2694 669 55 1345 
2695 974 1098 1261 
2696 951 949 1245 
2697 946 948 1246 
2698 990 991 1240 
2699 1114 889 1252 
2700 889 1240 1252 
2701 638 264 1320 
2702 1027 978 1294 
2703 304 661 1250 
2704 1151 1150 1254 
2705 279 639 1332 
2706 652 274 1310 
2707 861 862 1309 
2708 863 861 1309 
2709 657 278 1332 
2710 1159 665 1267 
2711 1181 1221 1340 
2712 1137 1136 1259 
2713 1059 905 1342 
2714 1120 1165 1248 
2715 1048 1129 1228 
2716 1046 955 1284 
2717 1142 1049 1236 
2718 1165 847 1248 
2719 716 714 1247 
2720 636 256 1257 
2721 1215 652 1228 
2722 785 709 1305 
2723 1062 1277 1296 
2724 1129 973 1228 
2725 817 1161 1237 
2726 847 775 1276 
2727 1229 716 1247 
2728 260 644 1260 
2729 1035 1088 1258 
2730 1220 817 1237 
2731 1126 657 1332 
2732 1005 979 1297 
2733 1025 1003 1330 
2734 654 1201 1227 
2735 1240 991 1252 
2736 1067 1307 1308 
2737 295 296 1255 
2738 631 1226 1345 
2739 1000 881 1299 
2740 973 972 1251 
2741 1094 1120 1248 
2742 1210 803 1262 
2743 1045 1000 1325 
2744 991 993 1252 
2745 880 1045 1256 
2746 1006 1147 1334 
2747 1039 1331 1347 
2748 1023 1024 1283 
2749 1178 957 1291 
2750 999 998 1253 
2751 868 985 1307 
2752 960 1096 1262 
2753 1041 1039 1347 
2754 989 1176 1235 
2755 995 997 1323 
2756 967 966 1264 
2757 1150 1108 1254 
2758 1179 1178 1291 
2759 1249 1077 1299 
2760 812 1082 1286 
2761 869 1081 1264 
2762 1107 1032 1312 
2763 635 1214 1251 
2764 968 1135 1341 
2765 748 746 1265 
2766 651 266 1269 
2767 1213 46 1273 
2768 1157 1156 1319 
2769 821 1222 1244 
2770 265 39 1266 
2771 1073 1181 1340 
2772 963 961 1268 
2773 642 1179 1291 
2774 1136 965 1259 
2775 43 282 1267 
2776 1153 964 1263 
2777 1126 1125 1339 
2778 769 1104 1318 
2779 1135 1078 1341 
2780 657 1126 1339 
2781 1117 1244 1283 
2782 1104 1016 1318 
2783 1262 803 1297 
2784 986 1163 1300 
2785 1096 1210 1262 
2786 1221 945 1340 
2787 1061 806 1293 
2788 291 292 1272 
2789 46 294 1273 
2790 1233 1116 1292 
2791 647 1233 1292 
2792 1190 1189 1275 
2793 1157 1319 1327 
2794 1160 658 1288 
2795 1089 660 1344 
2796 1002 956 1271 
2797 642 1291 1315 
2798 813 1210 1343 
2799 54 631 1345 
2800 254 255 1281 
2801 1300 1212 1314 
2802 1259 965 1287 
2803 766 769 1346 
2804 1134 1073 1340 
2805 1075 810 1325 
2806 855 1062 1296 
2807 1016 1046 1318 
2808 667 1204 1287 
2809 1116 993 1292 
2810 1243 1038 1306 
2811 658 1206 1288 
2812 712 710 1282 
2813 745 790 1279 
2814 775 838 1276 
2815 1270 1059 1342 
2816 1056 1170 1278 
2817 626 808 1285 
2818 977 975 1289 
2819 738 740 1295 
2820 862 866 1280 
2821 1044 1177 1288 
2822 1088 907 1317 
2823 1280 940 1300 
2824 822 1301 1311 
2825 1095 822 1311 
2826 45 290 1290 
2827 822 1091 1301 
2828 1176 996 1274 
2829 1244 1023 1283 
2830 953 865 1298 
2831 876 879 1317 
2832 954 1056 1286 
2833 955 954 1284 
2834 1005 1297 1328 
2835 915 1117 1283 
2836 1283 1024 1319 
2837 1274 999 1342 
2838 987 1211 1306 
2839 1170 968 1278 
2840 1296 970 1307 
2841 1271 813 1343 
2842 1284 954 1286 
2843 978 1041 1294 
2844 1038 943 1335 
2845 1202 1241 1333 
2846 765 766 1346 
2847 965 1141 1287 
2848 249 35 1303 
2849 957 1118 1291 
2850 993 1044 1292 
2851 985 1036 1308 
2852 1078 1079 1341 
2853 1012 1279 1304 
2854 1236 1049 1310 
2855 943 959 1335 
2856 803 1143 1297 
2857 1211 693 1306 
2858 1036 986 1314 
2859 274 275 1310 
2860 770 813 1324 
2861 881 904 1299 
2862 915 1283 1319 
2863 1304 948 1313 
2864 265 1266 1320 
2865 1163 863 1309 
2866 1177 1160 1288 
2867 1152 1241 1275 
2868 709 786 1305 
2869 905 1235 1274 
2870 660 1203 1344 
2871 1054 846 1316 
2872 1235 1176 1274 
2873 693 1243 1306 
2874 264 265 1320 
2875 275 1236 1310 
2876 948 1010 1313 
2877 970 868 1307 
2878 940 1212 1300 
2879 1291 1118 1315 
2880 904 1249 1299 
2881 1108 1107 1312 
2882 278 279 1332 
2883 1035 1293 1321 
2884 1241 1151 1333 
2885 1200 642 1315 
2886 1034 1035 1321 
2887 1035 1258 1293 
2888 936 1014 1347 
2889 1331 936 1347 
2890 1118 1027 1315 
2891 1003 1018 1330 
2892 1319 1024 1327 
2893 1258 1061 1293 
2894 998 995 1323 
2895 1156 915 1319 
2896 1143 939 1328 
2897 1163 1280 1300 
2898 1297 1143 1328 
2899 1007 1006 1334 
2900 1338 1013 1344 
2901 1151 1254 1333 
2902 1013 1089 1344 
2903 1133 1013 1338 
2904 1228 973 1337 
2905 1212 798 1314 
2906 1010 1191 1336 
2907 1246 948 1304 
2908 1125 1026 1339 
2909 973 1251 1337 
2910 945 1134 1340 
2911 1215 1228 1337 
2912 655 1202 1333 
2913 1214 1215 1337 
2914 1251 1214 1337 
2915 1254 655 1333 
2916 1226 669 1345 
2917 769 1318 1346 
2918 1210 1096 1343 
2919 1225 936 1331 
2920 1002 1271 1343 
2921 862 1280 1309 
2922 1250 661 1336 
2923 1316 1038 1335 
2924 1280 1163 1309 
2925 1191 1250 1336 
2926 999 1270 1342 
2927 1079 1278 1341 
2928 1302 1010 1336 
2929 1278 968 1341 
2930 661 1302 1336 
2931 905 1274 1342 
2932 1054 1316 1335 
2933 1318 1046 1346 
2 9 2 64
2934 1352 1349 1362 
2935 1349 1360 1362 
2936 1349 1352 1368 
2937 1356 1351 1357 
2938 1354 1356 1357 
2939 59 60 1353 
2940 63 64 1354 
2941 53 54 1349 
2942 57 58 1350 
2943 55 56 1355 
2944 49 50 1351 
2945 51 52 1352 
2946 61 62 1348 
2947 1360 1349 1371 
2948 1359 1357 1360 
2949 1357 1351 1362 
2950 1362 1351 1367 
2951 1361 1355 1363 
2952 1350 1361 1363 
2953 1354 1357 1358 
2954 1352 1362 1367 
2955 1359 1360 1361 
2956 1358 1357 1359 
2957 1350 58 1366 
2958 59 1353 1366 
2959 1352 52 1368 
2960 64 49 1356 
2961 60 61 1364 
2962 49 1351 1356 
2963 1351 50 1367 
2964 55 1355 1369 
2965 1355 56 1363 
2966 62 63 1365 
2967 1348 62 1365 
2968 63 1354 1365 
2969 1349 54 1369 
2970 50 51 1367 
2971 51 1352 1367 
2972 52 53 1368 
2973 53 1349 1368 
2974 54 55 1369 
2975 56 57 1363 
2976 57 1350 1363 
2977 1354 64 1356 
2978 61 1348 1364 
2979 58 59 1366 
2980 1353 60 1364 
2981 1360 1357 1362 
2982 1358 1359 1372 
2983 1355 1361 1371 
2984 1361 1360 1371 
2985 1358 1348 1365 
2986 1354 1358 1365 
2987 1359 1370 1372 
2988 1370 1353 1372 
2989 1348 1358 1372 
2990 1361 1350 1370 
2991 1359 1361 1370 
2992 1366 1353 1370 
2993 1350 1366 1370 
2994 1369 1355 1371 
2995 1349 1369 1371 
2996 1364 1348 1372 
2997 1353 1364 1372 
$EndElements
